FB_Name,SC_Name,analysis_position_code,analysis_position_jp,raw_aerial_duel_win_rate_pct,raw_tackle_win_rate_pct,raw_interceptions_per90,raw_blocks_per90,raw_clearances_per90,raw_pass_success_rate_pct,raw_successful_forward_passes_per90,raw_successful_long_passes_per90,raw_medaccel_count_full_all_per_match,raw_highaccel_count_full_all_per_match,win_aerial_duel_win_rate_pct,win_tackle_win_rate_pct,win_interceptions_per90,win_blocks_per90,win_clearances_per90,win_pass_success_rate_pct,win_successful_forward_passes_per90,win_successful_long_passes_per90,win_medaccel_count_full_all_per_match,win_highaccel_count_full_all_per_match,z_aerial_duel_win_rate_pct,z_tackle_win_rate_pct,z_interceptions_per90,z_blocks_per90,z_clearances_per90,z_pass_success_rate_pct,z_successful_forward_passes_per90,z_successful_long_passes_per90,z_medaccel_count_full_all_per_match,z_highaccel_count_full_all_per_match,imputed_aerial_duel_win_rate_pct,imputed_tackle_win_rate_pct,imputed_interceptions_per90,imputed_blocks_per90,imputed_clearances_per90,imputed_pass_success_rate_pct,imputed_successful_forward_passes_per90,imputed_successful_long_passes_per90,imputed_medaccel_count_full_all_per_match,imputed_highaccel_count_full_all_per_match
温井　駿斗,Hayato Nukui,CB,センターバック,49.07222222222223,58.53414634146341,0.0,1.6781954887218045,2.1924812030075187,83.32442316064433,20.167227067669177,4.845464661654136,99.80357142857143,4.303571428571429,49.07222222222223,58.53414634146341,0.0,1.6781954887218045,2.1924812030075187,83.32442316064433,20.167227067669177,4.845464661654136,99.80357142857143,4.303571428571429,-0.9320619381210706,-0.36622826889970383,-0.9645064480379035,-0.6487004184456124,-1.695222326055664,0.7808538637302995,2.0377317286278394,1.169470160916744,0.6110552236612073,-0.3617889214767697,0,0,0,0,0,0,0,0,0,0
黒木　謙吾,Kengo  Kuroki,CB,センターバック,63.06193181818182,78.72340425531915,0.0,2.1972098922003807,4.4514901712111605,76.02378908645004,12.698075459733673,2.967574508560558,108.92063492063492,5.682539682539683,63.06193181818182,78.72340425531915,0.0,2.1972098922003807,4.4514901712111605,76.02378908645004,12.698075459733673,2.967574508560558,108.92063492063492,5.682539682539683,0.4676295584319443,1.269070340901531,-0.9645064480379035,0.16842972807293569,0.270415499429895,-0.45123044821281627,-0.09610538295583758,-0.14661813462196782,1.1340172340601344,0.9236987868746002,0,0,0,0,0,0,0,0,0,0
蓑田　広大,Kodai  Minoda,CB,センターバック,56.314942528735635,65.07777777777778,0.029116790682626983,2.8825622775800714,4.018117114202523,72.09248305606901,12.753474603688126,3.698065351019088,98.58620689655173,5.551724137931035,56.314942528735635,65.07777777777778,0.029116790682626983,2.8825622775800714,4.018117114202523,72.09248305606901,12.753474603688126,3.698065351019088,98.58620689655173,5.551724137931035,-0.2074168727319704,0.1637957387441171,-0.6615513874895855,1.2474404286020968,-0.10667661724278896,-1.1146934346129918,-0.08027858554629173,0.36533430635234576,0.5412262262425133,0.8017512553257131,0,0,0,0,0,0,0,0,0,0
鈴木　順也,Junya Suzuki,CB,センターバック,54.839247311827954,57.57424242424243,0.13215859030837004,1.9030837004405285,3.4889867841409687,85.35242862439748,15.991400881057267,4.018044052863436,99.83333333333333,4.722222222222222,54.839247311827954,57.57424242424243,0.13215859030837004,1.9030837004405285,3.4889867841409687,85.35242862439748,15.991400881057267,4.018044052863436,99.83333333333333,4.722222222222222,-0.35506239978466825,-0.44397899892019366,0.41058032458302257,-0.2946390741738814,-0.5670902791715938,1.1231082064396938,0.8447538167792491,0.5895860942565941,0.6127623901804635,0.02848144753350218,0,0,0,0,0,0,0,0,0,0
辻岡　佑真,Yuma  Tsujioka,CB,センターバック,66.84145077720207,75.86551724137931,0.14807502467917077,2.6949654491609083,4.4422507403751235,72.60236432025793,13.862102665350443,5.537324777887463,113.44067796610169,6.322033898305085,66.84145077720207,75.86551724137931,0.14807502467917077,2.6949654491609083,4.4422507403751235,72.60236432025793,13.862102665350443,5.537324777887463,113.44067796610169,6.322033898305085,0.8457761176378207,1.037585920780401,0.5761880109203897,0.952090197731494,0.26237596749668896,-1.0286438257466246,0.2364416827107878,1.6543488955033887,1.3932904967948636,1.5198415563419736,0,0,0,0,0,0,0,0,0,0
鈴木　大誠,Daisei Suzuki,CB,センターバック,59.998,59.45945945945946,0.08530805687203792,1.9905213270142181,3.9526066350710902,82.84752783964365,14.503905213270142,6.454151658767772,112.06896551724138,5.620689655172414,59.998,59.45945945945946,0.08530805687203792,1.9905213270142181,3.9526066350710902,82.84752783964365,14.503905213270142,6.454151658767772,112.06896551724138,5.620689655172414,0.16107856947032176,-0.2912793400214755,-0.07689119481055684,-0.15697830766233645,-0.16367943465471999,0.7003710950457366,0.4197961206639558,2.2968918711796196,1.314607980152341,0.8660415857657119,0,0,0,0,0,0,0,0,0,0
附木　雄也,Yuya Tsukegi,CB,センターバック,60.54495412844037,63.63636363636363,0.03571428571428571,1.5,3.357142857142857,86.44141090242785,18.714214285714288,6.68,108.98275862068965,4.568965517241379,60.54495412844037,63.63636363636363,0.03571428571428571,1.5,3.357142857142857,86.44141090242785,18.714214285714288,6.68,108.98275862068965,4.568965517241379,0.21580215306805817,0.04704342661556137,-0.5929056178177247,-0.9292492911402462,-0.6818120060951156,1.3068892269797996,1.6226253336195087,2.4551739506574366,1.137580698886536,-0.11438595344427387,0,0,0,0,0,0,0,0,0,0
加藤　大育,Daisuke Kato,CB,センターバック,57.822891566265056,54.54545454545454,0.30077979948013367,2.3393984404010397,3.5425176383215744,76.17092846270928,13.569279613813592,1.604025250649833,106.57142857142857,6.875,57.822891566265056,54.54545454545454,0.30077979948013367,2.3393984404010397,3.5425176383215744,76.17092846270928,13.569279613813592,1.604025250649833,106.57142857142857,6.875,-0.05654430239106629,-0.6893061243003432,2.165054201569841,0.39228969890563364,-0.5205113265029718,-0.42639861644098204,0.15278603782701497,-1.1022391094540227,0.9992648901401494,2.035321970643195,0,0,0,0,0,0,0,0,0,0
杉山　耕二,Koji  Sugiyama,CB,センターバック,66.23441558441559,60.004000000000005,0.0590744995077125,1.9494584837545126,4.430587463078438,80.83399357601714,12.939058089924515,3.6334952412208725,105.0925925925926,5.925925925925926,66.23441558441559,60.004000000000005,0.0590744995077125,1.9494584837545126,4.430587463078438,80.83399357601714,12.939058089924515,3.6334952412208725,105.0925925925926,5.925925925925926,0.7850413331432908,-0.2471723999483967,-0.3498467223044932,-0.22162716307826594,0.2522273672271988,0.3605589701587695,-0.027259855841092626,0.32008141144414903,0.9144376826499792,1.150585826046448,0,0,0,0,0,0,0,0,0,0
秋山　拓也,Takuya Akiyama,CB,センターバック,76.62532467532468,70.58823529411765,0.07755277897457992,1.3959500215424385,5.506247307195175,65.10365198711064,10.970305902628176,2.985898319689789,93.07272727272728,4.290909090909091,76.62532467532468,70.58823529411765,0.07755277897457992,1.3959500215424385,5.506247307195175,65.10365198711064,10.970305902628176,2.985898319689789,93.07272727272728,4.290909090909091,1.8246674237521618,0.6101342596689007,-0.15758349055849755,-1.0930643482416211,1.1881942919769888,-2.2941566197794874,-0.5897061283603398,-0.1337761942576098,0.22496865154439527,-0.37359287662736057,0,0,0,0,0,0,0,0,0,0
川上　竜,Ryu Kawakami,CB,センターバック,57.756034482758636,69.23076923076923,0.15375854214123008,1.5888382687927107,2.4601366742596813,82.83208955223881,21.375820045558086,5.946611617312072,101.88235294117646,5.098039215686274,57.756034482758636,69.23076923076923,0.15375854214123008,1.5888382687927107,2.4601366742596813,82.83208955223881,21.375820045558086,5.946611617312072,101.88235294117646,5.098039215686274,-0.0632334542012867,0.5001816117945793,0.6353240055296091,-0.7893833700627046,-1.462326518249386,0.6977656676922414,2.383010641734761,1.941190816473789,0.7302957839532799,0.3788217286076796,0,0,0,0,0,0,0,0,0,0
甲斐　健太郎,Kentaro Kai,CB,センターバック,57.88304093567251,65.88352941176471,0.3625045770779934,2.24093738557305,4.4818747711461,77.18948306595365,16.11692054192603,4.5815635298425486,96.75555555555556,4.666666666666667,57.88304093567251,65.88352941176471,0.3625045770779934,2.24093738557305,4.4818747711461,77.18948306595365,16.11692054192603,4.5815635298425486,96.75555555555556,4.666666666666667,-0.05052626747010153,0.2290603726660806,2.8072896023844165,0.23727377715330603,0.29685413680806216,-0.2545032530025223,0.8806131117372743,0.9845194117025319,0.4362186098690788,-0.023307985320941315,0,0,0,0,0,0,0,0,0,0
山田　将之,Masayuki Yamada,CB,センターバック,64.23357664233576,57.15238095238095,0.20323673315769664,2.43884079789236,4.606699284907791,86.8730828615543,21.238780579601052,1.9985961610839293,90.73584905660377,4.452830188679245,64.23357664233576,57.15238095238095,0.20323673315769664,2.43884079789236,4.606699284907791,86.8730828615543,21.238780579601052,1.9985961610839293,90.73584905660377,4.452830188679245,0.5848543861597668,-0.47814912450912483,1.150135837595933,0.5488505719804915,0.4054680419546764,1.3797399195827078,2.3438602919279568,-0.8257106042446497,0.09092345913948785,-0.2226484438550268,0,0,0,0,0,0,0,0,0,0
白井　達也,Tatsuya Shirai,CB,センターバック,57.49375,60.0,0.0,1.4463111760409055,4.7991234477720965,81.74993141289437,10.980920379839299,2.7610737764791815,93.66666666666667,4.791666666666667,57.49375,60.0,0.0,1.4463111760409055,4.7991234477720965,81.74993141289437,10.980920379839299,2.7610737764791815,93.66666666666667,4.791666666666667,-0.0894754113825208,-0.2474963937508001,-0.9645064480379035,-1.0137763414380214,0.5729026198546685,0.5151363161896478,-0.5866737136254335,-0.29134076180267077,0.2590374873905044,0.09321823860155697,0,0,0,0,0,0,0,0,0,0
山本　義道,Norimichi Yamamoto,CB,センターバック,64.27678571428572,56.519565217391296,0.07383100902379,1.070549630844955,3.8022969647251843,82.6737246680643,14.840992616899099,3.0637284659557014,111.8913043478261,6.565217391304348,64.27678571428572,56.519565217391296,0.07383100902379,1.070549630844955,3.8022969647251843,82.6737246680643,14.840992616899099,3.0637284659557014,111.8913043478261,6.565217391304348,0.5891775188286374,-0.5294062185590614,-0.1963078490593549,-1.60537087990188,-0.29446881076026166,0.6710393741441505,0.5160975012580588,-0.07923022181513706,1.3044171942256968,1.7465395896178728,0,0,0,0,0,0,0,0,0,0
大野　佑哉,Yuya  Ono,CB,センターバック,58.950526315789475,65.628125,0.0,2.2529644268774702,5.296442687747036,83.44902962206334,8.578893280632412,1.9760474308300398,105.36585365853658,5.341463414634147,58.950526315789475,65.628125,0.0,2.2529644268774702,5.296442687747036,83.44902962206334,8.578893280632412,1.9760474308300398,105.36585365853658,5.341463414634147,0.05627725114445975,0.20837301103654282,-0.9645064480379035,0.25620900892606185,1.0056364085185603,0.8018829503439915,-1.2729008564607434,-0.8415135093919589,0.9301121546479224,0.605744150325716,0,0,0,0,0,0,0,0,0,0
野々村　鷹人,Takato Nonomura,CB,センターバック,67.73410138248848,59.45945945945946,0.0818926296633303,2.8662420382165603,4.422202001819836,76.05244407622203,12.48817561419472,2.293157415832575,101.96,5.26,67.73410138248848,59.45945945945946,0.0818926296633303,2.8662420382165603,4.422202001819836,76.05244407622203,12.48817561419472,2.293157415832575,101.96,5.26,0.9350871539421867,-0.2912793400214755,-0.11242811122730234,1.2217460365140473,0.24493090224363648,-0.4463945171144808,-0.15607097257525857,-0.6192722143019493,0.7347496809804603,0.5298031575645167,0,0,0,0,0,0,0,0,0,0
野澤　陸,Riku Nozawa,CB,センターバック,63.28860759493672,73.34333333333333,0.278853601859024,2.09140201394268,4.601084430673896,80.03128430296377,16.035127807900853,7.530023237800155,91.54166666666667,4.291666666666667,63.28860759493672,73.34333333333333,0.278853601859024,2.09140201394268,4.601084430673896,80.03128430296377,16.035127807900853,7.459544677891115,91.54166666666667,4.291666666666667,0.49030881099412904,0.8332929320985338,1.9369159908617113,0.0018470542895855258,0.4005823730520391,0.22509053107124216,0.8572460172555678,3.0015049619425613,0.13714579791558587,-0.37288665708843616,0,0,0,0,0,0,0,0,0,0
大嶋　春樹,Haruki Oshima,CB,センターバック,60.41006711409397,72.73030303030303,0.3331790837575197,2.124016658954188,4.7061545580749655,82.99567486950036,12.077491901897272,2.457528921795465,101.77777777777777,4.777777777777778,60.41006711409397,72.73030303030303,0.3331790837575197,2.124016658954188,4.7061545580749655,82.99567486950036,12.077491901897272,2.457528921795465,101.77777777777777,4.777777777777778,0.20230650430701425,0.7836384273817716,2.502163027778295,0.053195166169112504,0.49200733844841876,0.7253729824835167,-0.2733978381180869,-0.5040751593722668,0.7242972694385589,0.08027088038794568,0,0,0,0,0,0,0,0,0,0
大森　博,Hiroshi  Omori,CB,センターバック,60.81891891891892,47.82608695652174,0.07194244604316546,2.446043165467626,5.107913669064748,90.22122416534181,29.637769784172658,1.8705035971223023,103.74,6.02,60.81891891891892,47.82608695652174,0.07194244604316546,2.446043165467626,5.107913669064748,88.83761591807635,23.452480465116285,1.8705035971223023,103.74,6.02,0.2432127426129982,-1.2335644880207934,-0.21595801306200374,0.5601898944205097,0.8415911233782085,1.7112824040622647,2.976284858675582,-0.9154821619141577,0.8368518961641569,1.2382825990133062,0,0,0,0,0,0,0,0,0,0
深川　大輔,Daisuke  Fukagawa,CB,センターバック,66.66021505376344,57.45319148936171,0.12391005048187241,2.4368976594768244,3.634694814134924,75.99626666666666,7.766062413951353,3.139013308857274,90.88636363636364,4.454545454545454,66.66021505376344,57.45319148936171,0.12391005048187241,2.4368976594768244,3.634694814134924,75.99626666666666,7.766062413951353,3.139013308857274,90.88636363636364,4.454545454545454,0.8276432107873488,-0.45378393708930426,0.3247557256493621,0.5457913178103747,-0.4403049413245933,-0.45587524225360765,-1.5051158066730306,-0.026468083193233967,0.09955709510068225,-0.22104945621972694,0,0,0,0,0,0,0,0,0,0
澤田　雄大,Yudai Sawada,CB,センターバック,48.93617021276596,62.8,0.21251475796930341,3.0283353010625738,4.250295159386068,83.40649558941459,12.27198347107438,5.206558441558442,115.8,7.0285714285714285,48.93617021276596,62.8,0.21251475796930341,3.0283353010625738,4.250295159386068,83.40649558941459,12.27198347107438,5.206558441558442,115.8,7.0285714285714285,-0.9456741463959224,-0.0207007320687018,1.2466720458342349,1.4769437549806406,0.0953491180613883,0.7947047362577061,-0.21783418778873326,1.4225367721564948,1.528623084431224,2.1784827600336927,0,0,0,0,0,0,0,0,0,0
畑尾　大翔,Hiroto Hatao,CB,センターバック,58.53821138211382,60.0,0.07901668129938542,1.106233538191396,3.555750658472344,87.05982203969883,12.801057945566285,3.63472783143108,77.95348837209302,3.744186046511628,58.53821138211382,60.0,0.07901668129938542,1.106233538191396,3.555750658472344,87.05982203969883,12.801057945566285,3.63472783143108,77.95348837209302,3.744186046511628,0.015024521585705409,-0.2474963937508001,-0.14235184561924621,-1.5491905576547051,-0.5089968414699844,1.4112547728788476,-0.06668465866911939,0.32094525193352863,-0.6422829123018258,-0.8832534517877506,0,0,0,0,0,0,0,0,0,0
常田　克人,Masato Tokida,CB,センターバック,72.37368421052632,55.17931034482759,0.11925795053003535,2.1068904593639575,5.207597173144877,79.45448275862068,13.953975265017666,3.816969964664312,106.63157894736842,7.421052631578948,72.37368421052632,55.17931034482759,0.11925795053003535,2.1068904593639575,5.207597173144877,79.45448275862068,13.953975265017666,3.816969964664312,106.63157894736842,7.035380952380953,1.3992843974527673,-0.6379647866468264,0.2763514479270048,0.026231879819683758,0.9283290110779892,0.12774718710038227,0.2626884605241219,0.44866664080558116,1.0027151635264366,2.1848306648035662,0,0,0,0,0,0,0,0,0,0
二階堂　正哉,Seiya Nikaido,CB,センターバック,57.51592920353982,70.37777777777778,0.0,1.8078175895765471,4.348534201954397,86.49421364985163,15.099674267100976,4.34799674267101,89.375,4.3,57.51592920353982,70.37777777777778,0.0,1.8078175895765471,4.348534201954397,86.49421364985163,15.099674267100976,4.34799674267101,89.375,4.3,-0.08725634869347314,0.5930875269280891,-0.9645064480379035,-0.4446249138862289,0.18083013240430507,1.3158004305913185,0.5899994026065365,0.8208279868784276,0.012864075313707882,-0.36511824216027006,0,0,0,0,0,0,0,0,0,0
江川　慶城,Genki Egawa,CB,センターバック,63.041304347826085,59.09090909090909,0.0,1.9883720930232558,5.337209302325582,81.63008631319359,8.894982558139535,2.511627906976744,85.26086956521739,4.413043478260869,63.041304347826085,59.09090909090909,0.0,1.9883720930232558,5.337209302325582,81.63008631319359,8.894982558139535,2.511627906976744,85.26086956521739,4.413043478260869,0.4655657489829863,-0.32113134884239036,-0.9645064480379035,-0.16036203627211518,1.041108777491182,0.4949107760921751,-1.1825983607660817,-0.46616077919389853,-0.22312571735256667,-0.259738004873837,0,0,0,0,0,0,0,0,0,0
冨田　康平,Kohei Tomita,CB,センターバック,56.23125,73.91304347826086,0.0,4.649446494464945,4.649446494464945,80.46206896551725,12.452546125461254,1.6615129151291512,114.66666666666667,6.444444444444445,56.23125,73.91304347826086,0.0,4.200380677809539,4.649446494464945,80.46206896551725,12.452546125461254,1.6615129151291512,114.66666666666667,6.444444444444445,-0.2157904361710654,0.8794385711291919,-0.9645064480379035,3.322198152563399,0.44266379160516,0.2977914799427859,-0.16624984285624847,-1.0619498293625065,1.4636141833779346,1.6339538660212565,0,0,0,0,0,0,0,0,0,0
雪江　悠人,Hiroto Yukie,CB,センターバック,50.003846153846155,88.88888888888889,0.6691449814126393,2.007434944237918,1.3382899628252787,57.607373271889394,4.851133828996283,0.8365985130111524,86.44,5.22,50.003846153846155,88.88888888888889,0.4728078817733996,2.007434944237918,1.4153112802528252,59.23583410138249,4.851133828996283,0.8365985130111524,86.44,5.22,-0.8388515618702368,2.092458845826407,3.954975991208001,-0.130349708479865,-2.371463376223378,-3.2844331202686248,-2.3378720711977565,-1.640077462472638,-0.1554898581492974,0.49251476590931725,0,0,0,0,0,0,0,0,0,0
奥田　雄大,Yudai Okuda,CB,センターバック,60.9,60.002857142857145,0.08928571428571427,1.830357142857143,3.705357142857143,75.65321188878235,12.634107142857143,2.9012946428571427,84.11111111111111,5.5777777777777775,60.9,60.002857142857145,0.08928571428571427,1.830357142857143,3.705357142857143,75.65321188878235,12.634107142857143,2.9012946428571427,84.11111111111111,5.5777777777777775,0.25132502678459323,-0.24726496960622635,-0.03550437248745655,-0.4091389074263019,-0.37881933054203054,-0.5137705436305677,-0.11438027891211493,-0.19306928371524276,-0.2890767763921359,0.8260387134919345,0,0,0,0,0,0,0,0,0,0
中村　勇太,Yuta Nakamura,CB,センターバック,58.43766233766233,57.99799999999999,0.0634920634920635,1.7142857142857144,2.984126984126984,84.8207451701932,18.224031746031745,4.0962539682539685,102.15151515151516,4.2727272727272725,58.43766233766233,57.99799999999999,0.0634920634920635,1.7142857142857144,2.984126984126984,84.8207451701932,18.224031746031745,4.0962539682539685,102.15151515151516,4.2727272727272725,0.00496443838384043,-0.40965529185350136,-0.30388274986869657,-0.591880393596066,-1.0063853565451442,1.033379172469846,1.4825867121630008,0.6443982216171786,0.7457351423349207,-0.3905421455615425,0,0,0,0,0,0,0,0,0,0
菊地　脩太,Shuta Kikuchi,CB,センターバック,,,,,,,,,98.73684210526316,4.7894736842105265,58.861702127659576,63.63636363636363,0.07755277897457992,2.09140201394268,4.093150684931507,79.83165957446809,12.705140186915887,3.006826722338205,98.73684210526316,4.7894736842105265,0.04739025746093463,0.04704342661556137,-0.15758349055849755,0.0018470542895855258,-0.04138744536162603,0.19140106057376724,-0.09408708451500698,-0.11910886894865753,0.5498667815762751,0.09117391888361834,1,1,1,1,1,1,1,1,0,0
宮部　大己,Taiki Miyabe,CB,センターバック,67.44651162790699,69.99499999999999,0.06254343293954134,2.9395413481584436,3.3773453787352326,85.06695652173913,10.94728978457262,2.31416956219597,80.61702127659575,4.9787234042553195,67.44651162790699,69.99499999999999,0.06254343293954134,2.9395413481584436,3.3773453787352326,85.06695652173913,10.94728978457262,2.31416956219597,80.61702127659575,4.9787234042553195,0.9063133662361332,0.5620831200036901,-0.3137530830936015,1.3371476043146449,-0.6642331291755876,1.0749307884773258,-0.5962815266718908,-0.6045461985936,-0.4895005472656494,0.26759436092529554,0,0,0,0,0,0,0,0,0,0
工藤　孝太,Kota Kudo,CB,センターバック,69.94404145077719,70.37592592592593,0.1388888888888889,1.5277777777777777,4.722222222222222,77.9300880372864,14.444722222222222,3.138388888888889,99.625,5.166666666666667,69.94404145077719,70.37592592592593,0.1388888888888889,1.5277777777777777,4.722222222222222,77.9300880372864,14.444722222222222,3.138388888888889,99.625,5.166666666666667,1.1561949832547316,0.5929375297973468,0.48060789170723645,-0.8855162859030379,0.5059883402326485,-0.12951578516715384,0.40288832854759193,-0.026905697614150948,0.6008122245456679,0.44279691036905183,0,0,0,0,0,0,0,0,0,0
市原　亮太,Ryota  Ichihara,CB,センターバック,62.4985576923077,64.0703125,0.11399620012666245,1.9949335022165928,3.448385053831539,71.80602923264311,13.310766307789743,2.7361937935402154,109.42307692307692,6.038461538461538,62.4985576923077,64.0703125,0.11399620012666245,1.9949335022165928,3.448385053831539,71.80602923264311,13.310766307789743,2.7361937935402154,109.42307692307692,6.038461538461538,0.4112631293824281,0.082192612210063,0.2216038650144723,-0.15003183113795082,-0.6024191769315006,-1.163036531712832,0.07893223016754676,-0.3087774868875935,1.1628377067852242,1.2554926259310908,0,0,0,0,0,0,0,0,0,0
金浦　真樹,Masaki Kaneura,CB,センターバック,40.826530612244895,69.23076923076923,0.0,2.058613295210865,3.1522516082916368,81.12146542827658,17.629771265189422,6.369092208720513,78.41304347826087,3.1956521739130435,40.826530612244895,69.23076923076923,0.0,2.058613295210865,3.1522516082916368,81.12146542827658,17.629771265189422,6.369092208720513,78.41304347826087,3.1956521739130435,-1.75705579167591,0.5001816117945793,-0.9645064480379035,-0.04977511719912806,-0.860094604580412,0.40907387389104266,1.3128144094262775,2.2372793605928094,-0.6159224660441197,-1.394602098727733,0,0,0,0,0,0,0,0,0,0
佐藤　喜生,Yoshiki Sato,CB,センターバック,,,,,,,,,98.25,6.083333333333333,58.861702127659576,63.63636363636363,0.07755277897457992,2.09140201394268,4.093150684931507,79.83165957446809,12.705140186915887,3.006826722338205,98.25,6.083333333333333,0.04739025746093463,0.04704342661556137,-0.15758349055849755,0.0018470542895855258,-0.04138744536162603,0.19140106057376724,-0.09408708451500698,-0.11910886894865753,0.5219411313560147,1.297322552467372,1,1,1,1,1,1,1,1,0,0
加藤　徹也,Tetsuya Kato,CB,センターバック,59.545505617977526,67.68383838383839,0.23203351595230423,2.9874315178859168,2.6973896229455363,75.22681528662422,12.705140186915887,3.2192039961327747,108.44444444444444,5.925925925925926,59.545505617977526,67.68383838383839,0.23203351595230423,2.9874315178859168,2.6973896229455363,75.22681528662422,12.705140186915887,3.2192039961327747,108.44444444444444,5.925925925925926,0.11580582564311707,0.3748826100066766,1.4497612726320308,1.412545321880731,-1.2558849428909031,-0.585730945815616,-0.09408708451500698,0.029732235425313468,1.106702569752029,1.150585826046448,0,0,0,0,0,0,0,0,0,0
宗近　慧,Kei Munechika,CB,センターバック,69.4562874251497,72.88305084745762,0.12064343163538874,1.779490616621984,4.916219839142092,79.07412541254126,13.753140080428953,2.533632707774799,101.33333333333333,5.833333333333333,69.4562874251497,72.88305084745762,0.12064343163538874,1.779490616621984,4.916219839142092,79.07412541254126,13.753140080428953,2.533632707774799,101.33333333333333,5.833333333333333,1.107394459026732,0.79601076390394,0.2907671339391081,-0.4892225655229713,0.6747920321343166,0.06355655457802946,0.20531252378026893,-0.45073907802129654,0.6988035827509943,1.0642701046223755,0,0,0,0,0,0,0,0,0,0
千布　一輝,Kazuki Chibu,CB,センターバック,,,,,,,,,108.5,5.055555555555555,58.861702127659576,63.63636363636363,0.07755277897457992,2.09140201394268,4.093150684931507,79.83165957446809,12.705140186915887,3.006826722338205,108.5,5.055555555555555,0.04739025746093463,0.04704342661556137,-0.15758349055849755,0.0018470542895855258,-0.04138744536162603,0.19140106057376724,-0.09408708451500698,-0.11910886894865753,1.1098892805879748,0.339218044660164,1,1,1,1,1,1,1,1,0,0
池ヶ谷　颯斗,Hayato Ikegaya,CB,センターバック,55.62625,69.84761904761905,0.03063308373042886,2.69571136827774,3.0020422055820286,80.43086956521739,14.120258679373723,1.470510551395507,98.4,5.0,55.62625,69.84761904761905,0.03063308373042886,2.69571136827774,3.0020422055820286,80.43086956521739,14.120258679373723,1.470510551395507,98.4,5.0,-0.2763215965647844,0.550145491212771,-0.6457746263378182,0.9532645639786397,-0.9907967345256448,0.2925261439102131,0.3101934168054785,-1.1958106810827032,0.5305452506130681,0.2874286118057205,0,0,0,0,0,0,0,0,0,0
マテイ　ヨニッチ,Matej Jonjić,CB,センターバック,,,,,,,,,103.03030303030303,5.2727272727272725,58.861702127659576,63.63636363636363,0.07755277897457992,2.09140201394268,4.093150684931507,79.83165957446809,12.705140186915887,3.006826722338205,103.03030303030303,5.2727272727272725,0.04739025746093463,0.04704342661556137,-0.15758349055849755,0.0018470542895855258,-0.04138744536162603,0.19140106057376724,-0.09408708451500698,-0.11910886894865753,0.7961431137398779,0.5416676458184437,1,1,1,1,1,1,1,1,0,0
大畑　隆也,Ryuya Ohata,CB,センターバック,,,,,,,,,105.60606060606061,5.333333333333333,58.861702127659576,63.63636363636363,0.07755277897457992,2.09140201394268,4.093150684931507,79.83165957446809,12.705140186915887,3.006826722338205,105.60606060606061,5.333333333333333,0.04739025746093463,0.04704342661556137,-0.15758349055849755,0.0018470542895855258,-0.04138744536162603,0.19140106057376724,-0.09408708451500698,-0.11910886894865753,0.9438906161337186,0.5981652089323823,1,1,1,1,1,1,1,1,0,0
篠﨑　輝和,Terukazu Shinozaki,CB,センターバック,55.55555555555556,100.0,0.5,0.5,4.0,88.48992805755395,16.5,8.0,106.06060606060606,6.121212121212121,55.55555555555556,100.0,0.4728078817733996,0.5,4.0,88.48992805755395,16.5,7.459544677891115,106.06060606060606,6.121212121212121,-0.2833946821112494,2.992441630279179,3.954975991208001,-2.5036374796797527,-0.12244091276634302,1.6526052050615752,0.9900538095877678,3.0015049619425613,0.9699637047914551,1.3326335294135838,0,0,0,0,0,0,0,0,0,0
沼田　航征,Kosei Numata,CB,センターバック,43.480434782608704,68.19090909090909,0.0749375520399667,2.0233139050791005,1.4987510407993339,82.65072324011572,12.139508742714407,6.220416319733555,78.3265306122449,3.489795918367347,43.480434782608704,68.19090909090909,0.0749375520399667,2.0233139050791005,1.4987510407993339,82.65072324011572,12.139508742714407,6.220416319733555,78.3265306122449,3.489795918367347,-1.4915286858811159,0.41595455162442946,-0.184794464561758,-0.10535006008522597,-2.2988597027593913,0.667157560833181,-0.25568045287473695,2.133082319566631,-0.6208849128205927,-1.1203984200742587,0,0,0,0,0,0,0,0,0,0
鈴木　俊也,Shunya Suzuki,CB,センターバック,0.0,50.0,0.0,7.5,11.25,77.29545454545456,18.75,0.0,92.97058823529412,6.117647058823529,20.779675675675676,50.0,0.0,4.200380677809539,9.428698224852111,77.29545454545456,18.75,0.0,92.97058823529412,6.117647058823529,-3.7627737942462915,-1.057480899758295,-0.9645064480379035,3.322198152563399,4.601247538280868,-0.23661908074028215,1.6328488354595643,-2.226393711708651,0.21910987515189173,1.3293101433480576,0,0,0,0,0,0,0,0,0,0
市原　吏音,Rion Ichihara,CB,センターバック,71.9474820143885,52.628947368421066,0.13358070500927643,1.7031539888682745,4.441558441558442,81.07316176470587,14.827424860853435,3.439636363636364,108.04545454545455,5.181818181818182,71.9474820143885,52.628947368421066,0.13358070500927643,1.7031539888682745,4.441558441558442,81.07316176470587,14.827424860853435,3.439636363636364,108.04545454545455,5.181818181818182,1.3566422263873563,-0.8445402362052709,0.42537717668172637,-0.6094060506113484,0.26177357558069303,0.40092195373040734,0.5122213741032168,0.18421861917435536,1.0838161919302383,0.45692130114753604,0,0,0,0,0,0,0,0,0,0
村上　陽介,Yosuke Murakami,CB,センターバック,58.825294117647054,61.11481481481482,0.13358070500927643,2.0037105751391464,4.675324675324676,77.86285525446132,10.419829313543598,2.7723339517625236,88.3076923076923,3.769230769230769,58.825294117647054,61.11481481481482,0.13358070500927643,2.0037105751391464,4.675324675324676,77.86285525446132,10.419829313543598,2.7723339517625236,88.3076923076923,3.769230769230769,0.04374758127302704,-0.15719812104403816,0.42537717668172637,-0.13621331119873253,0.46518124588206516,-0.1408622594768107,-0.7469699565036463,-0.2834492539465228,-0.04835754247686212,-0.8599065160465703,0,0,0,0,0,0,0,0,0,0
庄司　朋乃也,Honoya Shoji,CB,センターバック,57.46781609195403,79.17083333333333,0.0,1.6273972602739726,4.093150684931507,76.25183946488295,13.709736986301369,3.994717808219178,91.7,4.933333333333334,57.46781609195403,79.17083333333333,0.0,1.6273972602739726,4.093150684931507,76.25183946488295,13.709736986301369,3.994717808219178,91.7,4.933333333333334,-0.0920701379074243,1.3053114029744015,-0.9645064480379035,-0.7286765493126105,-0.04138744536162603,-0.41274375092811644,0.1929128379968662,0.5732382809914744,0.14622792379803068,0.2252812923803883,0,0,0,0,0,0,0,0,0,0
岩﨑　博,Hiroshi  Iwasaki,CB,センターバック,,,,,,,,,109.5,6.53125,58.861702127659576,63.63636363636363,0.07755277897457992,2.09140201394268,4.093150684931507,79.83165957446809,12.705140186915887,3.006826722338205,109.5,6.53125,0.04739025746093463,0.04704342661556137,-0.15758349055849755,0.0018470542895855258,-0.04138744536162603,0.19140106057376724,-0.09408708451500698,-0.11910886894865753,1.1672500756349953,1.7148748548563244,1,1,1,1,1,1,1,1,0,0
高橋　勇利也,Yuriya Takahashi,CB,センターバック,,,,,,,,,121.73333333333333,6.3,58.861702127659576,63.63636363636363,0.07755277897457992,2.09140201394268,4.093150684931507,79.83165957446809,12.705140186915887,3.006826722338205,118.44363636363636,6.3,0.04739025746093463,0.04704342661556137,-0.15758349055849755,0.0018470542895855258,-0.04138744536162603,0.19140106057376724,-0.09408708451500698,-0.11910886894865753,1.68026416806462,1.4993013405997024,1,1,1,1,1,1,1,1,0,0
福森　直也,Naoya Fukumori,CB,センターバック,60.46744186046512,72.22222222222221,0.03452243958573072,1.2773302646720368,3.9355581127733026,79.83165957446809,8.527663981588033,3.2451783659378597,102.61538461538461,4.615384615384615,60.46744186046512,72.22222222222221,0.03452243958573072,1.2773302646720368,3.9355581127733026,79.83165957446809,8.527663981588033,3.2451783659378597,102.61538461538461,4.615384615384615,0.20804693401799138,0.7424846691472484,-0.6053065661219654,-1.2798178923858095,-0.178513913299492,0.19140106057376724,-1.287536384729466,0.04793594346870027,0.7723430635805079,-0.07111361564812076,0,0,0,0,0,0,0,0,0,0
浦上　仁騎,Niki Urakami,CB,センターバック,50.35594405594406,56.4076923076923,0.1039661147477859,2.4605313823642665,3.084328070850982,82.48432835820897,15.631721216788602,3.153742780130921,118.54545454545455,4.954545454545454,50.35594405594406,56.4076923076923,0.1039661147477859,2.4605313823642665,3.084328070850982,82.48432835820897,15.631721216788602,3.153742780130921,118.44363636363636,4.954545454545454,-0.8036236369344021,-0.5384677509088777,0.11724259950331783,0.5829999719755794,-0.9191971032040914,0.6390760926344664,0.7419981282907444,-0.01614517654675837,1.68026416806462,0.2450554394702662,0,0,0,0,0,0,0,0,0,0
平松　航,Wataru Hiramatsu,CB,センターバック,,,,,,,,,102.65517241379311,5.586206896551724,58.861702127659576,63.63636363636363,0.07755277897457992,2.09140201394268,4.093150684931507,79.83165957446809,12.705140186915887,3.006826722338205,102.65517241379311,5.586206896551724,0.04739025746093463,0.04704342661556137,-0.15758349055849755,0.0018470542895855258,-0.04138744536162603,0.19140106057376724,-0.09408708451500698,-0.11910886894865753,0.7746253233303898,0.8338964205457124,1,1,1,1,1,1,1,1,0,0
井上　竜太,Ryota Inoue,CB,センターバック,73.19587628865979,68.0,0.035115099492781895,1.4748341786968397,2.9496683573936795,81.28037439613526,15.274365977370268,4.7400819352321495,94.52173913043478,5.739130434782608,73.19587628865979,68.0,0.035115099492781895,1.4748341786968397,2.9496683573936795,81.28037439613526,15.274365977370268,4.7400819352321495,94.52173913043478,5.739130434782608,1.4815459520906877,0.4004912110551957,-0.5991400445440094,-0.9688700629548376,-1.0363689383169035,0.43589198918568695,0.6399064970163755,1.0956144177746567,0.3080851237350578,0.9764532402170144,0,0,0,0,0,0,0,0,0,0
高橋　祥平,Shohei Takahashi,CB,センターバック,56.53043478260871,50.00833333333333,0.0,2.039408866995074,3.7241379310344827,85.9913561847988,17.205073891625613,5.0551625615763545,94.20689655172414,4.655172413793103,56.53043478260871,50.00833333333333,0.0,2.039408866995074,3.7241379310344827,85.9913561847988,17.205073891625613,5.0551625615763545,94.20689655172414,4.655172413793103,-0.1858565484628879,-1.0568059126699554,-0.9645064480379035,-0.08001034214972431,-0.362477550516621,1.2309361862614931,1.1914840275473297,1.31643347036913,0.2900255031055614,-0.034023040394275,0,0,0,0,0,0,0,0,0,0
森　侑里,Yuri Mori,CB,センターバック,56.38297872340425,61.3659090909091,0.07211538461538461,2.1634615384615388,3.4975961538461537,87.50177083333334,23.079519230769225,3.24515625,90.38888888888889,4.166666666666667,56.38297872340425,61.3659090909091,0.07211538461538461,2.1634615384615388,3.4975961538461537,87.50177083333334,23.079519230769225,3.24515625,90.38888888888889,4.166666666666667,-0.20060974907566598,-0.1368598737256848,-0.2141586177856194,0.11529671856384992,-0.5595989841018102,1.4858398253257281,2.8697348025505622,0.04792044387895371,0.07102154806971459,-0.48941288101093444,0,0,0,0,0,0,0,0,0,0
松本　大輔,Daisuke Matsumoto,CB,センターバック,,,,,,,,,90.61764705882354,4.676470588235294,58.861702127659576,63.63636363636363,0.07755277897457992,2.09140201394268,4.093150684931507,79.83165957446809,12.705140186915887,3.006826722338205,90.61764705882354,4.676470588235294,0.04739025746093463,0.04704342661556137,-0.15758349055849755,0.0018470542895855258,-0.04138744536162603,0.19140106057376724,-0.09408708451500698,-0.11910886894865753,0.08414329857066755,-0.014168673640745406,1,1,1,1,1,1,1,1,0,0
中里　崇宏,Takahiro Nakazato,CB,センターバック,44.303797468354425,71.7413043478261,0.22013860578883,1.6510395434162248,2.4582144313086016,77.50813633864762,17.79538116591928,5.063628210354667,100.0625,2.875,44.303797468354425,71.7413043478261,0.22013860578883,1.6510395434162248,2.4582144313086016,77.50813633864762,17.79538116591928,5.063628210354667,100.0625,2.875,-1.4091500101900793,0.7035310664549574,1.3259968348520692,-0.6914544179833418,-1.4639991249134578,-0.20072604759192322,1.3601269518370664,1.3223664804831263,0.6259075723787394,-1.6935171948767502,0,0,0,0,0,0,0,0,0,0
柳下　大樹,Daiki Yagishita,CB,センターバック,63.62237762237763,57.88947368421052,0.1258741258741259,2.1398601398601396,3.2307692307692304,66.04986595174263,12.753524475524472,2.937524475524476,86.0,4.44,63.62237762237763,57.88947368421052,0.1258741258741259,2.1398601398601396,3.2307692307692304,66.04986595174263,12.753524475524472,2.937524475524476,86.0,4.44,0.5237030044910569,-0.41844575528185596,0.34519158294790175,0.07813895537279418,-0.7917738449546183,-2.134469752896868,-0.08026433782703206,-0.16767820392058372,-0.18072860796998627,-0.23460887136707145,0,0,0,0,0,0,0,0,0,0
山下　諒時,Ryoji Yamashita,CB,センターバック,54.392307692307696,39.47105263157895,0.11455239711497665,2.3674162070428513,4.2002545608824775,76.70110893672538,16.878990241832838,3.895163343232923,95.5,4.611111111111111,54.392307692307696,39.47105263157895,0.11455239711497665,2.3674162070428513,4.2002545608824775,76.70110893672538,16.878990241832838,3.895163343232923,95.5,4.611111111111111,-0.39977938126481416,-1.9103093230572386,0.2273909963679309,0.43640053977575793,0.051807151379064297,-0.3369232314408261,1.0983262728340335,0.503467178607671,0.36419894497670835,-0.07509741817538564,0,0,0,0,0,0,0,0,0,0
大和　優槻,Yuzuki  Yamato,CB,センターバック,65.997,44.44444444444444,0.08866995073891625,2.2167487684729066,3.857142857142857,77.86153846153846,11.481916256157636,3.5471083743842367,70.38461538461539,3.5,65.997,44.44444444444444,0.08866995073891625,2.2167487684729066,3.857142857142857,77.86153846153846,11.481916256157636,3.5471083743842367,70.38461538461539,3.5,0.7612875466635747,-1.507472291984681,-0.04191128335332169,0.19919150409373532,-0.2467456001727369,-0.14108448673623103,-0.44354586594556306,0.25953860272625684,-1.07643948447346,-1.1108860752642589,0,0,0,0,0,0,0,0,0,0
近石　哲平,Teppei Chikaishi,CB,センターバック,64.99999999999999,43.75208333333334,0.08310249307479224,3.074792243767313,5.2770083102493075,74.25963983050848,9.350360110803324,3.2829224376731303,88.3,3.85,64.99999999999999,43.75208333333334,0.08310249307479224,3.074792243767313,5.2770083102493075,74.25963983050848,9.350360110803324,3.2829224376731303,88.3,3.85,0.6615361963949163,-1.5635524692408937,-0.09983969627903866,1.5500850168506386,0.9887259189800093,-0.748955358142862,-1.052503060434546,0.07438825270251295,-0.04879877936183931,-0.7846126482812636,0,0,0,0,0,0,0,0,0,0
永野　修都,Shuto Nagano,CB,センターバック,,,,,,,,,113.3,4.933333333333334,58.861702127659576,63.63636363636363,0.07755277897457992,2.09140201394268,4.093150684931507,79.83165957446809,12.705140186915887,3.006826722338205,113.3,4.933333333333334,0.04739025746093463,0.04704342661556137,-0.15758349055849755,0.0018470542895855258,-0.04138744536162603,0.19140106057376724,-0.09408708451500698,-0.11910886894865753,1.385221096813673,0.2252812923803883,1,1,1,1,1,1,1,1,0,0
藤谷　匠,Takumi Fujitani,CB,センターバック,,,,,,,,,98.65517241379311,5.724137931034483,58.861702127659576,63.63636363636363,0.07755277897457992,2.09140201394268,4.093150684931507,79.83165957446809,12.705140186915887,3.006826722338205,98.65517241379311,5.724137931034483,0.04739025746093463,0.04704342661556137,-0.15758349055849755,0.0018470542895855258,-0.04138744536162603,0.19140106057376724,-0.09408708451500698,-0.11910886894865753,0.5451821431423078,0.9624770814257109,1,1,1,1,1,1,1,1,0,0
黒石　貴哉,Takaya Kuroishi,CB,センターバック,58.861702127659576,52.94117647058824,0.39858281665190437,2.1922054915854736,4.105403011514614,63.272507869884585,8.530389725420727,1.0762134632418068,100.77777777777777,6.444444444444445,58.861702127659576,52.94117647058824,0.39858281665190437,2.1922054915854736,4.105403011514614,63.272507869884585,8.530389725420727,1.0762134632418068,100.77777777777777,6.444444444444445,0.04739025746093463,-0.8192501626972667,3.182677308183756,0.1605508588541062,-0.03072629398022654,-2.6031878514249573,-1.286757676028374,-1.4721472824697501,0.6669364743915384,1.6339538660212565,0,0,0,0,0,0,0,0,0,0
神山　京右,Kyosuke Kamiyama,CB,センターバック,58.69347826086957,66.67037037037038,0.199468085106383,2.393617021276596,3.710106382978723,81.84781704781705,15.759853723404254,4.985505319148936,94.06666666666666,5.0,58.69347826086957,66.67037037037038,0.199468085106383,2.393617021276596,3.710106382978723,81.84781704781705,15.759853723404254,4.985505319148936,94.06666666666666,5.0,0.030559206448178385,0.29279327118234794,1.1109237207450104,0.4776507922354833,-0.3746868608809139,0.5316558888633585,0.7786038784707559,1.2676153425850283,0.2819818054093121,0.2874286118057205,0,0,0,0,0,0,0,0,0,0
田代　真一,Masakazu Tashiro,CB,センターバック,53.48837209302325,70.0,0.13206162876008803,1.2545854732208364,4.4900953778429935,84.48462623413258,8.254247982391783,3.697989728539986,88.25925925925925,4.222222222222222,53.48837209302325,70.0,0.13206162876008803,1.2545854732208364,4.4900953778429935,84.48462623413258,8.254247982391783,3.697989728539986,88.25925925925925,4.222222222222222,-0.49021949820015115,0.5624881122566947,0.4095714568114738,-1.315627023397374,0.30400715642829973,0.9766543916003138,-1.3656476932970731,0.36528130758696953,-0.051135700641532965,-0.43762344815649096,0,0,0,0,0,0,0,0,0,0
長倉　颯,Hayate Nagakura,CB,センターバック,,,,,,,,,105.26923076923077,5.076923076923077,58.861702127659576,63.63636363636363,0.07755277897457992,2.09140201394268,4.093150684931507,79.83165957446809,12.705140186915887,3.006826722338205,105.26923076923077,5.076923076923077,0.04739025746093463,0.04704342661556137,-0.15758349055849755,0.0018470542895855258,-0.04138744536162603,0.19140106057376724,-0.09408708451500698,-0.11910886894865753,0.9245697888976011,0.3591370572964884,1,1,1,1,1,1,1,1,0,0
加藤　慎太郎,Shintaro Kato,CB,センターバック,55.247368421052634,32.35294117647059,0.0862895493767977,3.2790028763183128,3.969319271332694,68.26215213358071,11.391860019175457,2.503432406519655,91.04545454545455,4.363636363636363,55.247368421052634,32.35294117647059,0.0862895493767977,3.2790028763183128,3.969319271332694,68.26215213358071,11.391860019175457,2.503432406519655,91.04545454545455,4.363636363636363,-0.31422926867302947,-2.486865322124462,-0.0666789387810956,1.871591824713114,-0.14913722147107192,-1.7611154564795328,-0.4692737331370635,-0.4719044603191703,0.1086826761308899,-0.3057958008906347,0,0,0,0,0,0,0,0,0,0
深港　壮一郎,Soichiro Fukaminato,CB,センターバック,64.2936507936508,75.50408163265307,0.041455550437586364,2.28005527406725,4.6015660985720865,71.3700888450148,11.525016121602949,2.1140257945647165,75.29166666666667,4.583333333333333,64.2936507936508,75.50408163265307,0.041455550437586364,2.28005527406725,4.6015660985720865,71.3700888450148,11.525016121602949,2.1140257945647165,75.29166666666667,4.583333333333333,0.5908648953973981,1.0083101964816368,-0.5331687731623389,0.29886051875918007,0.4010014880946671,-1.2366075814436752,-0.4312328085571225,-0.7448136522412929,-0.794967121598497,-0.10099213460260739,0,0,0,0,0,0,0,0,0,0
花房　稔,Minoru Hanafusa,CB,センターバック,47.91354166666667,63.04347826086957,0.20833333333333331,2.25,3.4166666666666665,76.80267034990791,11.125749999999998,2.7496666666666667,96.22222222222223,4.277777777777778,47.91354166666667,63.04347826086957,0.20833333333333331,2.25,3.4166666666666665,76.80267034990791,11.125749999999998,2.7496666666666667,96.22222222222223,4.277777777777778,-1.047989671267214,-0.0009793701833013218,1.2031650615798062,0.25154185026438364,-0.6300183863424517,-0.319783319672986,-0.5452978205417894,-0.29933524629658215,0.4056261858440013,-0.3858340153020475,0,0,0,0,0,0,0,0,0,0
井上　航希,Koki Inoue,CB,センターバック,65.69142857142857,66.67777777777778,0.16666666666666669,1.3333333333333335,3.0,88.35067961165049,23.503500000000006,3.8324999999999996,95.17391304347827,4.956521739130435,65.69142857142857,66.67777777777778,0.16666666666666669,1.3333333333333335,3.0,88.35067961165049,23.452480465116285,3.8324999999999996,95.17391304347827,4.956521739130435,0.7307146654163107,0.2933932597053158,0.7696307596562646,-1.1916473225634971,-0.9925737246111004,1.629105078371682,2.976284858675582,0.45955060955153304,0.34549433789615847,0.2468977513109383,0,0,0,0,0,0,0,0,0,0
水口　湧斗,Yuto Minakuchi,CB,センターバック,62.88556701030929,75.0125,0.06583760058522312,1.9751280175566934,3.555230431602048,67.72421524663677,8.623013899049011,2.1723774689100215,73.14814814814815,4.703703703703703,62.88556701030929,75.0125,0.06583760058522312,1.9751280175566934,3.555230431602048,67.72421524663677,8.623013899049011,2.1723774689100215,73.14814814814815,4.703703703703703,0.4499839940135319,0.9684928458929517,-0.27947785099704714,-0.18121335225479682,-0.509449507939432,-1.8518998448605228,-1.2602961835467088,-0.7039188451065779,-0.9179210480187308,0.011218303248687129,0,0,0,0,0,0,0,0,0,0
杉田　隼,Hayato Sugita,CB,センターバック,,,,,,,,,90.03846153846153,5.961538461538462,58.861702127659576,63.63636363636363,0.07755277897457992,2.09140201394268,4.093150684931507,79.83165957446809,12.705140186915887,3.006826722338205,90.03846153846153,5.961538461538462,0.04739025746093463,0.04704342661556137,-0.15758349055849755,0.0018470542895855258,-0.04138744536162603,0.19140106057376724,-0.09408708451500698,-0.11910886894865753,0.05092075664298078,1.1837841804403229,1,1,1,1,1,1,1,1,0,0
ピトリック,Kevin Pytlik,CB,センターバック,,,,,,,,,105.75,7.041666666666667,58.861702127659576,63.63636363636363,0.07755277897457992,2.09140201394268,4.093150684931507,79.83165957446809,12.705140186915887,3.006826722338205,105.75,7.035380952380953,0.04739025746093463,0.04704342661556137,-0.15758349055849755,0.0018470542895855258,-0.04138744536162603,0.19140106057376724,-0.09408708451500698,-0.11910886894865753,0.9521470942086684,2.1848306648035662,1,1,1,1,1,1,1,1,0,0
當麻　颯,Hayate Toma,CB,センターバック,,,,,,,,,108.3913043478261,4.913043478260869,58.861702127659576,63.63636363636363,0.07755277897457992,2.09140201394268,4.093150684931507,79.83165957446809,12.705140186915887,3.006826722338205,108.3913043478261,4.913043478260869,0.04739025746093463,0.04704342661556137,-0.15758349055849755,0.0018470542895855258,-0.04138744536162603,0.19140106057376724,-0.09408708451500698,-0.11910886894865753,1.103654411561125,0.2063668908161561,1,1,1,1,1,1,1,1,0,0
左合　修土,Shuto Sago,CB,センターバック,100.0,0.0,0.0,0.0,5.0,76.48235294117647,10.0,0.0,80.125,5.15625,80.47316981132082,12.0,0.0,0.0,5.0,76.48235294117647,10.0,0.0,80.125,5.15625,2.2096501197805454,-4.135422022586775,-0.9645064480379035,-3.290831573949506,0.7476918990784144,-0.3738413713613024,-0.8669095984863111,-2.226393711708651,-0.5177232788712316,0.43308639170884333,0,0,0,0,0,0,0,0,0,0
綿引　康,Ko Watahiki,CB,センターバック,32.25806451612904,64.28571428571429,0.1258741258741259,3.6503496503496504,2.265734265734266,69.41882352941177,4.15434965034965,1.510993006993007,108.0,6.333333333333333,32.25806451612904,64.28571428571429,0.1258741258741259,3.6503496503496504,2.265734265734266,69.41882352941177,4.668544237918216,1.510993006993007,108.0,6.333333333333333,-2.61434371827447,0.0996398231095553,0.34519158294790175,2.456235799600301,-1.6314824326089992,-1.5659109487075054,-2.3900354849404,-1.1674392207506032,1.0812088830644644,1.5303750003123686,0,0,0,0,0,0,0,0,0,0
野瀬　翔也,Shoya  Nose,CB,センターバック,,,,,,,,,91.68,4.84,58.861702127659576,63.63636363636363,0.07755277897457992,2.09140201394268,4.093150684931507,79.83165957446809,12.705140186915887,3.006826722338205,91.68,4.84,0.04739025746093463,0.04704342661556137,-0.15758349055849755,0.0018470542895855258,-0.04138744536162603,0.19140106057376724,-0.09408708451500698,-0.11910886894865753,0.1450807078970905,0.13827504518492256,1,1,1,1,1,1,1,1,0,0
深津　康太,Kota Fukatsu,CB,センターバック,72.61428571428571,50.003846153846155,0.3915171288743882,2.104404567699837,6.117455138662317,80.0739320920044,10.473621533442087,4.405057096247961,82.72222222222223,4.666666666666667,72.61428571428571,50.003846153846155,0.3915171288743882,2.104404567699837,6.117455138662317,80.0739320920044,10.473621533442087,4.405057096247961,82.72222222222223,4.666666666666667,1.4233569399569488,-1.0571693672559843,3.1091600757461118,0.022318121345703802,1.7200262809930293,0.23228794314285287,-0.731602235889713,0.8608177931821742,-0.36874454729077527,-0.023307985320941315,0,0,0,0,0,0,0,0,0,0
長谷川　光基,Koki Hasegawa,CB,センターバック,28.94473684210526,81.81818181818183,0.0,3.7138927097661623,2.723521320495186,82.67841945288754,12.010110041265476,2.5992297111416782,75.63636363636364,4.136363636363637,28.94473684210526,81.81818181818183,0.0,3.7138927097661623,2.723521320495186,82.67841945288754,12.010110041265476,2.5992297111416782,75.63636363636364,4.136363636363637,-2.945847137899726,1.5197425284473711,-0.9645064480379035,2.5562772418093216,-1.23314689542375,0.6718316848763255,-0.2926479380505781,-0.40476650171732936,-0.7751950293663802,-0.5176616625679037,0,0,0,0,0,0,0,0,0,0
砂森　和也,Kazuya Sunamori,CB,センターバック,53.84615384615385,79.98666666666666,0.4433497536945813,1.7733990147783252,1.9950738916256159,77.07549407114624,14.85177339901478,3.5467980295566504,98.84615384615384,4.846153846153846,53.84615384615385,79.98666666666666,0.4433497536945813,1.7733990147783252,1.9950738916256159,77.07549407114624,14.85177339901478,3.5467980295566504,98.84615384615384,4.846153846153846,-0.45442289541553316,1.371392638922846,3.648469375385006,-0.4988131115149131,-1.8669929049871128,-0.2737404933311139,0.519177427088711,0.2593211026799978,0.5561369899417381,0.14401172082418381,0,0,0,0,0,0,0,0,0,0
齊藤　隆成,Ryusei Saito,CB,センターバック,48.62477064220184,56.259375,0.1003904071388734,1.6564417177914113,5.521472392638037,65.77147950089126,8.08303402119353,1.9575627440044618,89.81818181818181,4.7272727272727275,48.62477064220184,56.259375,0.1003904071388734,1.6564417177914113,5.521472392638037,65.77147950089126,8.08303402119353,1.9575627440044618,89.81818181818181,4.7272727272727275,-0.9768301420196445,-0.5504812230292288,0.08003799385261595,-0.6829492984546176,1.2014421383839629,-2.1814513678176723,-1.414561241127315,-0.8544681968308196,0.03828533675500075,0.033189577792997194,0,0,0,0,0,0,0,0,0,0
大城　蛍,Kei Oshiro,CB,センターバック,57.57272727272728,66.6625,0.10055865921787709,2.564245810055866,4.726256983240224,81.96534325889164,16.947703910614525,3.1173687150837988,87.55555555555556,4.444444444444445,57.57272727272728,66.6625,0.10055865921787709,2.564245810055866,4.726256983240224,81.96534325889164,16.947703910614525,3.1173687150837988,87.55555555555556,4.444444444444445,-0.08157361640249866,0.29215578337669285,0.08178862699544909,0.7462867419143684,0.5094991181823637,0.5514900840079903,1.1179568526128203,-0.041637339222418274,-0.09150070456350987,-0.23046571673871613,0,0,0,0,0,0,0,0,0,0
柳　雄太郎,Yutaro Yanagi,CB,センターバック,21.624324324324327,66.075,0.21238938053097345,2.7610619469026547,2.495575221238938,76.30521609538003,7.276778761061948,1.4865132743362832,82.13333333333334,3.6,21.624324324324327,66.075,0.21238938053097345,2.7610619469026547,2.495575221238938,76.30521609538003,7.276778761061948,1.4865132743362832,82.13333333333334,3.6,-3.6782654259360616,0.2445691936487532,1.2453675157493547,1.0561517430799277,-1.431490275718633,-0.40373569650551483,-1.6448976281475605,-1.1845954370363945,-0.40252368215179846,-1.01766509612626,0,0,0,0,0,0,0,0,0,0
吉田　知樹,Tomoki Yoshida,CB,センターバック,,,,,,,,,85.72,5.56,58.861702127659576,63.63636363636363,0.07755277897457992,2.09140201394268,4.093150684931507,79.83165957446809,12.705140186915887,3.006826722338205,85.72,5.56,0.04739025746093463,0.04704342661556137,-0.15758349055849755,0.0018470542895855258,-0.04138744536162603,0.19140106057376724,-0.09408708451500698,-0.11910886894865753,-0.19678963058315208,0.8094660949785124,1,1,1,1,1,1,1,1,0,0
藤原　拓也,Takuya Fujiwara,CB,センターバック,52.936470588235295,63.1578947368421,0.26785714285714285,2.0892857142857144,4.5,77.75842696629212,13.018553571428571,1.2856607142857142,88.8125,3.4375,52.936470588235295,63.1578947368421,0.26785714285714285,2.0892857142857144,4.5,77.75842696629212,13.018553571428571,1.2856607142857142,88.8125,3.4375,-0.5454380742461915,0.008288187093671715,1.8224997786134376,-0.0014848228937511198,0.31262549315603566,-0.15848599657536527,-0.004549055801052408,-1.3253596361436082,-0.019401371900241143,-1.169149187225508,0,0,0,0,0,0,0,0,0,0
堂鼻　起暉,Kazuki Dohana,CB,センターバック,67.05113636363636,61.543589743589756,0.16100178890876565,2.2003577817531306,4.400715563506261,84.13346303501945,23.39720930232558,2.092915921288015,105.4,4.9,67.05113636363636,61.543589743589756,0.16100178890876565,2.2003577817531306,4.400715563506261,84.13346303501945,23.39720930232558,2.092915921288015,105.4,4.9,0.8667554760918784,-0.12246801615682172,0.7106887078741728,0.17338572820361206,0.22623484725731643,0.9173906805086447,2.9604946237795757,-0.7596081582426182,0.9320708159422115,0.1942076326677222,0,0,0,0,0,0,0,0,0,0
岡崎　慎,Makoto Okazaki,CB,センターバック,62.14324324324325,75.0,0.0,1.8,3.4499999999999997,76.2097619047619,17.24925,2.09955,82.0,3.9130434782608696,62.14324324324325,75.0,0.0,1.8,3.4499999999999997,76.2097619047619,17.24925,2.09955,82.0,3.9130434782608696,0.37571338408238497,0.9674803652604421,-0.9645064480379035,-0.4569328345783942,-0.6010139592809598,-0.41984492887829367,1.204104553203076,-0.7549587737564475,-0.4101717881580682,-0.7258429005638297,0,0,0,0,0,0,0,0,0,0
平　智広,Tomohiro Taira,CB,センターバック,53.84102564102564,87.5,0.0,1.346938775510204,2.326530612244898,79.78809135399673,22.041428571428575,3.7962857142857143,84.66666666666667,4.916666666666667,53.84102564102564,87.5,0.0,1.346938775510204,2.326530612244898,79.78809135399673,22.041428571428575,3.7962857142857143,84.66666666666667,4.916666666666667,-0.4549359800554464,1.9799609977698105,-0.9645064480379035,-1.170227075100375,-1.5785815366698146,0.18404831279918957,2.573166130449165,0.4341704255821192,-0.25720966803268,0.20974446252405524,0,0,0,0,0,0,0,0,0,0
小林　大智,Daichi Kobayashi,CB,センターバック,,,,,,,,,94.35,5.2,58.861702127659576,63.63636363636363,0.07755277897457992,2.09140201394268,4.093150684931507,79.83165957446809,12.705140186915887,3.006826722338205,94.35,5.2,0.04739025746093463,0.04704342661556137,-0.15758349055849755,0.0018470542895855258,-0.04138744536162603,0.19140106057376724,-0.09408708451500698,-0.11910886894865753,0.2982340306726345,0.4738705700817179,1,1,1,1,1,1,1,1,0,0
林田　魁斗,Kaito Hayashida,CB,センターバック,57.14523809523809,70.0,0.0,2.5568181818181817,4.6022727272727275,64.07419354838709,5.368551136363636,2.0454545454545454,61.74074074074074,3.8518518518518516,57.14523809523809,70.0,0.0,2.5568181818181817,4.6022727272727275,64.07419354838709,5.368551136363636,2.0454545454545454,61.74074074074074,3.8518518518518516,-0.12434455188874119,0.5624881122566947,-0.9645064480379035,0.7345927717480957,0.4016163489128861,-2.46789215826266,-2.190052839430773,-0.7928706795470155,-1.5722590063328907,-0.7828863338527824,0,0,0,0,0,0,0,0,0,0
野末　学,Satoru Nozue,CB,センターバック,48.57428571428572,50.01111111111112,0.07550335570469799,1.9630872483221475,4.152684563758389,87.0695652173913,21.74904362416107,2.4155788590604024,63.38461538461539,3.3461538461538463,48.57428571428572,50.01111111111112,0.07550335570469799,1.9630872483221475,4.152684563758389,87.0695652173913,21.74904362416107,2.4155788590604024,63.38461538461539,3.3461538461538463,-0.9818812350265135,-1.0565809169738414,-0.17890737743819654,-0.20017019711859574,0.01041493602203425,1.412899070656461,2.489635646118792,-0.5334751679253651,-1.4779650498026033,-1.2543029662457952,0,0,0,0,0,0,0,0,0,0
小西　慶太郎,Keitaro Konishi,CB,センターバック,,,,,,,,,104.9,5.7,58.861702127659576,63.63636363636363,0.07755277897457992,2.09140201394268,4.093150684931507,79.83165957446809,12.705140186915887,3.006826722338205,104.9,5.7,0.04739025746093463,0.04704342661556137,-0.15758349055849755,0.0018470542895855258,-0.04138744536162603,0.19140106057376724,-0.09408708451500698,-0.11910886894865753,0.9033904184187013,0.939975465771711,1,1,1,1,1,1,1,1,0,0
増谷　幸祐,Kosuke Masutani,CB,センターバック,52.92941176470588,80.77307692307693,0.0,1.8860510805500983,2.829076620825147,83.47052529182878,16.796994106090377,2.4750884086444005,63.375,4.0,52.92941176470588,80.77307692307693,0.0,1.8860510805500983,2.829076620825147,83.47052529182878,16.796994106090377,2.4750884086444005,63.375,4.0,-0.546144320162307,1.4350906512286155,-0.9645064480379035,-0.3214550297492579,-1.141299765142523,0.8055106458596902,1.0749010691913834,-0.49176888305494343,-1.478516595908825,-0.6447811795742657,0,0,0,0,0,0,0,0,0,0
小笠原　佳祐,Keisuke Ogasawara,CB,センターバック,60.71249999999999,77.77777777777779,0.0797872340425532,2.2340425531914896,3.75,77.5952922077922,10.850904255319147,1.8359042553191487,79.21739130434783,4.869565217391305,60.71249999999999,77.77777777777779,0.0797872340425532,2.2340425531914896,3.75,77.5952922077922,10.850904255319147,1.8359042553191487,79.21739130434783,4.869565217391305,0.2325653696377789,1.1924760613736356,-0.13433438052473798,0.22641863448981742,-0.3399741157275324,-0.18601727326143377,-0.6238175883475143,-0.9397305391184683,-0.5697844352454294,0.16583603032137476,0,0,0,0,0,0,0,0,0,0
宮市　剛,Tsuyoshi Miyaichi,CB,センターバック,56.1280701754386,54.166666666666664,0.0,1.137546468401487,2.54275092936803,65.34024390243903,8.564453531598513,1.2714423791821563,66.70370370370371,3.6296296296296298,56.1280701754386,54.166666666666664,0.0,1.137546468401487,2.54275092936803,65.34024390243903,8.564453531598513,1.2714423791821563,66.70370370370371,3.6296296296296298,-0.22611373288168013,-0.7199873555885056,-0.9645064480379035,-1.4998918501833758,-1.3904411441534987,-2.2542284184415986,-1.2770261003957777,-1.3353243214480244,-1.2875795049884182,-0.9900440652705569,0,0,0,0,0,0,0,0,0,0
グスタボ　リッシ,Gustavo Martini Rissi,CB,センターバック,48.48787878787879,50.0,0.1327433628318584,1.8584070796460177,6.371681415929204,80.14973544973545,11.417389380530976,5.441150442477876,104.52941176470588,5.0,48.48787878787879,50.0,0.1327433628318584,1.8584070796460177,6.371681415929204,80.14973544973545,11.417389380530976,5.441150442477876,104.52941176470588,5.0,-0.9905263780372013,-1.057480899758295,0.4166647793291327,-0.3649774182566178,1.9412369064760906,0.2450808220769121,-0.4619803346957253,1.5869467011017313,0.8821331826071581,0.2874286118057205,0,0,0,0,0,0,0,0,0,0
藤井　葉大,Yota Fujii,CB,センターバック,,,,,,,,,94.42105263157895,6.526315789473684,58.861702127659576,63.63636363636363,0.07755277897457992,2.09140201394268,4.093150684931507,79.83165957446809,12.705140186915887,3.006826722338205,94.42105263157895,6.526315789473684,0.04739025746093463,0.04704342661556137,-0.15758349055849755,0.0018470542895855258,-0.04138744536162603,0.19140106057376724,-0.09408708451500698,-0.11910886894865753,0.3023096661101861,1.7102751354909624,1,1,1,1,1,1,1,1,0,0
脇本　晃成,Kosei Wakimoto,CB,センターバック,60.19693877551021,59.26296296296297,0.06338028169014084,2.2816901408450705,4.816901408450704,83.503384279476,12.169584507042256,3.9291338028169007,90.08333333333333,5.166666666666667,60.19693877551021,59.26296296296297,0.06338028169014084,2.2816901408450705,4.816901408450704,83.503384279476,12.169584507042256,3.9291338028169007,90.08333333333333,5.166666666666667,0.18098269331980732,-0.30719525178616647,-0.3050458197598397,0.301434433704016,0.5883718067688107,0.8110560605147776,-0.24708820767063305,0.5272748140963033,0.053494638472013786,0.44279691036905183,0,0,0,0,0,0,0,0,0,0
小柳　達司,Tatsushi Koyanagi,CB,センターバック,,,,,,,,,99.47058823529412,4.529411764705882,58.861702127659576,63.63636363636363,0.07755277897457992,2.09140201394268,4.093150684931507,79.83165957446809,12.705140186915887,3.006826722338205,99.47058823529412,4.529411764705882,0.04739025746093463,0.04704342661556137,-0.15758349055849755,0.0018470542895855258,-0.04138744536162603,0.19140106057376724,-0.09408708451500698,-0.11910886894865753,0.5919550429575249,-0.1512583488436849,1,1,1,1,1,1,1,1,0,0
井林　章,Akira Ibayashi,CB,センターバック,,,,,,,,,72.47058823529412,4.470588235294118,58.861702127659576,63.63636363636363,0.07755277897457992,2.09140201394268,4.093150684931507,79.83165957446809,12.705140186915887,3.006826722338205,72.47058823529412,4.470588235294118,0.04739025746093463,0.04704342661556137,-0.15758349055849755,0.0018470542895855258,-0.04138744536162603,0.19140106057376724,-0.09408708451500698,-0.11910886894865753,-0.9567864233120282,-0.20609421892486038,1,1,1,1,1,1,1,1,0,0
眞鍋　旭輝,Hikaru Manabe,CB,センターバック,83.35000000000001,57.14285714285714,0.0,1.0285714285714285,3.085714285714286,89.15855855855855,10.801542857142858,5.65662857142857,95.4,5.6,80.47316981132082,57.14285714285714,0.0,1.0285714285714285,3.085714285714286,88.83761591807635,10.801542857142858,5.65662857142857,95.4,5.6,2.2096501197805454,-0.47892053832437037,-0.9645064480379035,-1.6714608657374423,-0.9179909121672639,1.7112824040622647,-0.6379194822220903,1.7379609885931562,0.3584628654720066,0.8467544866337119,0,0,0,0,0,0,0,0,0,0
石井　光輝,Koki Ishii,CB,センターバック,49.974999999999994,100.0,0.0,1.0465116279069768,1.0465116279069768,68.54814814814814,13.603604651162792,1.0465116279069768,109.8125,5.75,49.974999999999994,100.0,0.0,1.0465116279069768,1.4153112802528252,68.54814814814814,13.603604651162792,1.0465116279069768,109.8125,5.75,-0.8417376629697472,2.992441630279179,-0.9645064480379035,-1.6432160278035106,-2.371463376223378,-1.7128496210403454,0.16259224372520586,-1.4929633231608372,1.1851753240871892,0.9865859553407101,0,0,0,0,0,0,0,0,0,0
佐古　真礼,Maaya Sako,CB,センターバック,73.96575342465755,59.08863636363636,0.14469453376205788,2.387459807073955,4.77491961414791,69.9337962962963,14.25371382636656,2.966237942122186,89.88888888888889,4.777777777777778,73.96575342465755,59.08863636363636,0.14469453376205788,2.387459807073955,4.77491961414791,69.9337962962963,14.25371382636656,2.966237942122186,89.88888888888889,4.777777777777778,1.5585733180452945,-0.3213154362301197,0.5410146004425638,0.4679569469205377,0.5518420700458324,-1.4790020774083523,0.3483197744339164,-0.14755484513341785,0.04234115054620434,0.08027088038794568,0,0,0,0,0,0,0,0,0,0
ヴァンイヤーデン　ショーン,Shawn Van Eerden,CB,センターバック,53.56607142857144,63.63636363636363,0.0,2.6298701298701297,6.233766233766234,80.86528599605522,11.88107142857143,0.9742207792207791,60.875,3.25,53.56607142857144,63.63636363636363,0.0,2.6298701298701297,6.233766233766234,80.86528599605522,11.88107142857143,0.9742207792207791,60.875,3.25,-0.4824455627579151,0.04704342661556137,-0.9645064480379035,0.8496048959108842,1.821232381224544,0.36584000457575794,-0.32951255066619145,-1.5436271703905236,-1.621918583526376,-1.3439385231092555,0,0,0,0,0,0,0,0,0,0
宮崎　海斗,Kaito Miyazaki,CB,センターバック,,,,,,,,,109.0,5.777777777777778,58.861702127659576,63.63636363636363,0.07755277897457992,2.09140201394268,4.093150684931507,79.83165957446809,12.705140186915887,3.006826722338205,109.0,5.777777777777778,0.04739025746093463,0.04704342661556137,-0.15758349055849755,0.0018470542895855258,-0.04138744536162603,0.19140106057376724,-0.09408708451500698,-0.11910886894865753,1.138569678111485,1.012480671767932,1,1,1,1,1,1,1,1,0,0
今瀬　淳也,Junya Imase,CB,センターバック,48.53529411764706,70.58235294117647,0.0,1.396551724137931,2.9482758620689657,85.81021634615385,16.292793103448275,5.043336206896552,89.72727272727273,4.0,48.53529411764706,70.58235294117647,0.0,1.396551724137931,2.9482758620689657,85.81021634615385,16.292793103448275,5.043336206896552,89.72727272727273,4.0,-0.9857824029441034,0.6096577981947778,-0.9645064480379035,-1.0921170347822642,-1.0375805941892773,1.2003662999756937,0.9308575596189764,1.3081451650349036,0.033070719023454105,-0.6447811795742657,0,0,0,0,0,0,0,0,0,0
松村　厳,Gen Matsumura,CB,センターバック,,,,,,,,,69.0909090909091,3.909090909090909,58.861702127659576,63.63636363636363,0.07755277897457992,2.09140201394268,4.093150684931507,79.83165957446809,12.705140186915887,3.006826722338205,69.0909090909091,3.909090909090909,0.04739025746093463,0.04704342661556137,-0.15758349055849755,0.0018470542895855258,-0.04138744536162603,0.19140106057376724,-0.09408708451500698,-0.11910886894865753,-1.150647506037787,-0.7295275242451735,1,1,1,1,1,1,1,1,0,0
行德　瑛,Ei Gyotoku,CB,センターバック,20.0,100.0,0.0,0.0,4.0,61.0,8.004,0.0,83.05555555555556,4.333333333333333,20.779675675675676,100.0,0.0,0.0,4.0,61.0,8.004,0.0,83.05555555555556,4.333333333333333,-3.7627737942462915,2.992441630279179,-0.9645064480379035,-3.290831573949506,-0.12244091276634302,-2.9867054016537797,-1.437140208104136,-2.226393711708651,-0.34962428227510206,-0.33404458244760393,0,0,0,0,0,0,0,0,0,0
濱田　水輝,Mizuki Hamada,CB,センターバック,67.85982142857144,33.34166666666667,0.08166969147005444,1.7150635208711433,6.043557168784029,73.67986230636832,10.858965517241378,2.20491833030853,69.54545454545455,3.1818181818181817,67.85982142857144,33.34166666666667,0.08166969147005444,1.7150635208711433,6.043557168784029,73.67986230636832,10.858965517241378,2.20491833030853,69.54545454545455,3.1818181818181817,0.9476656337341757,-2.4067800893491134,-0.11474774372315703,-0.5906558240949985,1.655725232673216,-0.8468009404101996,-0.6215145932071321,-0.6811131198926865,-1.1245744173800505,-1.4074982816124364,0,0,0,0,0,0,0,0,0,0
広瀬　健太,Kenta Hirose,CB,センターバック,,,,,,,,,99.35714285714286,5.071428571428571,58.861702127659576,63.63636363636363,0.07755277897457992,2.09140201394268,4.093150684931507,79.83165957446809,12.705140186915887,3.006826722338205,99.35714285714286,5.071428571428571,0.04739025746093463,0.04704342661556137,-0.15758349055849755,0.0018470542895855258,-0.04138744536162603,0.19140106057376724,-0.09408708451500698,-0.11910886894865753,0.585447725872359,0.3540150254757193,1,1,1,1,1,1,1,1,0,0
藤嵜　智貴,Tomoki Fujisaki,CB,センターバック,56.458064516129035,45.45,0.0,1.5774099318403116,4.8198636806231745,69.00717054263565,10.691509250243428,3.0671859785783835,66.1,3.4,56.458064516129035,45.45,0.0,1.5774099318403116,4.8198636806231745,69.00717054263565,10.691509250243428,3.0671859785783835,66.1,3.4,-0.19309730252572635,-1.4260238499917048,-0.9645064480379035,-0.8073760087752113,0.590949376983692,-1.6353831591781223,-0.6693546178637286,-0.0768070812033749,-1.3222084294056944,-1.2041070544022576,0,0,0,0,0,0,0,0,0,0
遠藤　元一,Genichi Endo,CB,センターバック,64.40169491525424,62.5,0.08823529411764705,2.2941176470588234,5.029411764705882,82.44715719063545,12.881911764705883,2.030117647058824,84.07692307692308,4.6923076923076925,64.40169491525424,62.5,0.08823529411764705,2.2941176470588234,5.029411764705882,82.44715719063545,12.881911764705883,2.030117647058824,84.07692307692308,4.6923076923076925,0.6016748723467805,-0.04500026724892641,-0.04643380867040294,0.32100015269994986,0.7732840406032601,0.6328029371854316,-0.043585799662154236,-0.8036192914587525,-0.29103782921425625,0.0005948298426479894,0,0,0,0,0,0,0,0,0,0
田辺　陽太,Yota Tanabe,CB,センターバック,,,,,,,,,90.23076923076923,5.923076923076923,58.861702127659576,63.63636363636363,0.07755277897457992,2.09140201394268,4.093150684931507,79.83165957446809,12.705140186915887,3.006826722338205,90.23076923076923,5.923076923076923,0.04739025746093463,0.04704342661556137,-0.15758349055849755,0.0018470542895855258,-0.04138744536162603,0.19140106057376724,-0.09408708451500698,-0.11910886894865753,0.061951678767407856,1.1479299576949389,1,1,1,1,1,1,1,1,0,0
二ノ宮　慈洋,Jiyo Ninomiya,CB,センターバック,33.33333333333333,0.0,0.0,0.0,13.5,63.62727272727272,4.5,0.0,93.6923076923077,3.3076923076923075,33.33333333333333,12.0,0.0,0.0,9.428698224852111,63.62727272727272,4.668544237918216,0.0,93.6923076923077,3.3076923076923075,-2.506761455066938,-4.135422022586775,-0.9645064480379035,-3.290831573949506,4.601247538280868,-2.5433163100253293,-2.3900354849404,-2.226393711708651,0.26050827700709445,-1.2901571889911796,0,0,0,0,0,0,0,0,0,0
斉藤　諒,Ryo Saito,CB,センターバック,67.34897959183674,73.68421052631578,0.1782178217821782,3.118811881188119,4.366336633663367,76.53192307692308,12.29417821782178,2.7626435643564355,85.0,3.875,67.34897959183674,73.68421052631578,0.1782178217821782,3.118811881188119,4.366336633663367,76.53192307692308,12.29417821782178,2.7626435643564355,85.0,3.875,0.8965551392627544,0.8609034565752447,0.8898184869221967,1.6193890140697471,0.19632061236490503,-0.36547571627249775,-0.21149344431774952,-0.290240601898041,-0.23808940301700676,-0.7613074034967641,0,0,0,0,0,0,0,0,0,0
山内　琳太郎,Rintaro Yamauchi,CB,センターバック,,,,,,,,,98.5,5.666666666666667,58.861702127659576,63.63636363636363,0.07755277897457992,2.09140201394268,4.093150684931507,79.83165957446809,12.705140186915887,3.006826722338205,98.5,5.666666666666667,0.04739025746093463,0.04704342661556137,-0.15758349055849755,0.0018470542895855258,-0.04138744536162603,0.19140106057376724,-0.09408708451500698,-0.11910886894865753,0.5362813301177698,0.9089018060590449,1,1,1,1,1,1,1,1,0,0
寺阪　尚悟,Shogo Terasaka,CB,センターバック,62.50416666666667,47.609523809523814,0.1272984441301273,2.418670438472419,2.545968882602546,80.93533834586465,15.404130127298444,1.5278359264497876,82.07692307692308,4.384615384615385,62.50416666666667,47.609523809523814,0.1272984441301273,2.418670438472419,2.545968882602546,80.93533834586465,15.404130127298444,1.5278359264497876,82.07692307692308,4.384615384615385,0.4118243157073324,-1.251105767384848,0.3600113626478825,0.5170945963511395,-1.3876410974571642,0.37766232032776,0.6769783859542927,-1.1556351388540913,-0.40575941930829723,-0.2862389521204245,0,0,0,0,0,0,0,0,0,0
今井　那生,Naiki Imai,CB,センターバック,,,,,,,,,62.26315789473684,5.052631578947368,58.861702127659576,63.63636363636363,0.07755277897457992,2.09140201394268,4.093150684931507,79.83165957446809,12.705140186915887,3.006826722338205,62.26315789473684,5.052631578947368,0.04739025746093463,0.04704342661556137,-0.15758349055849755,0.0018470542895855258,-0.04138744536162603,0.19140106057376724,-0.09408708451500698,-0.11910886894865753,-1.5422927430334725,0.33649228503624584,1,1,1,1,1,1,1,1,0,0
西野　奨太,Shota Nishino,CB,センターバック,51.172093023255805,76.92692307692309,0.0,2.066805845511482,3.288100208768267,75.85984555984557,12.686805845511481,3.006826722338205,94.92857142857143,4.571428571428571,51.172093023255805,76.92692307692309,0.0,2.066805845511482,3.288100208768267,75.85984555984557,12.686805845511481,3.006826722338205,94.92857142857143,4.571428571428571,-0.7219667046277655,1.123558148918041,-0.9645064480379035,-0.036876862771820444,-0.7418882798625065,-0.4788982158506962,-0.09932496160717931,-0.11910886894865753,0.3314213478069825,-0.11208987021427386,0,0,0,0,0,0,0,0,0,0
下堂　竜聖,Ryusei Shimodo,CB,センターバック,67.3913043478261,50.0,0.09414225941422594,2.1652719665271967,4.895397489539749,85.61857835218095,13.840512552301256,4.895020920502091,91.0,3.8333333333333335,67.3913043478261,50.0,0.09414225941422594,2.1652719665271967,4.895397489539749,85.61857835218095,13.840512552301256,4.895020920502091,91.0,3.8333333333333335,0.9007897947890631,-1.057480899758295,0.015027121161731034,0.11814703512662214,0.6566738225256157,1.16802470285595,0.23027367503255336,1.2042008463793834,0.10607536726511617,-0.8001494781375966,0,0,0,0,0,0,0,0,0,0
田中　誠太郎,Seitaro Tanaka,CB,センターバック,72.72727272727273,57.171428571428585,0.0,3.6531365313653135,3.321033210332103,76.27410071942445,11.954391143911439,4.649446494464945,56.6,4.3,72.72727272727273,57.171428571428585,0.0,3.6531365313653135,3.321033210332103,76.27410071942445,11.954391143911439,4.649446494464945,56.6,4.3,1.434661460627237,-0.47660629687863326,-0.9645064480379035,2.460623432154226,-0.713232194609278,-0.40898685225246445,-0.30856608474668307,1.0320940661938118,-1.8671359823523885,-0.36511824216027006,0,0,0,0,0,0,0,0,0,0
都並　優太,Yuta Tsunami,CB,センターバック,69.5695652173913,53.83846153846154,0.0,2.611607142857143,5.424107142857143,78.77988826815641,10.847008928571427,6.427165178571429,40.53333333333333,2.4,69.5695652173913,53.83846153846154,0.0,2.611607142857143,5.424107142857143,78.77988826815641,10.847008928571427,6.427165178571429,42.01733333333333,2.4,1.118728072599001,-0.7465714624523412,-0.9645064480379035,0.8208518648701872,1.1167214398161467,0.013899912990014288,-0.6249304313064388,2.277978842286164,-2.7036093362580726,-2.1363168457822437,0,0,0,0,0,0,0,0,0,0
山内　舟征,Shusei Yamauchi,CB,センターバック,52.38571428571429,54.554545454545455,0.21818181818181817,2.1818181818181817,3.8181818181818183,87.04670781893003,13.200763636363636,1.8543272727272726,80.0,4.888888888888889,52.38571428571429,54.554545454545455,0.21818181818181817,2.1818181818181817,3.8181818181818183,87.04670781893003,13.200763636363636,1.8543272727272726,80.0,4.888888888888889,-0.6005420710821422,-0.6885697747494268,1.3056368056708254,0.14419720104578068,-0.2806468785562988,1.4090415643399195,0.04750593237851948,-0.9268190716721988,-0.5248933782521092,0.1838497460968335,0,0,0,0,0,0,0,0,0,0
奈良坂　巧,Takumi Narasaka,CB,センターバック,70.14675324675326,70.0,0.22113022113022113,2.1007371007371005,4.201474201474201,69.47467532467533,9.1752457002457,2.5433292383292385,93.0,5.2,70.14675324675326,70.0,0.22113022113022113,2.1007371007371005,4.201474201474201,69.47467532467533,9.1752457002457,2.5433292383292385,93.0,5.2,1.1764766034794032,0.5624881122566947,1.3363144172074297,0.016544104677712494,0.05286840067658069,-1.5564851755433176,-1.1025309146856181,-0.44394342474572646,0.22079695735915714,0.4738705700817179,0,0,0,0,0,0,0,0,0,0
鍋田　純志,Atsushi Nabeta,CB,センターバック,62.26792452830189,64.71764705882353,0.0,2.3304562268803943,3.5511713933415536,79.25308411214954,12.653045622688039,4.880974106041924,65.5,3.7,62.26792452830189,64.71764705882353,0.0,2.3304562268803943,3.5511713933415536,79.25308411214954,12.653045622688039,4.880974106041924,65.5,3.7,0.3881879342707811,0.13462570849508868,-0.9645064480379035,0.37821118355933125,-0.5129814103144216,0.09375834308465694,-0.10896980751972699,1.1943563684847762,-1.3566249064339062,-0.9244441169882615,0,0,0,0,0,0,0,0,0,0
内田　航平,Kohei Uchida,CB,センターバック,,,,,,,,,96.77777777777777,4.888888888888889,58.861702127659576,63.63636363636363,0.07755277897457992,2.09140201394268,4.093150684931507,79.83165957446809,12.705140186915887,3.006826722338205,96.77777777777777,4.888888888888889,0.04739025746093463,0.04704342661556137,-0.15758349055849755,0.0018470542895855258,-0.04138744536162603,0.19140106057376724,-0.09408708451500698,-0.11910886894865753,0.4374932942034564,0.1838497460968335,1,1,1,1,1,1,1,1,0,0
酒井　崇一,Shuichi Sakai,CB,センターバック,,,,,,,,,79.41666666666667,4.166666666666667,58.861702127659576,63.63636363636363,0.07755277897457992,2.09140201394268,4.093150684931507,79.83165957446809,12.705140186915887,3.006826722338205,79.41666666666667,4.166666666666667,0.04739025746093463,0.04704342661556137,-0.15758349055849755,0.0018470542895855258,-0.04138744536162603,0.19140106057376724,-0.09408708451500698,-0.11910886894865753,-0.5583538420295375,-0.48941288101093444,1,1,1,1,1,1,1,1,0,0
東　廉太,Renta Higashi,CB,センターバック,,,,,,,,,87.18181818181819,4.545454545454546,58.861702127659576,63.63636363636363,0.07755277897457992,2.09140201394268,4.093150684931507,79.83165957446809,12.705140186915887,3.006826722338205,87.18181818181819,4.545454545454546,0.04739025746093463,0.04704342661556137,-0.15758349055849755,0.0018470542895855258,-0.04138744536162603,0.19140106057376724,-0.09408708451500698,-0.11910886894865753,-0.11293857745987085,-0.13630311154881833,1,1,1,1,1,1,1,1,0,0
相馬　丞,Jo  Soma,CB,センターバック,,,,,,,,,63.142857142857146,3.5,58.861702127659576,63.63636363636363,0.07755277897457992,2.09140201394268,4.093150684931507,79.83165957446809,12.705140186915887,3.006826722338205,63.142857142857146,3.5,0.04739025746093463,0.04704342661556137,-0.15758349055849755,0.0018470542895855258,-0.04138744536162603,0.19140106057376724,-0.09408708451500698,-0.11910886894865753,-1.4918324947590258,-1.1108860752642589,1,1,1,1,1,1,1,1,0,0
端野　拓馬,Takuma Hashino,CB,センターバック,26.310526315789474,70.0,0.12430939226519336,3.2320441988950277,2.859116022099448,71.34735202492212,9.324820441988951,2.4856906077348064,53.0,2.25,26.310526315789474,70.0,0.12430939226519336,3.2320441988950277,2.859116022099448,71.34735202492212,9.324820441988951,2.4856906077348064,53.0,2.25,-3.2094038649728542,0.5624881122566947,0.3289108063196249,1.7976606376284572,-1.1151614964455825,-1.2404447384707198,-1.0597994035795646,-0.48433850694542074,-2.073634844521662,-2.276148314489242,0,0,0,0,0,0,0,0,0,0
神谷　凱士,Kaito Kamiya,CB,センターバック,,,,,,,,,58.0,2.625,58.861702127659576,63.63636363636363,0.07755277897457992,2.09140201394268,4.093150684931507,79.83165957446809,12.705140186915887,3.006826722338205,58.0,2.625,0.04739025746093463,0.04704342661556137,-0.15758349055849755,0.0018470542895855258,-0.04138744536162603,0.19140106057376724,-0.09408708451500698,-0.11910886894865753,-1.78683086928656,-1.926569642721747,1,1,1,1,1,1,1,1,0,0
菊地　健太,Kenta Kikuchi,CB,センターバック,,,,,,,,,70.26666666666667,4.333333333333333,58.861702127659576,63.63636363636363,0.07755277897457992,2.09140201394268,4.093150684931507,79.83165957446809,12.705140186915887,3.006826722338205,70.26666666666667,4.333333333333333,0.04739025746093463,0.04704342661556137,-0.15758349055849755,0.0018470542895855258,-0.04138744536162603,0.19140106057376724,-0.09408708451500698,-0.11910886894865753,-1.0832051167097754,-0.33404458244760393,1,1,1,1,1,1,1,1,0,0
ヘナン,Renan Dos Santos Paixão,CB,センターバック,,,,,,,,,80.3,3.7,58.861702127659576,63.63636363636363,0.07755277897457992,2.09140201394268,4.093150684931507,79.83165957446809,12.705140186915887,3.006826722338205,80.3,3.7,0.04739025746093463,0.04704342661556137,-0.15758349055849755,0.0018470542895855258,-0.04138744536162603,0.19140106057376724,-0.09408708451500698,-0.11910886894865753,-0.5076851397380032,-0.9244441169882615,1,1,1,1,1,1,1,1,0,0
木邨　優人,Yuto  Kimura,CB,センターバック,,,,,,,,,66.91666666666667,3.8333333333333335,58.861702127659576,63.63636363636363,0.07755277897457992,2.09140201394268,4.093150684931507,79.83165957446809,12.705140186915887,3.006826722338205,66.91666666666667,3.8333333333333335,0.04739025746093463,0.04704342661556137,-0.15758349055849755,0.0018470542895855258,-0.04138744536162603,0.19140106057376724,-0.09408708451500698,-0.11910886894865753,-1.2753637801172937,-0.8001494781375966,1,1,1,1,1,1,1,1,0,0
伊勢　渉,Wataru Ise,CB,センターバック,65.5344827586207,80.01333333333334,0.0,2.769230769230769,5.3999999999999995,81.94878706199462,8.585307692307692,4.708523076923077,56.18181818181818,2.8181818181818183,65.5344827586207,80.01333333333334,0.0,2.769230769230769,5.3999999999999995,81.94878706199462,8.585307692307692,4.708523076923077,56.18181818181818,2.8181818181818183,0.7150120006754906,1.373552597605533,-0.9645064480379035,1.0690126404675888,1.0957450238163169,0.548695993761178,-1.2710683444968482,1.0734969132056529,-1.8911232239175064,-1.7464836602960676,0,0,0,0,0,0,0,0,0,0
大武　峻,Shun Obu,CB,センターバック,77.35660377358491,25.0,0.0,1.85126582278481,6.8354430379746836,81.5248407643312,10.539113924050634,3.2753164556962027,45.666666666666664,1.8888888888888888,77.35660377358491,25.0,0.0,1.85126582278481,6.8354430379746836,81.5248407643312,10.539113924050634,3.2753164556962027,45.666666666666664,2.12,1.8978329979494575,-3.082442164777032,-0.9645064480379035,-0.3762205287102299,2.34477111069221,0.47714911479846095,-0.7128919323716565,0.06905772586662617,-2.4942806748664794,-2.39733558736864,0,0,0,0,0,0,0,0,0,0
竹内　悠力,Yuri Takeuchi,CB,センターバック,67.93018867924529,61.116666666666674,0.0,2.4363057324840764,3.7261146496815285,80.10672268907562,11.177340764331209,5.158805732484076,50.333333333333336,2.6666666666666665,67.93018867924529,61.116666666666674,0.0,2.4363057324840764,3.7261146496815285,80.10672268907562,11.177340764331209,5.158805732484076,50.333333333333336,2.6666666666666665,0.9547059830515379,-0.15704812391329592,-0.9645064480379035,0.5448593949445146,-0.36075754276204103,0.2378218159298087,-0.530559026456,1.3890700747623443,-2.22659696464705,-1.8877275680809142,0,0,0,0,0,0,0,0,0,0
佐藤　大翔,Hiroto  Sato,CB,センターバック,,,,,,,,,75.27272727272727,3.3636363636363638,58.861702127659576,63.63636363636363,0.07755277897457992,2.09140201394268,4.093150684931507,79.83165957446809,12.705140186915887,3.006826722338205,75.27272727272727,3.3636363636363638,0.04739025746093463,0.04704342661556137,-0.15758349055849755,0.0018470542895855258,-0.04138744536162603,0.19140106057376724,-0.09408708451500698,-0.11910886894865753,-0.79605350029257,-1.2380055922706206,1,1,1,1,1,1,1,1,0,0
金城　ジャスティン俊樹,Justin Toshiki Kinjo,CB,センターバック,42.094736842105256,66.66666666666666,0.0,1.4808043875685557,5.7586837294332724,80.7206611570248,15.633016453382087,4.935356489945156,70.83333333333333,3.5,42.094736842105256,66.66666666666666,0.0,1.4808043875685557,5.7586837294332724,80.7206611570248,15.633016453382087,4.935356489945156,70.83333333333333,3.5,-1.6301698500031983,0.2924932769208623,-0.9645064480379035,-0.9594706366240943,1.407847505871055,0.34143253620029995,0.7423681601305752,1.2324693639763555,-1.0507006661831306,-1.1108860752642589,0,0,0,0,0,0,0,0,0,0
津覇　実樹,Jitsuki Tsuha,CB,センターバック,,,,,,,,,43.625,3.0625,58.861702127659576,63.63636363636363,0.07755277897457992,2.09140201394268,4.093150684931507,79.83165957446809,12.705140186915887,3.006826722338205,43.625,3.0625,0.04739025746093463,0.04704342661556137,-0.15758349055849755,0.0018470542895855258,-0.04138744536162603,0.19140106057376724,-0.09408708451500698,-0.11910886894865753,-2.6113922980874795,-1.5187278589930029,1,1,1,1,1,1,1,1,0,0
坂本　修佑,Shusuke Sakamoto,CB,センターバック,69.09272727272729,50.0,0.0,2.34,5.58,57.16335403726708,7.381259999999999,1.26036,63.42857142857143,4.714285714285714,69.09272727272729,50.0,0.0,2.34,5.58,59.23583410138249,7.381259999999999,1.26036,63.42857142857143,4.714285714285714,1.0710197186977308,-1.057480899758295,-0.9645064480379035,0.39323678723293903,1.2523689299483738,-3.2844331202686248,-1.6150487300647596,-1.343091223843423,-1.4754436961741628,0.021082957125724538,0,0,0,0,0,0,0,0,0,0
平瀬　大,Dai Hirase,CB,センターバック,,,,,,,,,49.7,2.3,58.861702127659576,63.63636363636363,0.07755277897457992,2.09140201394268,4.093150684931507,79.83165957446809,12.705140186915887,3.006826722338205,49.7,2.3,0.04739025746093463,0.04704342661556137,-0.15758349055849755,0.0018470542895855258,-0.04138744536162603,0.19140106057376724,-0.09408708451500698,-0.11910886894865753,-2.26292546817683,-2.2295378249202424,1,1,1,1,1,1,1,1,0,0
橋内　優也,Yuya Hashiuchi,CB,センターバック,70.58823529411765,50.0,0.0,1.5894039735099337,5.562913907284768,87.44112554112554,8.343973509933774,2.18523178807947,28.8,2.0,70.58823529411765,50.0,0.0,1.5894039735099337,5.562913907284768,87.44112554112554,8.343973509933774,2.18523178807947,42.01733333333333,2.12,1.2206475466528928,-1.057480899758295,-0.9645064480379035,-0.7884927312377077,1.2375017600506288,1.4756050823755855,-1.340014305386978,-0.6949101078392991,-2.7036093362580726,-2.39733558736864,0,0,0,0,0,0,0,0,0,0
川上　優樹,Yuki Kawakami,CB,センターバック,71.42857142857143,66.66666666666666,0.0,1.3968957871396896,3.7915742793791574,80.38238636363637,13.968758314855874,7.383192904656319,102.0,3.6666666666666665,71.42857142857143,66.66666666666666,0.0,1.3968957871396896,3.7915742793791574,80.38238636363637,13.968758314855874,7.383192904656319,102.0,3.6666666666666665,1.3047244414285277,0.2924932769208623,-0.9645064480379035,-1.091575346056182,-0.3037989711109267,0.28434392419427085,0.26691178092555073,2.9479950828197574,0.7370441127823415,-0.955517776700928,0,0,0,0,0,0,0,0,0,0
高嶋　修也,Shuya Takashima,CB,センターバック,,,,,,,,,58.77777777777778,2.6666666666666665,58.861702127659576,63.63636363636363,0.07755277897457992,2.09140201394268,4.093150684931507,79.83165957446809,12.705140186915887,3.006826722338205,58.77777777777778,2.6666666666666665,0.04739025746093463,0.04704342661556137,-0.15758349055849755,0.0018470542895855258,-0.04138744536162603,0.19140106057376724,-0.09408708451500698,-0.11910886894865753,-1.7422169175833218,-1.8877275680809142,1,1,1,1,1,1,1,1,0,0
工藤　駿,Shun  Kudo,CB,センターバック,49.977272727272734,75.0,0.0,1.740331491712707,5.220994475138121,84.77157360406092,12.930165745856351,0.7453591160220994,102.0,6.333333333333333,49.977272727272734,75.0,0.0,1.740331491712707,5.220994475138121,84.77157360406092,12.930165745856351,0.7453591160220994,102.0,6.333333333333333,-0.8415102731861482,0.9674803652604421,-0.9645064480379035,-0.5508742292536799,0.9399864431325039,1.0250807815890581,-0.0298002800790287,-1.7040210867956518,0.7370441127823415,1.5303750003123686,0,0,0,0,0,0,0,0,0,0
國廣　周平,Shuhei Kunihiro,CB,センターバック,56.50869565217391,66.64999999999999,0.0,3.4615384615384617,7.455621301775149,79.23574879227053,10.916094674556211,2.1307100591715975,118.33333333333333,4.666666666666667,56.50869565217391,66.64999999999999,0.0,3.4615384615384617,7.455621301775149,79.23574879227053,10.916094674556211,2.1307100591715975,118.33333333333333,4.666666666666667,-0.18803158117556323,0.2911433027441832,-0.9645064480379035,2.158973694071863,2.8844085672179083,0.09083276491591404,-0.6051935540274779,-0.7331207609757341,1.6739370985503426,-0.023307985320941315,0,0,0,0,0,0,0,0,0,0
