FB_Name,SC_Name,analysis_position_code,analysis_position_jp,raw_running_distance_full_all_per_match,raw_hi_distance_full_all_per_match,raw_sprint_count_full_all_per_match,raw_crosses_per90,raw_cross_success_rate_pct,raw_pa_entry_per90,raw_tackle_win_rate_pct,raw_blocks_per90,raw_forward_long_pass_success_rate_pct,raw_regain_within_5s_per90,win_running_distance_full_all_per_match,win_hi_distance_full_all_per_match,win_sprint_count_full_all_per_match,win_crosses_per90,win_cross_success_rate_pct,win_pa_entry_per90,win_tackle_win_rate_pct,win_blocks_per90,win_forward_long_pass_success_rate_pct,win_regain_within_5s_per90,z_running_distance_full_all_per_match,z_hi_distance_full_all_per_match,z_sprint_count_full_all_per_match,z_crosses_per90,z_cross_success_rate_pct,z_pa_entry_per90,z_tackle_win_rate_pct,z_blocks_per90,z_forward_long_pass_success_rate_pct,z_regain_within_5s_per90,imputed_running_distance_full_all_per_match,imputed_hi_distance_full_all_per_match,imputed_sprint_count_full_all_per_match,imputed_crosses_per90,imputed_cross_success_rate_pct,imputed_pa_entry_per90,imputed_tackle_win_rate_pct,imputed_blocks_per90,imputed_forward_long_pass_success_rate_pct,imputed_regain_within_5s_per90
内田　瑞己,Mizuki  Uchida,SB,サイドバック,1188.359375,735.5625,11.640625,4.090909090909091,18.439716312056735,1.3056092843326885,66.2525,2.3500967117988396,22.34148936170213,1.0444874274661509,1188.359375,735.5625,11.640625,4.090909090909091,18.439716312056735,1.3056092843326885,66.2525,2.3500967117988396,22.34148936170213,1.0444874274661509,0.28629632082716794,0.653839493985519,1.23040469497573,0.7355429484377203,-0.33167231333911673,-0.245601714510852,0.3767612948441107,-0.003480207002298897,-0.5082096072550614,-0.008488781102215117,0,0,0,0,0,0,0,0,0,0
音泉　翔眞,Shoma Otoizumi,SB,サイドバック,1584.719298245614,992.8947368421053,14.210526315789474,3.3227848101265822,24.766666666666666,1.6772151898734178,65.88470588235293,2.879746835443038,27.865573770491803,0.9493670886075949,1584.719298245614,982.7955555555556,14.210526315789474,3.3227848101265822,24.766666666666666,1.6772151898734178,65.88470588235293,2.879746835443038,27.865573770491803,0.9493670886075949,1.632722547933139,2.1112836151308114,2.1799644949792576,0.1902966726766197,0.547921163804934,0.43891811243540735,0.33605738499321947,0.7689665917353014,0.10924659508468997,-0.23304234718530834,0,0,0,0,0,0,0,0,0,0
杉井　颯,Hayate Sugii,SB,サイドバック,1453.5689655172414,795.9137931034483,10.913793103448276,1.8960244648318043,30.6483870967742,1.1314984709480123,63.46346153846155,2.53822629969419,27.13563829787234,1.8042813455657494,1453.5689655172414,795.9137931034483,10.913793103448276,1.8960244648318043,30.6483870967742,1.1314984709480123,63.46346153846155,2.53822629969419,27.13563829787234,1.8042813455657494,1.1872076577464972,1.0096116505019117,0.9618456082569392,-0.8224766299497414,1.365617310407059,-0.5663240229309163,0.06809738571093783,0.2708897807128526,0.027657837288095358,1.7851805418300162,0,0,0,0,0,0,0,0,0,0
下川　陽太,Yota Shimokawa,SB,サイドバック,1347.896551724138,701.3965517241379,9.46551724137931,5.286486486486486,26.99570552147239,2.172972972972973,72.55098039215687,2.983783783783784,33.33690476190476,0.9405405405405406,1347.896551724138,701.3965517241379,9.46551724137931,5.286486486486486,26.99570552147239,2.172972972972973,72.55098039215687,2.983783783783784,33.33690476190476,0.9405405405405406,0.8282407161658218,0.45243050218984077,0.426718236055227,1.584213064240646,0.857809487104199,1.3521329640690667,1.0738164291678585,0.9206950707986299,0.7208062682725621,-0.2538794559303493,0,0,0,0,0,0,0,0,0,0
藤春　廣輝,Hiroki Fujiharu,SB,サイドバック,1477.08,840.18,12.08,2.1435468297392983,21.62162162162162,0.6372706791116833,61.534615384615385,1.4773093015770842,33.33472222222222,0.6662375281622144,1477.08,840.18,12.08,2.1435468297392983,21.62162162162162,0.6372706791116833,61.534615384615385,1.4773093015770842,33.33472222222222,0.6662375281622144,1.267074141710777,1.2705618816989823,1.392750554158413,-0.6467750527311391,0.11068664292233889,-1.476720541112073,-0.14536872534234496,-1.2763617016116888,0.7205623142407057,-0.9014351769889223,0,0,0,0,0,0,0,0,0,0
小澤　秀充,Hideatsu Ozawa,SB,サイドバック,1475.7272727272727,790.4,10.236363636363636,2.964996568291009,23.96041666666667,2.687028140013727,68.08936170212766,2.1002059025394644,22.22222222222222,0.5559368565545642,1475.7272727272727,790.4,10.236363636363636,2.964996568291009,23.96041666666667,2.687028140013727,68.08936170212766,2.1002059025394644,22.22222222222222,0.5559368565545642,1.2624789559432372,0.9771077228787448,0.7115403590517662,-0.06367616902709822,0.43583363328864494,2.2990526678115035,0.5800474528998133,-0.36792334980428576,-0.5215407277734252,-1.1618254305149183,0,0,0,0,0,0,0,0,0,0
山脇　樺織,Kaoru Yamawaki,SB,サイドバック,1476.0357142857142,900.6964285714286,14.446428571428571,5.380434782608696,28.91900826446281,2.134387351778656,71.42285714285713,3.2905138339920947,25.803225806451614,1.3784584980237153,1476.0357142857142,900.6964285714286,14.446428571428571,5.380434782608696,28.91900826446281,2.134387351778656,71.42285714285713,3.2905138339920947,25.803225806451614,1.3784584980237153,1.2635267253554783,1.6273075153115495,2.267128658563581,1.65090143727652,1.1251933691469926,1.2810559915324906,0.9489666155439896,1.3680331054427917,-0.12127297115386743,0.7799271955671507,0,0,0,0,0,0,0,0,0,0
松本　雄真,Yuma Matsumoto,SB,サイドバック,1386.2413793103449,881.4310344827586,12.206896551724139,3.0548302872062667,18.461538461538463,1.2689295039164492,64.17910447761194,2.443864229765013,23.4421875,1.6919060052219324,1386.2413793103449,881.4310344827586,12.206896551724139,3.0548302872062667,18.461538461538463,1.2689295039164492,64.17910447761194,2.443864229765013,23.4421875,1.6919060052219324,0.9584972797284623,1.513737607384048,1.439637904865611,9.15075088068598e-05,-0.32863852624334705,-0.31316801679126344,0.1472978521755945,0.1332712367247251,-0.385178740580679,1.5198925527751326,0,0,0,0,0,0,0,0,0,0
鈴　直樹,Naoki Suzu,SB,サイドバック,1356.0862068965516,711.2241379310345,8.241379310344827,1.9049271339347675,24.59508196721312,0.9993060374739764,49.99705882352941,3.6849410131852878,26.926923076923075,1.436502428868841,1356.0862068965516,711.2241379310345,8.241379310344827,1.9049271339347675,24.59508196721312,0.9993060374739764,49.99705882352941,3.6849410131852878,26.926923076923075,1.436502428868841,0.8560608005598207,0.5103643319121834,-0.02559180473431507,-0.8161571484619552,0.5240668937446205,-0.8098302222029139,-1.4222343401770343,1.9432694705485112,0.00432863046193252,0.9169533228619131,0,0,0,0,0,0,0,0,0,0
安在　達弥,Tatsuya Anzai,SB,サイドバック,1172.8035714285713,697.4821428571429,9.017857142857142,1.3347457627118644,30.608163265306125,1.1985472154963681,67.56756756756756,2.070217917675545,32.63958333333334,0.6809927360774819,1172.8035714285713,697.4821428571429,9.017857142857142,1.3347457627118644,30.608163265306125,1.1985472154963681,67.56756756756756,2.070217917675545,32.63958333333334,0.6809927360774819,0.23345358702912608,0.42935497865945704,0.2613110933721299,-1.2208953880225304,1.360025260872597,-0.44281631131793675,0.5223003047133953,-0.41165811332958824,0.6428629550945912,-0.8666020950694209,0,0,0,0,0,0,0,0,0,0
舘野　俊祐,Shunsuke Tachino,SB,サイドバック,1112.1538461538462,548.3461538461538,5.673076923076923,3.9451277199621573,16.55179856115108,1.5326395458845792,57.47241379310345,2.469252601702933,22.55588235294118,1.4758751182592242,1112.1538461538462,548.3461538461538,5.673076923076923,3.9451277199621573,16.55179856115108,1.5326395458845792,57.47241379310345,2.469252601702933,22.55588235294118,1.4758751182592242,0.027427760532891247,-0.4498048486817246,-0.9745608123063069,0.6320613223873267,-0.5941368572360254,0.1726013146442675,-0.5949340648720975,0.17029788083022132,-0.48424576594081786,1.0099016650880641,0,0,0,0,0,0,0,0,0,0
生駒　稀生,Kei Ikoma,SB,サイドバック,1262.3584905660377,609.3207547169811,8.660377358490566,1.379310344827586,24.99090909090909,0.5329153605015674,64.28571428571429,2.9780564263322886,31.37843137254902,1.2852664576802508,1262.3584905660377,609.3207547169811,8.660377358490566,1.379310344827586,24.99090909090909,0.5329153605015674,64.28571428571429,2.9780564263322886,31.37843137254902,1.2852664576802508,0.5376697421481175,-0.09035827961888075,0.12922491929888455,-1.189261610732359,0.5790960842022294,-1.6689491455847998,0.15909639872652906,0.9123422379923348,0.5018973139758248,0.5599258242431658,0,0,0,0,0,0,0,0,0,0
松長根　悠仁,Yuto  Matsunagane,SB,サイドバック,1231.4150943396226,767.7924528301887,10.924528301886792,2.3427331887201737,24.993333333333332,1.0151843817787418,60.46744186046512,3.631236442516269,33.78243243243243,0.9761388286334056,1231.4150943396226,767.7924528301887,10.924528301886792,2.3427331887201737,24.993333333333332,1.0151843817787418,60.46744186046512,3.631236442516269,33.78243243243243,0.9761388286334056,0.43255568345666934,0.8438357514503437,0.9658121858136902,-0.5053843648777406,0.5794331103686868,-0.7805813826833281,-0.26347321053684,1.8649462117801843,0.7706052581365788,-0.16984146117937568,0,0,0,0,0,0,0,0,0,0
文　仁柱,In Ju Mun,SB,サイドバック,1336.433962264151,763.8867924528302,10.377358490566039,1.7142857142857144,18.421052631578945,1.443609022556391,67.5,2.706766917293233,31.645569620253166,1.5338345864661656,1336.433962264151,763.8867924528302,10.377358490566039,1.7142857142857144,18.421052631578945,1.443609022556391,67.5,2.706766917293233,31.645569620253166,1.5338345864661656,0.7893025436253274,0.8208118004524471,0.7636369297392794,-0.9514822861643621,-0.33426699967102436,0.008601879993553196,0.5148225772371954,0.5166910270637274,0.5317567722535881,1.146728398784857,0,0,0,0,0,0,0,0,0,0
樋口　大輝,Daiki Higuchi,SB,サイドバック,1303.047619047619,692.047619047619,8.158730158730158,1.6737109044801353,15.911363636363637,0.5705832628909552,68.57428571428572,3.1191885038038882,22.502500000000005,0.7988165680473372,1303.047619047619,692.047619047619,8.158730158730158,1.6737109044801353,15.911363636363637,0.5705832628909552,68.57428571428572,3.1191885038038882,22.502500000000005,0.7988165680473372,0.6758898459796968,0.397318345210032,-0.056130063692160455,-0.9802839586146452,-0.6831722298571855,-1.599562664798137,0.6337141711216502,1.1181706076565288,-0.49021259455527044,-0.5884516810160301,0,0,0,0,0,0,0,0,0,0
西谷　和希,Kazuki Nishiya,SB,サイドバック,1306.1929824561403,750.5438596491229,9.842105263157896,3.303964757709251,22.002,2.1145374449339207,72.71818181818182,1.7841409691629957,27.26818181818182,0.2643171806167401,1306.1929824561403,750.5438596491229,9.842105263157896,3.303964757709251,22.002,2.1145374449339207,72.71818181818182,1.7841409691629957,27.26818181818182,0.2803247042518438,0.6865745785639953,0.742154927770509,0.5658647645412618,0.1769374237283573,0.16356809792292584,1.2444913013710523,1.092320672290068,-0.828875467213539,0.04247292928140612,-1.8124716792361566,0,0,0,0,0,0,0,0,0,0
橋本　陸,Riku Hashimoto,SB,サイドバック,1098.1607142857142,657.8571428571429,9.178571428571429,3.8979416809605487,15.837623762376236,1.5051457975986278,64.27857142857142,1.813893653516295,27.26727272727273,0.8876500857632933,1098.1607142857142,657.8571428571429,9.178571428571429,3.8979416809605487,15.837623762376236,1.5051457975986278,64.27857142857142,1.813893653516295,27.26727272727273,0.8876500857632933,-0.02010661073332314,0.19576476083599537,0.3206938502363508,0.5985667269459025,-0.6934237900132539,0.12195622117779477,0.1583058961076154,-0.7854838682001587,0.042371315370616634,-0.37873961070385337,0,0,0,0,0,0,0,0,0,0
丸山　壮大,Sota Maruyama,SB,サイドバック,989.9166666666666,590.8333333333334,8.020833333333334,1.371518654755649,6.896551724137931,0.42564372044140836,55.54888888888889,2.0809248554913293,20.0,0.9931686810299528,989.9166666666666,590.8333333333334,8.020833333333334,1.371518654755649,6.896551724137931,0.4403962625282401,55.54888888888889,2.0809248554913293,20.0,0.9931686810299528,-0.3878093377118032,-0.1993420219028026,-0.10708193532257151,-1.1947924735105548,-1.9364410736527964,-1.8393747389073063,-0.8078112712776262,-0.3960430129626125,-0.7699302874812879,-0.12963855472001323,0,0,0,0,0,0,0,0,0,0
小島　雅也,Masaya Kojima,SB,サイドバック,1097.811320754717,644.9622641509434,8.433962264150944,4.416303917688959,18.549193548387095,1.6739216462208153,58.97179487179487,2.2081519588444793,29.84626865671642,0.7835377918480411,1097.811320754717,644.9622641509434,8.433962264150944,4.416303917688959,18.549193548387095,1.6739216462208153,58.97179487179487,2.2081519588444793,29.84626865671642,0.7835377918480411,-0.021293493125124435,0.11974917658897304,0.04556619264740432,0.9665216089129608,-0.3164524273632801,0.4328512122664263,-0.4289970111485995,-0.21049379035199492,0.33063936390191634,-0.6245207669981481,0,0,0,0,0,0,0,0,0,0
美馬　和也,Kazuya Mima,SB,サイドバック,1261.7058823529412,712.8823529411765,10.147058823529411,1.8120805369127515,22.727272727272727,0.9609517998779744,57.35588235294118,1.8669920683343504,29.840322580645157,1.0707748627211713,1261.7058823529412,712.8823529411765,10.147058823529411,1.8120805369127515,22.727272727272727,0.9609517998779744,57.35588235294118,1.8669920683343504,29.840322580645157,1.0707748627211713,0.535452845931813,0.5201395446671914,0.6785428817972092,-0.882063490065652,0.26439790127277335,-0.8804809726092295,-0.6078306420808478,-0.7080446329139587,0.32997473945411787,0.05356879144776218,0,0,0,0,0,0,0,0,0,0
山本　龍平,Ryuhei Yamamoto,SB,サイドバック,1067.5961538461538,603.5384615384615,8.5,4.460398332561371,22.42897196261682,1.1672070402964336,71.42857142857143,2.667901806391848,24.994999999999997,0.6252894858730894,1067.5961538461538,603.5384615384615,8.5,4.460398332561371,22.42897196261682,1.1672070402964336,71.42857142857143,2.667901806391848,24.994999999999997,0.6252894858730894,-0.12393377231617655,-0.12444502089558751,0.06996665458741928,0.9978216421140401,0.2229271464679344,-0.5005467482793948,0.9495990176391218,0.46000977814453736,-0.21161265464793966,-0.9981025041923853,0,0,0,0,0,0,0,0,0,0
乾　貴哉,Takaya Inui,SB,サイドバック,1262.2820512820513,670.5128205128206,8.923076923076923,2.200339558573854,23.612499999999997,1.100169779286927,63.1578947368421,2.6893039049235994,39.02682926829269,1.0696095076400678,1262.2820512820513,670.5128205128206,8.923076923076923,2.200339558573854,23.612499999999997,1.100169779286927,63.1578947368421,2.6893039049235994,39.02682926829269,1.0696095076400678,0.5374100795265844,0.27037024980238683,0.22629049317015393,-0.6064612328688044,0.3874651123681779,-0.6240333065417183,0.03428019574032915,0.49122280304363786,1.356799297583266,0.05081770117248502,0,0,0,0,0,0,0,0,0,0
石原　崇兆,Takayoshi Ishihara,SB,サイドバック,968.4444444444445,564.0888888888888,7.6,1.5301873698820265,30.612244897959183,1.5926439972241497,79.41176470588235,1.1242192921582235,37.345783132530116,0.9056210964607911,968.4444444444445,564.0888888888888,7.6,1.5301873698820265,30.612244897959183,1.5926439972241497,79.41176470588235,1.1242192921582235,37.345783132530116,0.9056210964607911,-0.4607500198007245,-0.35700109075694175,-0.26257678385221617,-1.0821628793590423,1.36059270288755,0.28313302588604755,1.8331019446590782,-1.7913115435285538,1.1688998583034649,-0.3363148823369656,0,0,0,0,0,0,0,0,0,0
荒木　遼太,Ryota Araki,SB,サイドバック,1471.5365853658536,972.9024390243902,14.75609756097561,4.382022471910113,7.6923076923076925,1.348314606741573,50.0,1.6853932584269664,33.33333333333333,0.33707865168539325,1471.5365853658536,972.9024390243902,14.50874060150376,4.382022471910113,7.6923076923076925,1.348314606741573,50.0,1.6853932584269664,33.33333333333333,0.33707865168539325,1.248243280129162,2.0529634827530754,2.290152499382867,0.9421872256545902,-1.825812458005357,-0.16693601122371785,-1.421908839098658,-0.9728900716393712,0.7204070707658882,-1.67849085622367,0,0,0,0,0,0,0,0,0,0
加々美　登生,Toi Kagami,SB,サイドバック,961.6666666666666,581.4,8.222222222222221,1.573170731707317,16.27441860465116,1.3902439024390245,80.00250000000001,1.7926829268292683,24.242424242424242,0.8048780487804879,961.6666666666666,581.4,8.222222222222221,1.573170731707317,16.27441860465116,1.3902439024390245,79.87253823529413,1.7926829268292683,24.242424242424242,0.8048780487804879,-0.4837739867214192,-0.2549517225497343,-0.032670209128517834,-1.051651517407229,-0.6326991323849147,-0.08969979455747792,1.884095920100664,-0.8164177945732191,-0.2957320371299136,-0.5741421534143999,0,0,0,0,0,0,0,0,0,0
近藤　貴司,Takashi Kondo,SB,サイドバック,1318.3170731707316,821.3170731707318,12.463414634146341,3.887598699489085,23.653763440860214,2.0483046911286578,74.08148148148149,1.2958662331630284,19.230769230769234,0.5434277751973989,1318.3170731707316,821.3170731707318,12.463414634146341,3.887598699489085,23.653763440860214,2.0483046911286578,74.08148148148149,1.2958662331630284,19.230769230769234,0.5434277751973989,0.7277598567936061,1.1593645268261301,1.5344194661440786,0.5912248523708186,0.393201691824459,1.1224866924642554,1.2431975458782145,-1.540980005455825,-0.8559112889186248,-1.1913560110498753,0,0,0,0,0,0,0,0,0,0
上月　翔聖,Shosei Kozuki,SB,サイドバック,1554.6315789473683,970.3684210526316,14.526315789473685,,,,,,,,1554.6315789473683,970.3684210526316,14.50874060150376,2.9367053620784964,21.877086956521737,1.39152613874796,63.54991258741259,2.333710234010805,27.267727272727274,0.9734994734994735,1.5305152055630151,2.038025392911014,2.290152499382867,-0.08375843333001455,0.14620227519703147,-0.0873378402311074,0.07766495499543323,-0.027378402707158606,0.04242212232601138,-0.17607226959108124,0,0,0,1,1,1,1,1,1,1
濱　託巳,Takumi Hama,SB,サイドバック,1297.7,742.7333333333333,9.8,2.7440714505697565,27.27070707070707,1.3858946720049277,66.66296296296296,1.9125346473668001,27.64227642276423,1.053279950723745,1297.7,742.7333333333333,9.8,2.7440714505697565,27.27070707070707,1.3858946720049277,66.66296296296296,1.9125346473668001,27.64227642276423,1.053279950723745,0.6577240978401608,0.6961117090090919,0.5503071767780039,-0.22049792388281156,0.8960411082414006,-0.0977113315640422,0.4221873814505494,-0.6416249006993728,0.08428746663599648,0.012268004208413386,0,0,0,0,0,0,0,0,0,0
高野　遼,Ryo Takano,SB,サイドバック,1021.0869565217391,661.0434782608696,10.108695652173912,5.8,22.41896551724138,2.15,71.05789473684212,1.8,24.996875,0.55,1021.0869565217391,661.0434782608696,10.108695652173912,5.8,22.41896551724138,2.15,71.05789473684212,1.8,24.996875,0.55,-0.2819245261907403,0.2145482758142953,0.6643679696727575,1.9487261226105839,0.2215360174739754,1.3098154033160472,0.9085760922576587,-0.8057465051794355,-0.21140307595693594,-1.175840753911038,0,0,0,0,0,0,0,0,0,0
外山　凌,Ryo Toyama,SB,サイドバック,1511.138888888889,777.3611111111111,9.916666666666666,,,,,,,,1511.138888888889,777.3611111111111,9.916666666666666,2.9367053620784964,21.877086956521737,1.39152613874796,63.54991258741259,2.333710234010805,27.267727272727274,0.9734994734994735,1.3827714626976704,0.9002431955416731,0.5934146595386969,-0.08375843333001455,0.14620227519703147,-0.0873378402311074,0.07766495499543323,-0.027378402707158606,0.04242212232601138,-0.17607226959108124,0,0,0,1,1,1,1,1,1,1
オタボー　ケネス,Kenneth Otabor,SB,サイドバック,947.0512820512821,501.64102564102564,6.82051282051282,2.0379839298758218,25.808064516129036,1.4134404674945216,59.995,1.47918188458729,41.18235294117647,0.7231555880204528,947.0512820512821,501.64102564102564,6.82051282051282,2.0379839298758218,25.808064516129036,1.4134404674945216,59.995,1.47918188458729,41.18235294117647,0.7231555880204528,-0.5334221373322481,-0.7251325728686923,-0.5505916137258604,-0.7217079502441132,0.6926997228513985,-0.0469703641022987,-0.31575852445426666,-1.2736307086655312,1.5977336068046308,-0.7670669286303459,0,0,0,0,0,0,0,0,0,0
石田　崚真,Ryoma Ishida,SB,サイドバック,900.2352941176471,636.7352941176471,9.323529411764707,3.8063241106719365,19.628037383177567,1.814229249011858,52.62894736842105,1.743083003952569,30.121686746987947,0.8893280632411067,900.2352941176471,636.7352941176471,9.323529411764707,3.8063241106719365,19.628037383177567,1.814229249011858,52.62894736842105,1.743083003952569,30.121686746987947,0.8893280632411067,-0.6924550523796712,0.07125101325509854,0.37425476819231457,0.5335327991767438,-0.16646800410202353,0.691306028376022,-1.1309622699378286,-0.8887547957998548,0.3614243040820728,-0.37477835666532006,0,0,0,0,0,0,0,0,0,0
安光　将作,Shosaku Yasumitsu,SB,サイドバック,1580.2173913043478,978.0,11.73913043478261,2.3715415019762847,28.74625,1.74901185770751,58.82745098039216,2.5790513833992095,32.998000000000005,1.1264822134387351,1580.2173913043478,978.0,11.73913043478261,2.3715415019762847,28.74625,1.74901185770751,58.82745098039216,2.5790513833992095,32.998000000000005,1.1264822134387351,1.6174296658272074,2.0830137131293798,1.2668017349619525,-0.48493503668067867,1.101175946213763,0.5711717766219262,-0.4449716025335026,0.33042947268755196,0.6829250862059728,0.18507888078072635,0,0,0,0,0,0,0,0,0,0
吉田　源太郎,Gentaro Yoshida,SB,サイドバック,1294.5416666666667,796.3333333333334,12.333333333333334,5.013586956521739,15.243292682926826,2.3845108695652173,69.86712328767123,1.4979619565217392,31.343283582089555,0.9476902173913043,1294.5416666666667,796.3333333333334,12.333333333333334,5.013586956521739,15.243292682926826,2.3845108695652173,69.86712328767123,1.4979619565217392,31.343283582089555,0.9476902173913043,0.646995306697198,1.012084849080702,1.4863553738673476,1.3904977292447922,-0.7760496542049626,1.7417981502484827,0.7767929793842291,-1.2462416723975582,0.49796865908720594,-0.23700098963758204,0,0,0,0,0,0,0,0,0,0
青木　義孝,Yoshitaka Aoki,SB,サイドバック,1671.235294117647,792.8529411764706,9.294117647058824,,,,,,,,1671.235294117647,792.8529411764706,9.294117647058824,2.9367053620784964,21.877086956521737,1.39152613874796,63.54991258741259,2.333710234010805,27.267727272727274,0.9734994734994735,1.9266155453694944,0.9915678632880802,0.36338733556356834,-0.08375843333001455,0.14620227519703147,-0.0873378402311074,0.07766495499543323,-0.027378402707158606,0.04242212232601138,-0.17607226959108124,0,0,0,1,1,1,1,1,1,1
泉　柊椰,Toya Izumi,SB,サイドバック,1289.5185185185185,984.1481481481482,14.296296296296296,4.473593372454263,27.075694444444444,3.4794615119088714,66.66,2.9823955816361756,29.033870967741933,0.6834656541249569,1289.5185185185185,982.7955555555556,14.296296296296296,4.473593372454263,27.075694444444444,3.190171528734194,66.66,2.9823955816361756,29.033870967741933,0.6834656541249569,0.6299317793003714,2.1112836151308114,2.2116558774599677,1.0071880253154528,0.868929810632379,3.2258722372554556,0.421859469253074,0.9186705035285557,0.2398333669794904,-0.8607641999057223,0,0,0,0,0,0,0,0,0,0
忽那　喬司,Kyoji Kutsuna,SB,サイドバック,1046.409090909091,598.4772727272727,8.181818181818182,2.048192771084337,17.638235294117646,1.566265060240964,51.61935483870968,2.4096385542168672,38.220588235294116,1.2048192771084336,1046.409090909091,598.4772727272727,8.181818181818182,2.048192771084337,17.638235294117646,1.566265060240964,51.61935483870968,2.4096385542168672,38.220588235294116,1.2048192771084336,-0.19590577437988901,-0.15428083658899466,-0.04759920748719932,-0.7144612939567883,-0.44309684426187596,0.23454148008571454,-1.2426942453658283,0.08335618463355127,1.2666814627410485,0.37001164294914923,0,0,0,0,0,0,0,0,0,0
田中　恵太,Keita Tanaka,SB,サイドバック,842.3243243243244,420.3783783783784,4.486486486486487,3.7278106508875744,17.584615384615386,1.3928083750568958,70.00333333333334,1.4747382794720072,31.82272727272727,0.9421939007737825,842.3243243243244,420.3783783783784,4.486486486486487,3.7278106508875744,17.584615384615386,1.3928083750568958,70.00333333333334,1.4747382794720072,31.82272727272727,0.9421939007737825,-0.8891773847698549,-1.2041776069379138,-1.4129973276433867,0.4778007091809275,-0.45055126068682505,-0.08497588590473645,0.7918673950787635,-1.2801113048042378,0.5515586223372027,-0.24997631659285677,0,0,0,0,0,0,0,0,0,0
大谷　駿斗,Hayato Otani,SB,サイドバック,882.8846153846154,643.8653846153846,10.365384615384615,5.879999999999999,20.410204081632653,2.22,66.67083333333333,1.6199999999999999,20.0,0.6000000000000001,882.8846153846154,643.8653846153846,10.365384615384615,5.879999999999999,20.410204081632653,2.22,66.67083333333333,1.6199999999999999,20.0,0.6000000000000001,-0.7513949389175119,0.11328304839623451,0.7592126701567488,2.005513420125058,-0.057728613488801754,1.438759500198777,0.4230583982250919,-1.0682602242665113,-0.7699302874812879,-1.0578041863494965,0,0,0,0,0,0,0,0,0,0
近藤　高虎,Takatora Kondo,SB,サイドバック,1658.888888888889,893.4814814814815,10.777777777777779,2.7844950213371265,24.132183908045977,1.6002844950213373,57.8125,2.880512091038407,24.9975,1.3762446657183498,1658.888888888889,893.4814814814815,10.777777777777779,2.7844950213371265,24.132183908045977,1.6002844950213373,57.8125,2.880512091038407,24.9975,1.3762446657183498,1.8846750694647771,1.5847752487544395,0.9115889370581015,-0.19180360713576095,0.4597132809287094,0.297207270003088,-0.5572965996630093,0.7700826478041484,-0.2113332163932682,0.7747009322375067,0,0,0,0,0,0,0,0,0,0
吉村　弦,Yuzuru Yoshimura,SB,サイドバック,1417.9166666666667,710.9722222222222,8.86111111111111,3.532182103610675,27.996,2.1193092621664054,50.0125,2.1193092621664054,27.263636363636362,1.41287284144427,1417.9166666666667,710.9722222222222,8.86111111111111,3.532182103610675,27.996,2.1193092621664054,50.0125,2.1193092621664054,27.263636363636362,1.41287284144427,1.0660975570179545,0.5088792834504893,0.20339457741813702,0.3389355027242059,0.9968737201426353,1.2532812679929406,-1.4205254595155608,-0.34006282767802926,0.041964859727457886,0.8611702150120784,0,0,0,0,0,0,0,0,0,0
安藤　由翔,Naoto Ando,SB,サイドバック,1327.8,787.8,9.7,3.722246408358729,29.46736842105263,1.7239878101872008,49.99814814814815,2.546800174140183,19.74473684210526,0.5877231171092729,1327.8,787.8,9.7,3.722246408358729,29.46736842105263,1.7239878101872008,49.99814814814815,2.546800174140183,19.74473684210526,0.5877231171092729,0.7599731574928841,0.9617806675767636,0.5133579058402661,0.4738509804818247,1.201428204230005,0.5250760165096867,-1.4221137842220801,0.28339400108953755,-0.7984624040108886,-1.0867866086850255,0,0,0,0,0,0,0,0,0,0
森川　裕基,Yuki Morikawa,SB,サイドバック,1254.921052631579,688.5263157894736,9.131578947368421,1.8531228551818806,10.006666666666666,0.9265614275909403,54.53636363636364,1.9766643788606726,42.10526315789473,0.8030199039121483,1254.921052631579,688.5263157894736,9.131578947368421,1.8531228551818806,10.006666666666666,0.9265614275909403,54.53636363636364,1.9766643788606726,42.10526315789473,0.8030199039121483,0.512404923708785,0.37656018760517024,0.30333047103628624,-0.8529299608377422,-1.5040626506700263,-0.9438300511236932,-0.9198678122147146,-0.5480974878187506,1.700892174875873,-0.5785287342602178,0,0,0,0,0,0,0,0,0,0
田中　康介,Kosuke Tanaka,SB,サイドバック,1061.5142857142857,563.2,7.457142857142857,5.866564417177914,23.532941176470587,1.932515337423313,78.25652173913042,2.415644171779141,16.28139534883721,0.8282208588957056,1061.5142857142857,563.2,7.457142857142857,5.866564417177914,23.532941176470587,1.932515337423313,78.25652173913042,2.415644171779141,16.28139534883721,0.8282208588957056,-0.14459374897449473,-0.36224110966360146,-0.31536145662041204,1.9959762896375814,0.37640458268111693,0.9091959261475329,1.705250781961393,0.09211483464292435,-1.185578444894759,-0.5190360497495771,0,0,0,0,0,0,0,0,0,0
鈴木　裕斗,Hiroto  Suzuki,SB,サイドバック,1469.4,853.2285714285714,12.82857142857143,,,,,,,,1469.4,853.2285714285714,12.82857142857143,2.9367053620784964,21.877086956521737,1.39152613874796,63.54991258741259,2.333710234010805,27.267727272727274,0.9734994734994735,1.2409853450950659,1.3474834878134305,1.6693422394637607,-0.08375843333001455,0.14620227519703147,-0.0873378402311074,0.07766495499543323,-0.027378402707158606,0.04242212232601138,-0.17607226959108124,0,0,0,1,1,1,1,1,1,1
上原　牧人,Makito Uehara,SB,サイドバック,1102.9473684210527,666.0526315789474,8.736842105263158,3.734152900499424,29.63333333333334,1.867076450249712,72.72727272727273,1.8325009604302729,30.770769230769236,0.8643872454859778,1102.9473684210527,666.0526315789474,8.736842105263158,3.734152900499424,29.63333333333334,1.867076450249712,72.72727272727273,1.8325009604302729,30.770769230769236,0.8643872454859778,-0.0038464484668386933,0.24407734116901844,0.15747808575574423,0.48230269937616693,1.2245011929678624,0.7886536660388068,1.0933267665323212,-0.7583467940880311,0.43397569464430696,-0.4336569270651874,0,0,0,0,0,0,0,0,0,0
安藤　一哉,Kazuya Ando,SB,サイドバック,1048.8095238095239,584.5714285714286,7.333333333333333,6.034985422740525,6.517391304347826,1.4431486880466473,56.25625000000001,3.2798833819241984,13.636363636363635,0.5247813411078717,1048.8095238095239,584.5714285714286,7.333333333333333,6.034985422740525,6.517391304347826,1.4431486880466473,56.25625000000001,3.2798833819241984,13.636363636363635,0.5247813411078717,-0.18775155488391826,-0.2362560836649002,-0.3611081730195155,2.1155284615197183,-1.989153204038896,0.00775391688465547,-0.7295273577585896,1.3525295526210117,-1.4812276630083496,-1.2353752325936818,0,0,0,0,0,0,0,0,0,0
宮脇　茂夫,Shigeo Miyawaki,SB,サイドバック,1176.5384615384614,672.7948717948718,9.153846153846153,8.83435582822086,31.25,3.3128834355828225,57.14285714285714,5.521472392638037,9.090909090909092,2.208588957055215,1176.5384615384614,672.7948717948718,9.153846153846153,8.403754356643502,31.25,3.190171528734194,57.14285714285714,4.810204081632653,9.090909090909092,2.208588957055215,0.2461409292763859,0.2838229906492932,0.31155804148800886,3.796978288927129,1.4492555177240394,3.2258722372554556,-0.6314062201860653,3.584363876378803,-1.9892972169562504,2.7396421958144512,0,0,0,0,0,0,0,0,0,0
高野　裕維,Yui Takano,SB,サイドバック,1594.0,655.8064516129032,6.32258064516129,,,,,,,,1594.0,655.8064516129032,6.32258064516129,2.9367053620784964,21.877086956521737,1.39152613874796,63.54991258741259,2.333710234010805,27.267727272727274,0.9734994734994735,1.6642488943551772,0.1836758923330144,-0.7345739222826663,-0.08375843333001455,0.14620227519703147,-0.0873378402311074,0.07766495499543323,-0.027378402707158606,0.04242212232601138,-0.17607226959108124,0,0,0,1,1,1,1,1,1,1
河村　匠,Takumi Kawamura,SB,サイドバック,1244.5454545454545,771.969696969697,10.575757575757576,,,,,,,,1244.5454545454545,771.969696969697,10.575757575757576,2.9367053620784964,21.877086956521737,1.39152613874796,63.54991258741259,2.333710234010805,27.267727272727274,0.9734994734994735,0.47715923774065133,0.8684606945026975,0.8369439452646927,-0.08375843333001455,0.14620227519703147,-0.0873378402311074,0.07766495499543323,-0.027378402707158606,0.04242212232601138,-0.17607226959108124,0,0,0,1,1,1,1,1,1,1
奥井　諒,Ryo Okui,SB,サイドバック,1256.7857142857142,584.9285714285714,7.964285714285714,,,,,,,,1256.7857142857142,584.9285714285714,7.964285714285714,2.9367053620784964,21.877086956521737,1.39152613874796,63.54991258741259,2.333710234010805,27.267727272727274,0.9734994734994735,0.5187391396790781,-0.23415071892561687,-0.12797586829331598,-0.08375843333001455,0.14620227519703147,-0.0873378402311074,0.07766495499543323,-0.027378402707158606,0.04242212232601138,-0.17607226959108124,0,0,0,1,1,1,1,1,1,1
川名　連介,Rensuke Kawana,SB,サイドバック,1093.2424242424242,684.3636363636364,10.181818181818182,,,,,,,,1093.2424242424242,684.3636363636364,10.181818181818182,2.9367053620784964,21.877086956521737,1.39152613874796,63.54991258741259,2.333710234010805,27.267727272727274,0.9734994734994735,-0.03681393737869698,0.3520211038496985,0.6913862112675458,-0.08375843333001455,0.14620227519703147,-0.0873378402311074,0.07766495499543323,-0.027378402707158606,0.04242212232601138,-0.17607226959108124,0,0,0,1,1,1,1,1,1,1
冨士田　康人,Yasuto Fujita,SB,サイドバック,1715.0666666666666,894.0666666666667,10.066666666666666,0.9448818897637795,20.829166666666666,0.5118110236220472,66.67142857142856,3.425196850393701,16.283720930232555,1.2992125984251968,1687.4317647058824,894.0666666666667,10.066666666666666,0.9448818897637795,20.829166666666666,0.5118110236220472,66.67142857142856,3.425196850393701,16.283720930232555,1.2992125984251968,1.981634611394081,1.588224927867991,0.6488385659453029,-1.4976368348131324,0.0005169450044491719,-1.7078245692882086,0.42312427344333364,1.5644561028508541,-1.1853185023322748,0.5928489159284374,0,0,0,0,0,0,0,0,0,0
下口　稚葉,Wakaba Shimoguchi,SB,サイドバック,1543.6666666666667,770.0555555555555,6.888888888888889,3.3303964757709252,17.859523809523807,1.3083700440528634,63.26122448979591,2.33920704845815,38.29255319148936,1.0704845814977975,1543.6666666666667,770.0555555555555,6.888888888888889,3.3303964757709252,17.859523809523807,1.3083700440528634,63.26122448979591,2.33920704845815,38.29255319148936,1.0704845814977975,1.4932676318129707,0.8571767901525597,-0.5253271549650141,0.19569974669569484,-0.4123325860001797,-0.2405162335275925,0.04571573738534949,-0.01936179601991348,1.2747253674437282,0.052883515463069956,0,0,0,0,0,0,0,0,0,0
三原　秀真,Shuma Mihara,SB,サイドバック,1341.4137931034484,738.551724137931,9.0,,,,,,,,1341.4137931034484,738.551724137931,9.0,2.9367053620784964,21.877086956521737,1.39152613874796,63.54991258741259,2.333710234010805,27.267727272727274,0.9734994734994735,0.8062189230455198,0.6714610338593981,0.2547130092761056,-0.08375843333001455,0.14620227519703147,-0.0873378402311074,0.07766495499543323,-0.027378402707158606,0.04242212232601138,-0.17607226959108124,0,0,0,1,1,1,1,1,1,1
小川　大貴,Daiki Ogawa,SB,サイドバック,946.2903225806451,493.35483870967744,6.645161290322581,,,,,,,,946.2903225806451,493.35483870967744,6.645161290322581,2.9367053620784964,21.877086956521737,1.39152613874796,63.54991258741259,2.333710234010805,27.267727272727274,0.9734994734994735,-0.5360071004653533,-0.7739798210761256,-0.6153827257093201,-0.08375843333001455,0.14620227519703147,-0.0873378402311074,0.07766495499543323,-0.027378402707158606,0.04242212232601138,-0.17607226959108124,0,0,0,1,1,1,1,1,1,1
田中　陸,Riku Tanaka,SB,サイドバック,809.8636363636364,378.90909090909093,4.045454545454546,0.9440559440559441,28.57142857142857,0.4945054945054945,55.55777777777777,1.978021978021978,26.38333333333333,0.8541458541458541,809.8636363636364,378.90909090909093,4.045454545454546,0.9440559440559441,28.57142857142857,0.4945054945054945,55.55777777777777,1.978021978021978,26.38333333333333,0.8541458541458541,-0.9994456512037696,-1.448639938620806,-1.5759554144572403,-1.498223125121153,1.0768716954107842,-1.7397023667598037,-0.8068275346852023,-0.5461175522361739,-0.056431277220452554,-0.4578341006820413,0,0,0,0,0,0,0,0,0,0
松村　航希,Koki Matsumura,SB,サイドバック,1096.0,691.4761904761905,10.238095238095237,2.143878037160553,22.006,0.6860409718913768,56.67333333333334,2.1010004764173416,4.761904761904762,0.81467365412101,1096.0,691.4761904761905,10.238095238095237,2.143878037160553,22.006,0.6860409718913768,56.67333333333334,2.1010004764173416,4.761904761904762,0.81467365412101,-0.027446511194867504,0.39394976162717915,0.712180173267138,-0.6465399480515168,0.1641241910975805,-1.3868828074380177,-0.6833685923359187,-0.3667645356722248,-2.4731729826209183,-0.5510173607827451,0,0,0,0,0,0,0,0,0,0
上野　輝人,Akito Ueno,SB,サイドバック,891.8125,600.84375,9.5625,3.7327188940092166,11.11111111111111,2.4884792626728114,50.0,2.4884792626728114,33.33333333333333,0.0,891.8125,600.84375,9.5625,3.7327188940092166,11.11111111111111,2.4884792626728114,50.0,2.4884792626728114,33.33333333333333,0.2803247042518438,-0.7210671048108308,-0.14033040273131314,0.46255265830087766,0.4812847824612034,-1.350519146334878,1.9333140153000157,-1.421908839098658,0.19833822681260546,0.7204070707658882,-1.8124716792361566,0,0,0,0,0,0,0,0,0,0
堤　奏一郎,Soichiro Tsutsumi,SB,サイドバック,1186.878787878788,652.0909090909091,9.151515151515152,10.90909090909091,16.658333333333335,0.9090909090909092,66.66666666666666,2.7272727272727275,0.0,0.9090909090909092,1186.878787878788,652.0909090909091,9.151515151515152,8.403754356643502,16.658333333333335,0.9090909090909092,66.66666666666666,2.7272727272727275,0.0,0.9090909090909092,0.2812667978744151,0.16177269013629708,0.3106967531211623,3.796978288927129,-0.5793260423175456,-0.9760117686959722,0.42259727169739175,0.5465968961782273,-3.005436324852053,-0.32812358687814924,0,0,0,0,0,0,0,0,0,0
河野　諒祐,Ryosuke Kawano,SB,サイドバック,900.7333333333333,529.8,6.633333333333334,,,,,,,,900.7333333333333,529.8,6.633333333333334,2.9367053620784964,21.877086956521737,1.39152613874796,63.54991258741259,2.333710234010805,27.267727272727274,0.9734994734994735,-0.6907632237592691,-0.559134820081359,-0.619753069583676,-0.08375843333001455,0.14620227519703147,-0.0873378402311074,0.07766495499543323,-0.027378402707158606,0.04242212232601138,-0.17607226959108124,0,0,0,1,1,1,1,1,1,1
永井　颯太,Sota Nagai,SB,サイドバック,937.5555555555555,543.0277777777778,6.611111111111111,,,,,,,,937.5555555555555,543.0277777777778,6.611111111111111,2.9367053620784964,21.877086956521737,1.39152613874796,63.54991258741259,2.333710234010805,27.267727272727274,0.9734994734994735,-0.5656789182261848,-0.4811567887266213,-0.6279640186809513,-0.08375843333001455,0.14620227519703147,-0.0873378402311074,0.07766495499543323,-0.027378402707158606,0.04242212232601138,-0.17607226959108124,0,0,0,1,1,1,1,1,1,1
福森　健太,Kenta Fukumori,SB,サイドバック,1020.3125,532.84375,5.8125,,,,,,,,1020.3125,532.84375,5.8125,2.9367053620784964,21.877086956521737,1.39152613874796,63.54991258741259,2.333710234010805,27.267727272727274,0.9734994734994735,-0.28455533851930326,-0.5411918490908183,-0.9230450018642695,-0.08375843333001455,0.14620227519703147,-0.0873378402311074,0.07766495499543323,-0.027378402707158606,0.04242212232601138,-0.17607226959108124,0,0,0,1,1,1,1,1,1,1
茂木　力也,Rikiya Motegi,SB,サイドバック,1037.6521739130435,602.7826086956521,7.391304347826087,4.680390032502709,20.834374999999998,1.3163596966413869,61.29032258064516,1.9501625135427951,19.044444444444444,0.7800650054171181,1037.6521739130435,602.7826086956521,7.391304347826087,4.680390032502709,20.834374999999998,1.3163596966413869,61.29032258064516,1.9501625135427951,19.044444444444444,0.7800650054171181,-0.22565283512084613,-0.1289007894809335,-0.3396883058092329,1.153980818555087,0.0012410246589470032,-0.22579882584996508,-0.17240469952713988,-0.5867480613039772,-0.876737798155669,-0.6327190828017569,0,0,0,0,0,0,0,0,0,0
高橋　秀典,Hidenori Takahashi,SB,サイドバック,1055.2727272727273,612.030303030303,8.878787878787879,,,,,,,,1055.2727272727273,612.030303030303,8.878787878787879,2.9367053620784964,21.877086956521737,1.39152613874796,63.54991258741259,2.333710234010805,27.267727272727274,0.9734994734994735,-0.16579619021758024,-0.07438543467977539,0.20992601420006043,-0.08375843333001455,0.14620227519703147,-0.0873378402311074,0.07766495499543323,-0.027378402707158606,0.04242212232601138,-0.17607226959108124,0,0,0,1,1,1,1,1,1,1
西矢　慎平,Shimpei Nishiya,SB,サイドバック,1324.2,710.2666666666667,8.333333333333334,4.00990099009901,24.68395061728395,1.584158415841584,53.575,1.485148514851485,34.523809523809526,0.5445544554455445,1324.2,710.2666666666667,8.333333333333334,4.00990099009901,24.68395061728395,1.584158415841584,53.575,1.485148514851485,34.523809523809526,0.5445544554455445,0.7477440340792696,0.504720018443328,0.008384536357857407,0.6780400594154127,0.5364217061809068,0.2675020883446213,-1.026262278332905,-1.2649289181040237,0.8534729063236726,-1.1886962216652657,0,0,0,0,0,0,0,0,0,0
下川　太陽,Taiyo Shimokawa,SB,サイドバック,878.3636363636364,561.7575757575758,7.696969696969697,2.2419928825622777,21.42142857142857,2.0818505338078293,60.0,1.1209964412811388,33.33333333333333,1.1209964412811388,878.3636363636364,561.7575757575758,7.696969696969697,2.2419928825622777,21.42142857142857,2.0818505338078293,60.0,1.1209964412811388,33.33333333333333,1.1209964412811388,-0.7667526084724883,-0.3707442312530458,-0.2267471877913798,-0.5768939865963366,0.08285514571593561,1.1842800980133394,-0.3152051726210276,-1.7960117800274789,0.7204070707658882,0.17212844646257966,0,0,0,0,0,0,0,0,0,0
橋本　陸斗,Rikuto Hashimoto,SB,サイドバック,1362.4444444444443,738.1666666666666,9.11111111111111,2.9629629629629632,25.010714285714286,1.5343915343915344,56.52608695652175,1.9576719576719577,13.333333333333334,0.8465608465608465,1362.4444444444443,738.1666666666666,9.11111111111111,2.9629629629629632,25.010714285714286,1.5343915343915344,56.52608695652175,1.9576719576719577,13.333333333333334,0.8465608465608465,0.8776595982448928,0.6691911118761248,0.29576775476248013,-0.06511970591198273,0.5818494676156974,0.17582858001252843,-0.6996644028452117,-0.5757962162671824,-1.5150989666048762,-0.47574026588729235,0,0,0,0,0,0,0,0,0,0
青山　生,Ikiru Aoyama,SB,サイドバック,1064.1333333333334,640.2666666666667,8.8,2.137767220902613,20.0,1.015439429928741,77.41935483870968,2.6187648456057007,26.85970149253731,1.0688836104513064,1064.1333333333334,640.2666666666667,8.8,2.137767220902613,20.0,1.015439429928741,77.41935483870968,2.6187648456057007,26.85970149253731,1.0688836104513064,-0.13569689993019798,0.09206852954383739,0.1808144674006313,-0.650877657312716,-0.11475653599163163,-0.7801115690638529,1.612601214146458,0.38834796525227433,-0.0031850824248675423,0.04910405292120573,0,0,0,0,0,0,0,0,0,0
弓場　堅真,Kenshin Yuba,SB,サイドバック,1620.3636363636363,830.1363636363636,9.636363636363637,2.9783393501805056,18.176363636363636,2.003610108303249,43.75625000000001,1.7328519855595668,37.49285714285714,0.8122743682310469,1620.3636363636363,830.1363636363636,9.636363636363637,2.9783393501805056,18.176363636363636,2.003610108303249,43.75625000000001,1.7328519855595668,37.49285714285714,0.8122743682310469,1.7538056062225578,1.211354431707274,0.4898447334253428,-0.05420491246672851,-0.36828446970909723,1.040156655064646,-2.112906940855628,-0.9036758107353844,1.1853391002047844,-0.5566814302037466,0,0,0,0,0,0,0,0,0,0
河上　将平,Shohei Kawakami,SB,サイドバック,1149.3333333333333,649.7916666666666,8.875,,,,,,,,1149.3333333333333,649.7916666666666,8.875,2.9367053620784964,21.877086956521737,1.39152613874796,63.54991258741259,2.333710234010805,27.267727272727274,0.9734994734994735,0.1537256875253512,0.14821860714051793,0.208526420603934,-0.08375843333001455,0.14620227519703147,-0.0873378402311074,0.07766495499543323,-0.027378402707158606,0.04242212232601138,-0.17607226959108124,0,0,0,1,1,1,1,1,1,1
福宮　弘乃介,Konosuke  Fukumiya,SB,サイドバック,1168.6315789473683,603.1052631578947,9.263157894736842,,,,,,,,1168.6315789473683,603.1052631578947,9.263157894736842,2.9367053620784964,21.877086956521737,1.39152613874796,63.54991258741259,2.333710234010805,27.267727272727274,0.9734994734994735,0.21928141732543038,-0.12699873456315558,0.3519479327964669,-0.08375843333001455,0.14620227519703147,-0.0873378402311074,0.07766495499543323,-0.027378402707158606,0.04242212232601138,-0.17607226959108124,0,0,0,1,1,1,1,1,1,1
佐藤　尚輝,Naoki Sato,SB,サイドバック,881.7368421052631,364.55263157894734,3.3157894736842106,1.7724288840262583,11.11111111111111,0.5908096280087527,71.42857142857143,1.7724288840262583,24.987499999999997,1.575492341356674,881.7368421052631,364.55263157894734,3.3157894736842106,1.7724288840262583,11.11111111111111,0.5908096280087527,71.42857142857143,1.7724288840262583,24.987499999999997,1.575492341356674,-0.7552939003297473,-1.533271571733788,-1.8455613387636964,-0.9102098676832265,-1.350519146334878,-1.5623045164647835,0.9495990176391218,-0.8459564840330357,-0.21245096941195374,1.2450711667767695,0,0,0,0,0,0,0,0,0,0
小暮　大器,Daiki Kogure,SB,サイドバック,819.6666666666666,490.8333333333333,6.583333333333333,4.553928095872171,24.99736842105263,1.378162450066578,67.86428571428573,1.5579227696404792,27.081249999999997,0.6591211717709721,819.6666666666666,490.8333333333333,6.583333333333333,4.553928095872171,24.99736842105263,1.378162450066578,67.86428571428573,1.5579227696404792,27.081249999999997,0.6591211717709721,-0.9661449658140022,-0.7888441489020752,-0.6382277050525449,1.0642129233088995,0.5799940815536453,-0.11195453691743273,0.5551382108017391,-1.1587942498904165,0.02157856887529823,-0.9182349826282599,0,0,0,0,0,0,0,0,0,0
馬渡　和彰,Kazuaki Mawatari,SB,サイドバック,654.96,436.8,6.6,5.245143385753932,20.64285714285714,2.0814061054579094,57.14761904761906,1.9148936170212765,17.391304347826086,1.0823311748381128,654.96,436.8,6.6,5.245143385753932,20.64285714285714,2.0814061054579094,57.14761904761906,1.9148936170212765,17.391304347826086,1.0823311748381128,-1.5256500085117182,-1.1073717981906819,-0.6320694932295887,1.5548660272222654,-0.025384418636451,1.1834614349817751,-0.6308792184401218,-0.6381845568259832,-1.0615180314861705,0.08085013976683475,0,0,0,0,0,0,0,0,0,0
ユ　イェチャン,Ye-chan Yu,SB,サイドバック,1282.9545454545455,718.0454545454545,10.136363636363637,,,,,,,,1282.9545454545455,718.0454545454545,10.136363636363637,2.9367053620784964,21.877086956521737,1.39152613874796,63.54991258741259,2.333710234010805,27.267727272727274,0.9734994734994735,0.6076341024439912,0.5505761384435439,0.674591088114029,-0.08375843333001455,0.14620227519703147,-0.0873378402311074,0.07766495499543323,-0.027378402707158606,0.04242212232601138,-0.17607226959108124,0,0,0,1,1,1,1,1,1,1
星　広太,Kota Hoshi,SB,サイドバック,1366.1666666666667,728.0,8.666666666666666,,,,,,,,1366.1666666666667,728.0,8.666666666666666,2.9367053620784964,21.877086956521737,1.39152613874796,63.54991258741259,2.333710234010805,27.267727272727274,0.9734994734994735,0.890303907947242,0.6092583956311991,0.13154877281698116,-0.08375843333001455,0.14620227519703147,-0.0873378402311074,0.07766495499543323,-0.027378402707158606,0.04242212232601138,-0.17607226959108124,0,0,0,1,1,1,1,1,1,1
森　璃太,Riita Mori,SB,サイドバック,807.3666666666667,530.4666666666667,7.633333333333334,4.2408376963350785,29.618518518518517,2.513089005235602,75.0,2.6701570680628275,27.777777777777775,1.256544502617801,807.3666666666667,530.4666666666667,7.633333333333334,4.2408376963350785,29.618518518518517,2.513089005235602,75.0,2.6701570680628275,27.777777777777775,1.256544502617801,-1.0079278041438526,-0.5552048059013633,-0.25026036020630343,0.8419684524659179,1.2224415886172892,1.9786466014325228,1.3448503270954182,0.4632988733043337,0.09943317149623147,0.4921210044585975,0,0,0,0,0,0,0,0,0,0
西久保　駿介,Shunsuke   Nishikubo,SB,サイドバック,1191.904761904762,590.952380952381,7.238095238095238,,,,,,,,1191.904761904762,590.952380952381,7.238095238095238,2.9367053620784964,21.877086956521737,1.39152613874796,63.54991258741259,2.333710234010805,27.267727272727274,0.9734994734994735,0.2983399247180978,-0.19864023365637504,-0.39629795486497943,-0.08375843333001455,0.14620227519703147,-0.0873378402311074,0.07766495499543323,-0.027378402707158606,0.04242212232601138,-0.17607226959108124,0,0,0,1,1,1,1,1,1,1
吉田　朋恭,Tomoyasu Yoshida,SB,サイドバック,1301.4444444444443,685.5555555555555,9.222222222222221,2.3342939481268012,24.991666666666667,1.1671469740634006,50.00333333333333,2.982708933717579,19.142553191489363,1.296829971181556,1301.4444444444443,685.5555555555555,9.222222222222221,2.3342939481268012,24.991666666666667,1.1671469740634006,50.00333333333333,2.982708933717579,19.142553191489363,1.296829971181556,0.6704438959586423,0.3590474928381745,0.33682250024885474,-0.5113748857073914,0.5792014048792476,-0.5006573937961318,-1.4215399378764992,0.9191274991967384,-0.8657716633387792,0.5872241730960781,0,0,0,0,0,0,0,0,0,0
小西　宏登,Hiroto Konishi,SB,サイドバック,907.1153846153846,645.7307692307693,9.538461538461538,,,,,,,,907.1153846153846,645.7307692307693,9.538461538461538,2.9367053620784964,21.877086956521737,1.39152613874796,63.54991258741259,2.333710234010805,27.267727272727274,0.9734994734994735,-0.6690835313258737,0.12427953038064418,0.45367062201776764,-0.08375843333001455,0.14620227519703147,-0.0873378402311074,0.07766495499543323,-0.027378402707158606,0.04242212232601138,-0.17607226959108124,0,0,0,1,1,1,1,1,1,1
伊川　拓,Taku Ikawa,SB,サイドバック,914.9642857142857,486.2857142857143,5.75,2.7636849132176233,8.700000000000001,0.7209612817089454,55.55555555555556,2.7636849132176233,33.33888888888889,0.9612817089452603,914.9642857142857,486.2857142857143,5.75,2.7636849132176233,8.700000000000001,0.7209612817089454,55.55555555555556,2.7636849132176233,33.33888888888889,0.9612817089452603,-0.6424209812703967,-0.8156524599156135,-0.9461382962003553,-0.2065754796493935,-1.6857197543904834,-1.3225575529767108,-0.8070734688333077,0.5997007759142536,0.7210280446651584,-0.20491512941616907,0,0,0,0,0,0,0,0,0,0
高橋　峻希,Shunki Takahashi,SB,サイドバック,1045.909090909091,673.9090909090909,9.545454545454545,1.7136329017517136,32.004000000000005,1.2338156892612338,52.17826086956522,1.987814166031988,28.575000000000006,0.8910891089108911,1045.909090909091,673.9090909090909,9.545454545454545,1.7136329017517136,32.004000000000005,1.2338156892612338,52.17826086956522,1.987814166031988,28.575000000000006,0.8910891089108911,-0.19760426374289106,0.29039133602704703,0.4562544871183086,-0.9519456794092307,1.554079081146406,-0.3778497184887534,-1.1808399100093998,-0.531836531722243,0.18854292604142828,-0.3706210009417107,0,0,0,0,0,0,0,0,0,0
坂本　翔,Kakeru Sakamoto,SB,サイドバック,771.0833333333334,450.875,5.958333333333333,2.7079646017699113,17.64117647058823,1.592920353982301,68.97241379310346,2.7876106194690267,34.995000000000005,1.991150442477876,771.0833333333334,450.875,5.958333333333333,2.7079646017699113,17.64117647058823,1.592920353982301,68.97241379310346,2.7876106194690267,34.995000000000005,1.991150442477876,-1.1311815155857015,-1.0243993738155344,-0.8691606484134028,-0.24612805344664854,-0.4426879522216892,0.2836420912088653,0.6777751515771784,0.6345942544133691,0.9061403640374437,2.2263282774866657,0,0,0,0,0,0,0,0,0,0
木實　快斗,Kaito Konomi,SB,サイドバック,889.04,548.12,8.12,,,,,,,,889.04,548.12,8.12,2.9367053620784964,21.877086956521737,1.39152613874796,63.54991258741259,2.333710234010805,27.267727272727274,0.9734994734994735,-0.7304852283286773,-0.45113803041509193,-0.07044057497598258,-0.08375843333001455,0.14620227519703147,-0.0873378402311074,0.07766495499543323,-0.027378402707158606,0.04242212232601138,-0.17607226959108124,0,0,0,1,1,1,1,1,1,1
四宮　悠成,Yusei Shinomiya,SB,サイドバック,922.9,652.0333333333333,9.966666666666667,,,,,,,,922.9,652.0333333333333,9.966666666666667,2.9367053620784964,21.877086956521737,1.39152613874796,63.54991258741259,2.333710234010805,27.267727272727274,0.9734994734994735,-0.6154635286661783,0.16143327982075167,0.6118892950075657,-0.08375843333001455,0.14620227519703147,-0.0873378402311074,0.07766495499543323,-0.027378402707158606,0.04242212232601138,-0.17607226959108124,0,0,0,1,1,1,1,1,1,1
西　大伍,Daigo Nishi,SB,サイドバック,844.2727272727273,381.90909090909093,4.090909090909091,0.36378334680679064,0.0,0.8730800323362976,78.9578947368421,2.32821341956346,45.164516129032265,1.5278900565885205,844.2727272727273,381.90909090909093,4.090909090909091,0.4857918268358273,0.0,0.8730800323362976,78.9578947368421,2.32821341956346,45.164516129032265,1.5278900565885205,-0.8825587014044466,-1.4309548748108278,-1.5591602913037235,-1.823517884680988,-2.8952224092639356,-1.0423459112828102,1.782871988774986,-0.03539500939440372,2.042841099216993,1.1326949607343721,0,0,0,0,0,0,0,0,0,0
西田　恵,Megumu Nishida,SB,サイドバック,971.6666666666666,543.2,6.333333333333333,3.2964224872231687,18.609302325581393,1.303236797274276,75.00833333333334,1.6098807495741057,37.506249999999994,0.6132879045996593,971.6666666666666,543.2,6.333333333333333,3.2964224872231687,18.609302325581393,1.303236797274276,75.00833333333334,1.6098807495741057,37.506249999999994,0.6132879045996593,-0.4498041994613781,-0.4801415350634559,-0.730600882396888,0.1715836092530098,-0.3080959071796364,-0.24997197452675152,1.345772580150817,-1.0830182357313725,1.1868360908548092,-1.0264350133689166,0,0,0,0,0,0,0,0,0,0
生地　慶充,Yoshiatsu Oiji,SB,サイドバック,755.7272727272727,394.0,4.2272727272727275,1.2413793103448276,16.666666666666664,0.9310344827586207,66.67619047619048,2.4827586206896552,37.4875,1.3448275862068966,755.7272727272727,394.0,4.2272727272727275,1.2413793103448276,16.666666666666664,0.9310344827586207,66.67619047619048,2.4827586206896552,37.4875,1.3448275862068966,-1.1833457267797192,-1.3596787085463704,-1.5087749218431725,-1.2871707443780045,-0.5781675148703493,-0.9355904217107908,0.42365127518927714,0.18999518790947223,1.1847403039447744,0.7005336476707072,0,0,0,0,0,0,0,0,0,0
三鬼　海,Kai Miki,SB,サイドバック,847.0434782608696,496.9130434782609,6.086956521739131,3.046875,23.084615384615386,1.640625,60.0,2.109375,28.57142857142857,0.9375,847.0434782608696,496.9130434782609,6.086956521739131,3.046875,23.084615384615386,1.640625,60.0,2.109375,28.57142857142857,0.9375,-0.8731465192426721,-0.7530041282823368,-0.8216353180405883,-0.005555483258635137,0.31407685446305855,0.37151684117832956,-0.3152051726210276,-0.35455105049852426,0.18814372853475397,-0.2610573553090918,0,0,0,0,0,0,0,0,0,0
一丸　大地,Daichi Ichimaru Daichi Ichimaru,SB,サイドバック,1362.764705882353,750.4705882352941,9.882352941176471,,,,,,,,1362.764705882353,750.4705882352941,9.882352941176471,2.9367053620784964,21.877086956521737,1.39152613874796,63.54991258741259,2.333710234010805,27.267727272727274,0.9734994734994735,0.8787475195362278,0.7417229912275063,0.5807359881384933,-0.08375843333001455,0.14620227519703147,-0.0873378402311074,0.07766495499543323,-0.027378402707158606,0.04242212232601138,-0.17607226959108124,0,0,0,1,1,1,1,1,1,1
梅木　怜,Rei Umeki,SB,サイドバック,1062.4615384615386,665.4615384615385,10.0,2.802197802197802,20.585294117647056,1.6483516483516485,68.75,3.626373626373627,35.28235294117647,1.8131868131868134,1062.4615384615386,665.4615384615385,10.0,2.802197802197802,20.585294117647056,1.6483516483516485,68.75,3.626373626373627,35.28235294117647,1.8131868131868134,-0.14137595154392793,0.2405928346693464,0.6242057186534782,-0.17923744359115185,-0.03338701999439844,0.38574977965881163,0.6531605355468991,1.8578542342755087,0.9382593257802553,1.806203958440433,0,0,0,0,0,0,0,0,0,0
高安　孝幸,Takayuki Takayasu,SB,サイドバック,751.2,448.0,6.8,3.5076045627376424,14.629268292682926,2.4809885931558937,33.33333333333333,2.5665399239543727,16.666666666666664,1.0266159695817492,751.2,448.0,6.8,3.5076045627376424,14.629268292682926,2.4809885931558937,33.33333333333333,2.5665399239543727,16.666666666666664,1.0266159695817492,-1.198724775921083,-1.0413475599667634,-0.5581709513541141,0.32148935115256777,-0.8614133473264626,1.9195157636442164,-3.2664149498947097,0.31218264074271185,-1.1425146270430824,-0.0506784920221236,0,0,0,0,0,0,0,0,0,0
大迫　暁,Akira Osako,SB,サイドバック,1309.375,646.75,9.0,4.68937875751503,30.76923076923077,1.9839679358717437,78.95263157894738,1.8937875751503006,30.64032258064516,1.3527054108216432,1309.375,646.75,9.0,4.68937875751503,30.76923076923077,1.9839679358717437,78.95263157894738,1.8937875751503006,30.64032258064516,1.3527054108216432,0.6973838244662586,0.1302879174442903,0.2547130092761056,1.160361386074468,1.3824173957703783,1.0039746238504272,1.782289513161051,-0.6689658098635244,0.41939498094894895,0.7191310752182376,0,0,0,0,0,0,0,0,0,0
松本　歩夢,Ayumu Matsumoto,SB,サイドバック,754.9,434.65,5.2,3.5195530726256985,31.425714285714285,1.7094972067039107,50.0,1.4078212290502794,12.5,1.2067039106145252,754.9,434.65,5.2,3.5195530726256985,31.425714285714285,1.7094972067039107,50.0,1.4078212290502794,12.5,1.2067039106145252,-1.1861559546348681,-1.1200460939211665,-1.14935928635791,0.3299708959759138,1.473683896467789,0.49838347680342127,-1.421908839098658,-1.3777037702294885,-1.6082450514953248,0.3744607563525597,0,0,0,0,0,0,0,0,0,0
桐　蒼太,Sota Kiri,SB,サイドバック,566.35,325.7,4.1,3.311688311688312,0.0,1.0714285714285714,61.76176470588235,2.435064935064935,45.82083333333333,0.974025974025974,566.35,325.7,4.1,3.311688311688312,0.0,1.0714285714285714,61.76176470588235,2.435064935064935,45.39782991202347,0.974025974025974,-1.826656293422942,-1.7623086612868735,-1.55580126667302,0.18241992069933263,-2.8952224092639356,-0.6769762935504963,-0.12023002667393953,0.12043826129661041,2.0689198177409254,-0.17482934329173197,0,0,0,0,0,0,0,0,0,0
長峰　祐斗,Yuto Nagamine,SB,サイドバック,764.125,532.625,7.25,3.2669789227166275,22.590322580645164,1.1592505854800936,62.4875,1.6861826697892273,24.13448275862069,1.370023419203747,764.125,532.625,7.25,3.2669789227166275,22.590322580645164,1.1592505854800936,62.4875,1.6861826697892273,24.13448275862069,1.370023419203747,-1.15481882588748,-0.5424813849936292,-0.39189923213429645,0.15068335353401513,0.24535864082089462,-0.5152030037176977,-0.03991263558471729,-0.9717387865693896,-0.3077972290661937,0.7600142405467484,0,0,0,0,0,0,0,0,0,0
藤沼　拓夢,Takumu Fujinuma,SB,サイドバック,469.0,290.22222222222223,4.5,1.4342629482071714,12.5,0.896414342629482,25.0,1.254980079681275,0.0,0.5378486055776892,475.42,290.22222222222223,4.5,1.4342629482071714,12.5,0.896414342629482,29.619047619047617,1.254980079681275,0.0,0.5378486055776892,-2.135543568978495,-1.9714509158989486,-1.408004182922071,-1.150253987765966,-1.1574312384687457,-0.9993627460380096,-3.6774763117292575,-1.6006087621761587,-3.005436324852053,-1.2045269316849587,0,0,0,0,0,0,0,0,0,0
柴田　徹,Toru Shibata,SB,サイドバック,628.8888888888889,369.44444444444446,4.5,1.7880794701986755,33.33333333333333,1.1920529801324504,71.42142857142856,3.8741721854304636,40.89090909090908,2.2350993377483444,628.8888888888889,369.44444444444446,4.5,1.7880794701986755,33.33333333333333,1.1920529801324504,71.42142857142856,3.8741721854304636,40.89090909090908,2.2350993377483444,-1.6142130183194519,-1.5044342308428584,-1.408004182922071,-0.8991004365176143,1.7388873795232371,-0.45477907294571174,0.9488085150202081,2.219246019400112,1.565157382463265,2.8022260826497867,0,0,0,0,0,0,0,0,0,0
船橋　勇真,Yuma Funabashi,SB,サイドバック,1124.6153846153845,748.5384615384615,11.153846153846153,,,,,,,,1124.6153846153845,748.5384615384615,11.153846153846153,2.9367053620784964,21.877086956521737,1.39152613874796,63.54991258741259,2.333710234010805,27.267727272727274,0.9734994734994735,0.06975934158001892,0.7303330632533573,1.050543460242754,-0.08375843333001455,0.14620227519703147,-0.0873378402311074,0.07766495499543323,-0.027378402707158606,0.04242212232601138,-0.17607226959108124,0,0,0,1,1,1,1,1,1,1
若林　龍,Ryu Wakabayashi,SB,サイドバック,837.6923076923077,583.6153846153846,8.846153846153847,2.9104477611940296,23.076923076923077,1.5671641791044777,77.77222222222223,1.791044776119403,22.21111111111111,0.6716417910447761,837.6923076923077,583.6153846153846,8.846153846153847,2.9104477611940296,23.076923076923077,1.5671641791044777,77.77222222222223,1.791044776119403,22.21111111111111,0.6716417910447761,-0.9049122467273125,-0.24189198312082705,0.19786797706420228,-0.10239716074804638,0.31300744451179974,0.23619770965494308,1.6516531768578284,-0.8188068892136183,-0.5227826755719648,-0.8886771641717658,0,0,0,0,0,0,0,0,0,0
櫻井　風我,Fuga  Sakurai,SB,サイドバック,677.2105263157895,413.63157894736844,5.7894736842105265,5.682281059063136,32.267741935483876,2.74949083503055,75.0,1.0997963340122199,35.72142857142857,0.7331975560081466,677.2105263157895,413.63157894736844,5.7894736842105265,5.682281059063136,32.267741935483876,2.74949083503055,75.0,1.104460357611382,35.72142857142857,0.7331975560081466,-1.450065443974587,-1.2439501330880922,-0.931553057672301,1.8651643660847024,1.5907453536945904,2.414112607780155,1.3448503270954182,-1.8201281623790506,0.9873371368948023,-0.7433605399737406,0,0,0,0,0,0,0,0,0,0
大山　武蔵,Musashi Oyama,SB,サイドバック,1375.0,693.75,10.75,3.4307496823379924,19.989999999999995,1.4866581956797966,59.98333333333332,2.5158831003811946,23.804761904761904,1.1435832274459974,1375.0,693.75,10.75,3.4307496823379924,19.989999999999995,1.4866581956797966,59.98333333333332,2.5158831003811946,23.804761904761904,1.1435832274459974,0.920310553360278,0.4073539171339483,0.9013252506865076,0.2669345891688893,-0.1161467689282685,0.08790097642135056,-0.3170496787318251,0.2383042454464183,-0.34465187703861155,0.22544978068550794,0,0,0,0,0,0,0,0,0,0
田頭　亮太,Ryota Tagashira,SB,サイドバック,884.2,597.4666666666667,8.866666666666667,,,,,,,,884.2,597.4666666666667,8.866666666666667,2.9367053620784964,21.877086956521737,1.39152613874796,63.54991258741259,2.333710234010805,27.267727272727274,0.9734994734994735,-0.746926605362537,-0.1602383808118509,0.20544731469245606,-0.08375843333001455,0.14620227519703147,-0.0873378402311074,0.07766495499543323,-0.027378402707158606,0.04242212232601138,-0.17607226959108124,0,0,0,1,1,1,1,1,1,1
藤谷　壮,So Fujitani,SB,サイドバック,498.1818181818182,301.0,4.363636363636363,3.976435935198822,9.996666666666666,0.7952871870397643,88.88888888888889,2.783505154639175,14.285714285714285,1.0603829160530192,498.1818181818182,301.0,4.363636363636363,3.976435935198822,9.996666666666666,0.7952871870397643,79.87253823529413,2.783505154639175,14.285714285714285,1.0603829160530192,-2.0582221568496855,-1.9079156866556937,-1.458389552382622,0.6542851840534727,-1.5054528836066625,-1.185644885292801,1.884095920100664,0.6286068052963385,-1.4086462981586494,0.029036197147936687,0,0,0,0,0,0,0,0,0,0
前田　紘基,Hiroki Maeda,SB,サイドバック,1203.2,606.6,6.6,2.5511811023622046,16.66111111111111,0.4251968503937008,60.0,2.9763779527559056,22.58064516129032,0.4251968503937008,1203.2,606.6,6.6,2.5511811023622046,16.66111111111111,0.4403962625282401,60.0,2.9763779527559056,22.58064516129032,0.4251968503937008,0.3367096082327728,-0.1063971865459174,-0.6320694932295887,-0.3574194437744719,-0.5789398665018135,-1.8393747389073063,-0.3152051726210276,0.9098943360983031,-0.48147789556247983,-1.4704674619189801,0,0,0,0,0,0,0,0,0,0
坂本　稀吏也,Kiriya  Sakamoto,SB,サイドバック,1220.2222222222222,617.8888888888889,6.777777777777778,,,,,,,,1220.2222222222222,617.8888888888889,6.777777777777778,2.9367053620784964,21.877086956521737,1.39152613874796,63.54991258741259,2.333710234010805,27.267727272727274,0.9734994734994735,0.3945337349909757,-0.03984894643133287,-0.566381900451389,-0.08375843333001455,0.14620227519703147,-0.0873378402311074,0.07766495499543323,-0.027378402707158606,0.04242212232601138,-0.17607226959108124,0,0,0,1,1,1,1,1,1,1
ルーカス　セナ,Lucas Breno Sena Lima,SB,サイドバック,778.8666666666667,433.4,4.866666666666666,,,,,,,,778.8666666666667,433.4,4.866666666666666,2.9367053620784964,21.877086956521737,1.39152613874796,63.54991258741259,2.333710234010805,27.267727272727274,0.9734994734994735,-1.1047416978349696,-1.1274148705086573,-1.2725235228170346,-0.08375843333001455,0.14620227519703147,-0.0873378402311074,0.07766495499543323,-0.027378402707158606,0.04242212232601138,-0.17607226959108124,0,0,0,1,1,1,1,1,1,1
小竹　知恩,Sean Kotake,SB,サイドバック,809.7857142857143,482.0,7.142857142857143,,,,,,,,809.7857142857143,482.0,7.142857142857143,2.9367053620784964,21.877086956521737,1.39152613874796,63.54991258741259,2.333710234010805,27.267727272727274,0.9734994734994735,-0.9997103508447568,-0.8409168367870108,-0.4314877367104433,-0.08375843333001455,0.14620227519703147,-0.0873378402311074,0.07766495499543323,-0.027378402707158606,0.04242212232601138,-0.17607226959108124,0,0,0,1,1,1,1,1,1,1
大越　寛人,Hiroto Okoshi,SB,サイドバック,1110.6,528.6,5.4,0.9591474245115453,33.33333333333333,0.7992895204262876,76.93846153846154,2.0781527531083483,0.0,1.119005328596803,1110.6,528.6,5.4,0.9591474245115453,33.33333333333333,0.7992895204262876,76.93846153846154,2.0781527531083483,0.0,1.119005328596803,0.022149378204792132,-0.5662088456053498,-1.0754607444824356,-1.487510570239077,1.7388873795232371,-1.1782723529506747,1.5593805762895436,-0.40008587355287073,-3.005436324852053,0.16742796432483442,0,0,0,0,0,0,0,0,0,0
小川　真輝,Masaki Ogawa,SB,サイドバック,510.5,302.75,3.0,1.135135135135135,14.285714285714285,1.135135135135135,66.66666666666666,3.0810810810810807,19.04285714285714,0.972972972972973,510.5,302.75,3.0,1.135135135135135,14.285714285714285,1.135135135135135,66.66666666666666,3.0810810810810807,19.04285714285714,0.972972972972973,-2.0163775552702714,-1.8975993994332065,-1.96224324698813,-1.362587239213164,-0.9091753569265758,-0.5596250746555689,0.42259727169739175,1.0625943784132645,-0.8769152192697462,-0.1773151958904305,0,0,0,0,0,0,0,0,0,0
柳　世根,Se-gun Ryu,SB,サイドバック,1075.4,639.4,8.2,1.1496350364963503,0.0,0.4927007299270073,57.14285714285714,3.448905109489051,24.324324324324326,1.1496350364963503,1075.4,639.4,8.2,1.1496350364963503,0.0,0.4927007299270073,57.14285714285714,3.448905109489051,24.324324324324326,1.1496350364963503,-0.09742427295055177,0.08695951110984365,-0.04088115822579275,-1.3522946115565406,-2.8952224092639356,-1.7430268487406462,-0.6314062201860653,1.599032454340856,-0.28657763075247367,0.23973647604233866,0,0,0,0,0,0,0,0,0,0
玉城　大志,Taishi Tamashiro,SB,サイドバック,1085.5384615384614,461.38461538461536,3.6153846153846154,0.9183673469387754,0.0,2.7551020408163263,66.66666666666666,4.591836734693878,42.857142857142854,1.8367346938775508,1085.5384615384614,461.38461538461536,3.6153846153846154,0.9183673469387754,0.0,2.7551020408163263,66.66666666666666,4.591836734693878,42.857142857142854,1.8367346938775508,-0.06298413478998774,-0.9624449675837841,-1.734863118140516,-1.5164579502114297,-2.8952224092639356,2.424448777244013,0.42259727169739175,3.265894852089494,1.7849337552281574,1.8617941786421,0,0,0,0,0,0,0,0,0,0
大串　昇平,Shohei Ogushi,SB,サイドバック,938.25,530.3333333333334,7.833333333333333,,,,,,,,938.25,530.3333333333334,7.833333333333333,2.9367053620784964,21.877086956521737,1.39152613874796,63.54991258741259,2.333710234010805,27.267727272727274,0.9734994734994735,-0.5633199052220152,-0.5559908087373623,-0.1763618183308292,-0.08375843333001455,0.14620227519703147,-0.0873378402311074,0.07766495499543323,-0.027378402707158606,0.04242212232601138,-0.17607226959108124,0,0,0,1,1,1,1,1,1,1
小泉　隆斗,Ryuto Koizumi,SB,サイドバック,931.875,491.125,5.75,2.4946695095948828,23.06153846153846,1.1513859275053304,50.0125,2.4946695095948828,43.73125,3.070362473347548,931.875,491.125,5.75,2.4946695095948828,23.06153846153846,1.1513859275053304,50.0125,2.4946695095948828,43.73125,2.8317218543046367,-0.5849756446002914,-0.7871247676983273,-0.9461382962003553,-0.39753370166815605,0.31086862460928255,-0.5296901640012319,-1.4205254595155608,0.207366142043607,1.8826373449864606,4.2106915623344605,0,0,0,0,0,0,0,0,0,0
秋山　陽介,Yosuke Akiyama,SB,サイドバック,1692.0,869.0,12.0,1.6,25.0,1.0,71.42857142857143,1.2000000000000002,20.0,1.2000000000000002,1687.4317647058824,869.0,12.0,1.6,25.0,1.0,71.42857142857143,1.2000000000000002,20.0,1.2000000000000002,1.981634611394081,1.440456394700173,1.3631911374082233,-1.0326069968993257,0.5803599323264443,-0.8085519026145057,0.9495990176391218,-1.6807922354696876,-0.7699302874812879,0.35863462438900134,0,0,0,0,0,0,0,0,0,0
川島　功奨,Kosuke K Kawashima,SB,サイドバック,1529.0,745.6666666666666,9.666666666666666,,,,,,,,1529.0,745.6666666666666,9.666666666666666,2.9367053620784964,21.877086956521737,1.39152613874796,63.54991258741259,2.333710234010805,27.267727272727274,0.9734994734994735,1.4434452771649102,0.7134037714010703,0.5010414821943537,-0.08375843333001455,0.14620227519703147,-0.0873378402311074,0.07766495499543323,-0.027378402707158606,0.04242212232601138,-0.17607226959108124,0,0,0,1,1,1,1,1,1,1
黒﨑　隼人,Hayato Kurosaki,SB,サイドバック,1255.0,811.4,12.2,,,,,,,,1255.0,811.4,12.2,2.9367053620784964,21.877086956521737,1.39152613874796,63.54991258741259,2.333710234010805,27.267727272727274,0.9734994734994735,0.5126731062397853,1.100903169548592,1.4370896792836976,-0.08375843333001455,0.14620227519703147,-0.0873378402311074,0.07766495499543323,-0.027378402707158606,0.04242212232601138,-0.17607226959108124,0,0,0,1,1,1,1,1,1,1
西山　峻太,Shunta Nishiyama,SB,サイドバック,556.1818181818181,232.27272727272728,2.090909090909091,0.25210084033613445,0.0,0.5042016806722689,55.56666666666668,3.781512605042017,28.57142857142857,0.5042016806722689,556.1818181818181,232.27272727272728,2.199242424242424,0.4857918268358273,0.0,0.5042016806722689,55.56666666666668,3.781512605042017,28.57142857142857,0.5042016806722689,-1.8611973907414476,-2.3130644212115574,-2.258117333209253,-1.823517884680988,-2.8952224092639356,-1.7218414243529248,-0.805843798092776,2.0841104024177843,0.18814372853475397,-1.283958282181694,0,0,0,0,0,0,0,0,0,0
大竹　優心,Yushin Otake,SB,サイドバック,324.8,162.4,1.0,1.0256410256410258,0.0,0.5128205128205129,28.57142857142857,4.871794871794871,0.0,2.0512820512820515,475.42,222.505,2.199242424242424,1.0256410256410258,0.0,0.5128205128205129,29.619047619047617,4.810204081632653,0.0,2.0512820512820515,-2.135543568978495,-2.3706453812437727,-2.258117333209253,-1.4403106713622196,-2.8952224092639356,-1.7059650311023653,-3.6774763117292575,3.584363876378803,-3.005436324852053,2.3682828515906307,0,0,0,0,0,0,0,0,0,0
五月田　星矢,Seiya Satsukida,SB,サイドバック,643.625,310.125,3.625,2.155688622754491,24.987499999999997,1.347305389221557,63.63636363636363,2.4251497005988023,45.46363636363637,0.8083832335329341,643.625,310.125,3.625,2.155688622754491,24.987499999999997,1.347305389221557,63.63636363636363,2.4251497005988023,45.39782991202347,0.8083832335329341,-1.5641547623709748,-1.8541236175670102,-1.731310303627272,-0.6381563075772276,0.5786221411556488,-0.16879504896195635,0.08723252427992863,0.1059777886559169,2.0689198177409254,-0.5658673538774438,0,0,0,0,0,0,0,0,0,0
大熊　健太,Kenta Okuma,SB,サイドバック,636.0,219.75,2.5833333333333335,2.0,49.974999999999994,1.5,66.66666666666666,1.0,40.0,3.0,636.0,222.505,2.5833333333333335,2.0,33.33333333333333,1.5,66.66666666666666,1.104460357611382,40.0,2.8317218543046367,-1.5900567251567561,-2.3706453812437727,-2.1161985425620347,-0.7486705093269534,1.7388873795232371,0.11247736083356084,0.42259727169739175,-1.8201281623790506,1.465575749889477,4.2106915623344605,0,0,0,0,0,0,0,0,0,0
寺島　はるひ,Haruhi Terashima,SB,サイドバック,570.4,322.4,3.6,6.877076411960133,21.752173913043478,1.7940199335548173,49.98333333333333,2.0930232558139537,7.684615384615384,1.495016611295681,570.4,322.4,3.6,6.877076411960133,21.752173913043478,1.7940199335548173,49.98333333333333,2.0930232558139537,7.684615384615384,1.495016611295681,-1.8128985295826257,-1.7817622314778496,-1.7405476213617064,2.7132793557581185,0.1288364524711376,0.6540792865156465,-1.4237533452094548,-0.37839859038652146,-2.1464861204930554,1.0550895878085944,0,0,0,0,0,0,0,0,0,0
