FB_Name,SC_Name,analysis_position_code,analysis_position_jp,raw_shot_conversion_rate_pct,raw_out_box_shots_per90,raw_box_shots_per90,raw_shot_on_target_rate_pct,raw_aerial_retain_proxy_pct,raw_aerial_pass_proxy_per90,raw_pressure_engagement_proxy_per90,raw_consecutive_on_ball_engagement_proxy_per90,raw_runs_in_behind_proxy_per_match,raw_passing_option_receive_proxy_per90,raw_xthreat_passing_option_proxy_per90,raw_successful_forward_passes_per90,raw_attacking_third_tackle_gain_proxy_per90,raw_goals_per90,raw_first_shot_proxy_per90,win_shot_conversion_rate_pct,win_out_box_shots_per90,win_box_shots_per90,win_shot_on_target_rate_pct,win_aerial_retain_proxy_pct,win_aerial_pass_proxy_per90,win_pressure_engagement_proxy_per90,win_consecutive_on_ball_engagement_proxy_per90,win_runs_in_behind_proxy_per_match,win_passing_option_receive_proxy_per90,win_xthreat_passing_option_proxy_per90,win_successful_forward_passes_per90,win_attacking_third_tackle_gain_proxy_per90,win_goals_per90,win_first_shot_proxy_per90,z_shot_conversion_rate_pct,z_out_box_shots_per90,z_box_shots_per90,z_shot_on_target_rate_pct,z_aerial_retain_proxy_pct,z_aerial_pass_proxy_per90,z_pressure_engagement_proxy_per90,z_consecutive_on_ball_engagement_proxy_per90,z_runs_in_behind_proxy_per_match,z_passing_option_receive_proxy_per90,z_xthreat_passing_option_proxy_per90,z_successful_forward_passes_per90,z_attacking_third_tackle_gain_proxy_per90,z_goals_per90,z_first_shot_proxy_per90,imputed_shot_conversion_rate_pct,imputed_out_box_shots_per90,imputed_box_shots_per90,imputed_shot_on_target_rate_pct,imputed_aerial_retain_proxy_pct,imputed_aerial_pass_proxy_per90,imputed_pressure_engagement_proxy_per90,imputed_consecutive_on_ball_engagement_proxy_per90,imputed_runs_in_behind_proxy_per_match,imputed_passing_option_receive_proxy_per90,imputed_xthreat_passing_option_proxy_per90,imputed_successful_forward_passes_per90,imputed_attacking_third_tackle_gain_proxy_per90,imputed_goals_per90,imputed_first_shot_proxy_per90
橋本　啓吾,Keigo Hashimoto,FW,フォワード,14.285714285714285,0.547550432276657,1.8731988472622478,29.760714285714286,54.33669467787116,5.590259365994236,0.7780979827089338,3.34299711815562,14.627118644067796,9.164265129682997,0.0,2.420806916426513,0.25936599423631124,0.345821325648415,2.4207492795389047,14.285714285714285,0.547550432276657,1.8731988472622478,29.760714285714286,54.33669467787116,5.590259365994236,0.7780979827089338,3.34299711815562,13.410800000000004,9.164265129682997,0.0,2.420806916426513,0.25936599423631124,0.345821325648415,2.4207492795389047,0.31872934537382264,0.137884656509656,-0.016459524292581705,-0.37643467242555384,1.2451604473761486,1.2503745729988436,-0.46946710903435696,-0.40907113892837493,2.6700009157714755,-0.591931449573819,0.0,-0.1499236850259706,-0.8760216991389366,0.3205840359691398,-0.02054952650439474,0,0,0,0,0,0,0,0,0,0,0,0,0,0,0
佐藤　碧,Aoi Sato,FW,フォワード,6.0,0.895310279488394,1.1084793936522974,25.52978723404255,31.88115942028985,0.9378588346755092,1.3216485078162008,5.11605873993368,7.9245283018867925,10.78635717669351,0.0,3.197621980104216,0.8526764566556135,0.12790146849834202,2.1316911416390334,6.0,0.895310279488394,1.1084793936522974,25.52978723404255,31.88115942028985,0.9378588346755092,1.3216485078162008,5.11605873993368,7.9245283018867925,10.78635717669351,0.0,3.197621980104216,0.8526764566556135,0.12790146849834202,2.1316911416390334,-0.8045619984856437,1.379257271733905,-1.065498124843711,-0.7627269189194044,-0.8369578413441239,-0.9797691441756534,0.8341273628226974,0.6264506865943554,0.5883977422483705,0.03367601166062154,0.0,0.45049362725446696,1.4703094121054516,-0.886014074536504,-0.35562358534853056,0,0,0,0,0,0,0,0,0,0,0,0,0,0,0
富樫　佑太,Yuta Togashi,FW,フォワード,3.6363636363636362,0.9222886421861657,1.1912894961571308,27.27272727272727,25.30361445783133,0.8070794192997438,1.4987190435525193,4.8807130657557645,6.018518518518518,9.030742954739539,0.0,3.612566182749787,0.3074295473953886,0.07685738684884715,2.1135781383432963,3.6363636363636362,0.9222886421861657,1.1912894961571308,27.27272727272727,25.30361445783133,0.8070794192997438,1.4987190435525193,4.8807130657557645,6.018518518518518,9.030742954739539,0.0,3.612566182749787,0.3074295473953886,0.07685738684884715,2.1135781383432963,-1.1249993410913222,1.4755599384308176,-0.9518996102079438,-0.6035929478476109,-1.4468398372137652,-1.0424586932745887,1.2587947320043922,0.48900166668426315,-0.13478117271312723,-0.6434281997359487,0.0,0.7712130552728841,-0.6859475015017591,-1.168639500581832,-0.376620045009743,0,0,0,0,0,0,0,0,0,0,0,0,0,0,0
西谷　亮,Ryo Nishitani,FW,フォワード,14.814814814814813,0.39003250270855905,0.9263271939328277,37.03703703703704,46.774193548387096,1.4138678223185264,1.7063921993499458,6.240081256771397,12.018518518518519,16.088840736728063,0.0,4.972719393282773,0.6338028169014085,0.19501625135427952,1.3163596966413869,14.814814814814813,0.39003250270855905,0.9263271939328277,37.03703703703704,46.774193548387096,1.4138678223185264,1.7063921993499458,6.240081256771397,12.018518518518519,16.088840736728063,0.0,4.972719393282773,0.6338028169014085,0.19501625135427952,1.3163596966413869,0.39045931624607455,-0.4243954506977851,-1.3153736678013068,0.2879083964799182,0.5439515147210964,-0.7515926477703097,1.7568562099087845,1.282913966983457,2.1417409771895013,2.078734603954598,0.0,1.8225051492900675,0.6047422884573714,-0.5144069560296184,-1.3007497754067048,0,0,0,0,0,0,0,0,0,0,0,0,0,0,0
永井　龍,Ryo Nagai,FW,フォワード,15.053763440860216,0.8194233687405159,2.1851289833080427,29.537499999999994,44.675126903553306,3.004893778452201,0.3755690440060698,2.697166160849772,9.958333333333334,8.296661608497724,0.0,1.638744309559939,0.4779969650986343,0.4779969650986343,3.1752655538694996,15.053763440860216,0.8194233687405159,2.1851289833080427,29.537499999999994,44.675126903553306,3.004893778452201,0.3755690440060698,2.697166160849772,9.958333333333334,8.296661608497724,0.0,1.638744309559939,0.4779969650986343,0.4779969650986343,3.1752655538694996,0.42285349663999516,1.1083693770799095,0.41144478995297684,-0.39681459078033243,0.34932221729762075,0.011070952675827384,-1.4348502243427026,-0.7862560284291622,1.3600647760269475,-0.9265482410482072,0.0,-0.7543969379348264,-0.011414244343537968,1.0524259107813108,0.8540801668186951,0,0,0,0,0,0,0,0,0,0,0,0,0,0,0
澤上　竜二,Ryuji Sawakami,FW,フォワード,11.11111111111111,0.5831533477321814,1.1663066954643628,27.77777777777778,50.511340206185565,4.762030237580994,0.48596112311015116,1.847138228941685,8.566037735849056,8.45572354211663,0.0,1.2639848812095034,0.48596112311015116,0.19438444924406048,1.7494600431965444,11.11111111111111,0.5831533477321814,1.1663066954643628,27.77777777777778,50.511340206185565,4.762030237580994,0.48596112311015116,1.847138228941685,8.566037735849056,8.45572354211663,0.0,1.2639848812095034,0.48596112311015116,0.19438444924406048,1.7494600431965444,-0.11165047985968932,0.26497375153597946,-0.9861709003560777,-0.5574808093479108,0.8904665861534283,0.8533601769515307,-1.1700974600463425,-1.2826981514683318,0.8317994815461355,-0.865201332496525,0.0,-1.0440566770967312,0.020081157981058348,-0.5179051743304811,-0.7987030519987385,0,0,0,0,0,0,0,0,0,0,0,0,0,0,0
増田　隼司,Shunji Masuda,FW,フォワード,10.0,0.5871886120996441,1.0142348754448398,20.003333333333334,34.62051282051282,1.4414946619217084,1.814946619217082,9.074893238434163,7.654545454545454,12.117437722419929,0.0,5.925587188612099,0.9608540925266904,0.16014234875444838,1.6014234875444842,10.0,0.5871886120996441,1.0142348754448398,20.003333333333334,34.62051282051282,1.4414946619217084,1.814946619217082,9.02785588154662,7.654545454545454,12.117437722419929,0.0,5.925587188612099,0.9608540925266904,0.16014234875444838,1.6014234875444842,-0.26228341869141847,0.27937813640422005,-1.194782317920345,-1.2673034021291891,-0.5829599852054386,-0.7383496300310437,2.017201725362977,2.911058997666735,0.4859607535706478,0.5470463363873671,0.0,2.5589974592120974,1.898113350620521,-0.7074998918144288,-0.9703059341041508,0,0,0,0,0,0,0,0,0,0,0,0,0,0,0
島田　拓海,Takumi Shimada,FW,フォワード,8.108108108108109,0.3973509933774834,2.0529801324503314,27.027027027027028,44.79166666666667,2.847682119205298,0.46357615894039733,4.304701986754967,7.758064516129032,7.880794701986755,0.0,2.78158940397351,0.1986754966887417,0.1986754966887417,2.4503311258278146,8.108108108108109,0.3973509933774834,2.0529801324503314,27.027027027027028,44.79166666666667,2.847682119205298,0.46357615894039733,4.304701986754967,7.758064516129032,7.880794701986755,0.0,2.78158940397351,0.1986754966887417,0.1986754966887417,2.4503311258278146,-0.5187665307562547,-0.39827117564412884,0.23016360910450057,-0.6260258800907077,0.3601279972248458,-0.06428898071251302,-1.2237832062585285,0.15259370617013865,0.5252379930093393,-1.0869395333137943,0.0,0.1289329716218375,-1.1160309549543637,-0.4941461199397798,0.013741531260468816,0,0,0,0,0,0,0,0,0,0,0,0,0,0,0
樋口　寛規,Hiroki Higuchi,FW,フォワード,23.333333333333332,0.307797537619699,1.292749658002736,46.15384615384615,25.003571428571426,0.8619562243502051,0.6771545827633378,2.5851915184678527,7.5,8.864569083447332,0.0,1.96953488372093,0.24623803009575923,0.43091655266757867,1.8467852257181943,23.333333333333332,0.307797537619699,1.292749658002736,46.15384615384615,25.003571428571426,0.8619562243502051,0.6771545827633378,2.5851915184678527,7.5,8.864569083447332,0.0,1.96953488372093,0.24623803009575923,0.43091655266757867,1.8467852257181943,1.545311847289332,-0.7179435255940742,-0.81271703064656,1.1202916145257804,-1.4746603755112953,-1.0161533136801093,-0.711559153952474,-0.8516526196515816,0.4273230618307317,-0.7075180360274291,0.0,-0.49872168554573465,-0.9279381116098652,0.791746882150995,-0.6858844191375113,0,0,0,0,0,0,0,0,0,0,0,0,0,0,0
浅川　隼人,Hayato Asakawa,FW,フォワード,22.033898305084744,0.2915316982878297,2.082369273484498,49.11929824561403,35.55666666666667,1.3327579824155484,0.9578898658028691,1.4993475242943082,7.410714285714286,4.622859787135585,0.0,1.1245210550670985,0.5414160111059695,0.5414160111059695,2.4571957427117077,22.033898305084744,0.2915316982878297,2.082369273484498,49.11929824561403,35.55666666666667,1.3327579824155484,0.9578898658028691,1.4993475242943082,7.410714285714286,4.622859787135585,0.0,1.1245210550670985,0.5414160111059695,0.5414160111059695,2.4571957427117077,1.3691479018759536,-0.7760064896542291,0.2704794965013016,1.3910434229140336,-0.4961580888456231,-0.7904729201464679,-0.03827314626563203,-1.4858184835271397,0.3934462441238473,-2.3434578638878385,0.0,-1.1518513113258002,0.23938544674178258,1.4035701437266537,0.021698944459099454,0,0,0,0,0,0,0,0,0,0,0,0,0,0,0
浮田　健誠,Kensei Ukita,FW,フォワード,18.84057971014493,0.755984880302394,1.7009659806803865,38.456923076923076,25.71990291262136,2.002717345653087,0.4157916841663167,2.7970306593868126,5.73469387755102,9.109617807643847,0.0,1.662977740445191,0.377992440151197,0.4913901721965561,2.6081478370432594,18.84057971014493,0.755984880302394,1.7009659806803865,38.456923076923076,25.71990291262136,2.002717345653087,0.4157916841663167,2.7970306593868126,5.73469387755102,9.109617807643847,0.0,1.662977740445191,0.377992440151197,0.4913901721965561,2.6081478370432594,0.9362308337523403,0.88191769518014,-0.25272777204674635,0.41754688029544834,-1.40824081050792,-0.4693256640947801,-1.3383844701314531,-0.7279321289324909,-0.24247001968823884,-0.6130077950667775,0.0,-0.7356663904470223,-0.4068964463471851,1.1265826149445035,0.1966814974713819,0,0,0,0,0,0,0,0,0,0,0,0,0,0,0
百田　真登,Manato Hyakuda,FW,フォワード,13.953488372093023,0.19057702488088937,1.858125992588671,30.23255813953488,30.93453237410072,2.0486553732133403,0.5240868184224458,1.0003864478560085,4.977777777777778,3.04923239809423,0.0,0.7621651667548967,0.142932768660667,0.285865537321334,2.0487030174695606,13.953488372093023,0.19057702488088937,1.858125992588671,30.23255813953488,30.93453237410072,2.0486553732133403,0.5240868184224458,1.0223509635044363,4.977777777777778,4.1097174461812145,0.0,0.7621651667548967,0.142932768660667,0.285865537321334,2.0487030174695606,0.2736895962214785,-1.1363769233057592,-0.037136396442802345,-0.3333543687330913,-0.9247308319613129,-0.4473051173139877,-1.078660798045132,-1.7643989588644036,-0.5296593974801879,-2.5413662857730244,0.0,-1.4319240837555447,-1.336473548305219,-0.011384522818565106,-0.4518228060428764,0,0,0,0,0,0,0,0,0,0,0,0,0,0,0
國武　勇斗,Yuto Kunitake,FW,フォワード,4.3478260869565215,0.30434782608695654,0.6956521739130435,43.47826086956522,38.295744680851065,0.7825652173913044,0.9130434782608695,2.956565217391305,5.7272727272727275,8.956521739130435,0.0,2.260913043478261,0.9130434782608695,0.043478260869565216,1.0,4.3478260869565215,0.30434782608695654,0.6956521739130435,43.47826086956522,38.295744680851065,0.7825652173913044,0.9130434782608695,2.956565217391305,5.7272727272727275,8.956521739130435,0.0,2.260913043478261,0.9130434782608695,0.043478260869565216,1.0,-1.028546629270215,-0.7302577058006303,-1.631812590652464,0.8760052353166689,-0.24218576700397432,-1.0542096577497295,-0.14582801040815602,-0.6347591028460617,-0.2452857551859538,-0.672053792440457,0.0,-0.27350914820067884,1.7090394360258359,-1.3534560237919928,-1.667471599530018,0,0,0,0,0,0,0,0,0,0,0,0,0,0,0
マルクス　ヴィニシウス,Marcus Vinicius Ferreira Teixeira,FW,フォワード,12.025316455696203,1.2622309197651662,3.1996086105675143,30.925657894736847,61.00556962025316,7.073542074363992,2.318982387475538,8.306859099804305,11.73076923076923,14.500978473581213,,4.549549902152642,0.6751467710371819,0.557729941291585,4.637964774951076,12.025316455696203,1.2622309197651662,3.1996086105675143,30.925657894736847,61.00556962025316,7.073542074363992,2.2754580448044712,8.306859099804305,11.73076923076923,14.500978473581213,0.0,4.549549902152642,0.6751467710371819,0.557729941291585,4.637964774951076,0.012288014115784156,2.689026753323325,1.803103238609003,-0.27007295115924873,1.8635107259799073,1.9613910881497318,3.121643945346596,2.4899749843107286,2.0325630393261744,1.466328864669918,0.0,1.495428216331865,0.7682428703535156,1.4938985681039185,2.549630302292594,0,0,0,0,0,0,0,0,0,0,1,0,0,0,0
中野　誠也,Seiya Nakano,FW,フォワード,7.142857142857142,0.48582995951417,1.2145748987854252,35.714285714285715,30.309090909090912,1.2148178137651824,0.97165991902834,2.064777327935223,8.173913043478262,10.445344129554655,0.0,0.97165991902834,0.48582995951417,0.1214574898785425,1.7004048582995952,7.142857142857142,0.48582995951417,1.2145748987854252,35.714285714285715,30.309090909090912,1.2148178137651824,0.97165991902834,2.064777327935223,8.173913043478262,10.445344129554655,0.0,0.97165991902834,0.48582995951417,0.1214574898785425,1.7004048582995952,-0.6496252614015794,-0.08243435185301969,-0.9199568028540264,0.16713850993308554,-0.9827229082081378,-0.8470079334901192,-0.005248497345719915,-1.155590309119962,0.6830193902618242,-0.0978456902437445,0.0,-1.270001018693737,0.019562452774582902,-0.9216936703680778,-0.8555674600731586,0,0,0,0,0,0,0,0,0,0,0,0,0,0,0
川西　翔太,Shota Kawanishi,FW,フォワード,20.833333333333336,0.3961848862802641,1.1885546588407925,41.66666666666667,37.20232558139535,1.056294937637564,2.0469552457813647,8.780909757887013,3.5217391304347827,15.385179750550257,0.0,7.658451944240644,0.6603081438004402,0.3301540719002201,1.5847395451210564,20.833333333333336,0.3961848862802641,1.1885546588407925,41.66666666666667,37.20232558139535,1.056294937637564,2.0469552457813647,8.780909757887013,3.5217391304347827,15.385179750550257,0.0,7.446740066375142,0.6603081438004402,0.3301540719002201,1.5847395451210564,1.2063877349179417,-0.40243374193380554,-0.9556512473573889,0.7106029993938331,-0.3435695852072912,-0.9229964030650358,2.573626839574136,2.76683496301569,-1.0821101027786195,1.8073470683682369,0.0,3.734729708932057,0.7095613959164103,0.23383618739485448,-0.9896458369553768,0,0,0,0,0,0,0,0,0,0,0,0,0,0,0
佐々木　快,Kai  Sasaki,FW,フォワード,16.94915254237288,0.5110410094637224,2.782334384858044,36.210344827586205,42.04408163265306,5.849034700315459,0.7949526813880126,3.351066246056782,6.584905660377358,11.299684542586752,0.0,2.0450157728706624,0.3974763406940063,0.5678233438485805,3.3501577287066246,16.94915254237288,0.5110410094637224,2.782334384858044,36.210344827586205,42.04408163265306,5.849034700315459,0.7949526813880126,3.351066246056782,6.584905660377358,11.299684542586752,0.0,2.0450157728706624,0.3974763406940063,0.5678233438485805,3.3501577287066246,0.67981072417143,0.007559669191537529,1.2306883906305326,0.2124297160754554,0.10536688894966324,1.3744193928958575,-0.42904457054351947,-0.4043585232178119,0.08011763959715464,0.23165579385022753,0.0,-0.4403808593814483,-0.3298445740010055,1.5497846200365633,1.0568138843625796,0,0,0,0,0,0,0,0,0,0,0,0,0,0,0
河村　慶人,Keito  Kawamura,FW,フォワード,,,,,,,,,13.55,,0.0,,,,,11.200716845878135,0.48721914685770107,1.8918585262617842,32.56792929292929,42.269540816326526,2.4869689742446455,0.9115779189057156,3.7187069624652453,13.410800000000004,10.416197750913852,0.0,2.3116036390353534,0.4614799583110335,0.2575107296137339,2.3738998852054127,-0.09950266221196927,-0.07747547250135725,0.009137736836322592,-0.12013023174750843,0.12627187670888296,-0.23719803024962,-0.14934285398811578,-0.18964518155177146,2.6700009157714755,-0.10908684759930629,0.0,-0.23432928086109323,-0.07673311084785756,-0.16838195229182376,-0.07485699844677042,1,1,1,1,1,1,1,1,0,1,0,1,1,1,1
安藤　翼,Tsubasa Ando,FW,フォワード,10.16949152542373,0.7809110629067245,1.5227765726681128,30.508474576271187,25.92296296296296,1.3664381778741863,1.0151843817787418,5.036837310195227,4.894736842105263,10.932754880694143,0.0,3.006468546637744,0.5075921908893709,0.23427331887201736,2.3036876355748372,10.16949152542373,0.7809110629067245,1.5227765726681128,30.508474576271187,25.92296296296296,1.3664381778741863,1.0151843817787418,5.036837310195227,4.894736842105263,10.932754880694143,0.0,3.006468546637744,0.5075921908893709,0.23427331887201736,2.3036876355748372,-0.2393055127679342,0.9708948463239154,-0.49716717571539326,-0.3081626367817375,-1.3894127113477381,-0.7743282060811895,0.0991360012632641,0.5801829660957204,-0.5611668190480411,0.09013858793622861,0.0,0.3027469676933763,0.10562431036853624,-0.29704492160852025,-0.15624651972170517,0,0,0,0,0,0,0,0,0,0,0,0,0,0,0
杉本　健勇,Kenyu Sugimoto,FW,フォワード,14.084507042253522,0.49073064340239914,1.766630316248637,36.233333333333334,56.73742690058481,3.174078516902945,0.8178844056706651,7.295627044711014,7.375,15.2453653217012,,5.071112322791712,0.45801526717557256,0.3271537622682661,2.3227917121046895,14.084507042253522,0.49073064340239914,1.766630316248637,36.233333333333334,56.73742690058481,3.174078516902945,0.8178844056706651,7.295627044711014,7.375,15.2453653217012,0.0,5.071112322791712,0.45801526717557256,0.3271537622682661,2.3227917121046895,0.2914517508167693,-0.06494074290565241,-0.16264974099174964,0.21452861341406268,1.4677607287720045,0.09217022152807079,-0.37404753232132903,1.899384758423824,0.3798955170410936,1.7534235255967858,0.0,1.8985551913727556,-0.09043472765204519,0.21722380530085128,-0.134101215286291,0,0,0,0,0,0,0,0,0,0,1,0,0,0,0
和田　育,Hagumi Wada,FW,フォワード,18.64406779661017,0.38428693424423566,1.8445772843723314,34.484482758620686,32.654421768707486,1.8446541417591802,0.9222886421861657,1.9980230572160544,10.153846153846153,8.108454312553373,0.0,0.9604483347566182,0.26900085397096496,0.4227156276686592,2.2672929120409906,18.64406779661017,0.38428693424423566,1.8445772843723314,34.484482758620686,32.654421768707486,1.8446541417591802,0.9222886421861657,1.9980230572160544,10.153846153846153,8.108454312553373,0.0,0.9604483347566182,0.26900085397096496,0.4227156276686592,2.2672929120409906,0.9095897834062715,-0.44490498165051895,-0.055722451550266706,0.054854998379532956,-0.7652595424992732,-0.5450937882507952,-0.12365538058308141,-1.1945768301903528,1.4342463204415092,-0.9991359149835698,0.0,-1.278666696806315,-0.8379192678153551,0.7463392688315706,-0.19843501447780323,0,0,0,0,0,0,0,0,0,0,0,0,0,0,0
土信田　悠生,Yusei  Toshida,FW,フォワード,8.695652173913043,0.2575107296137339,2.703862660944206,26.08695652173913,52.777083333333344,9.785278969957082,0.5150214592274678,2.317725321888412,5.617021276595745,10.944206008583691,0.0,1.8027038626609444,0.38626609442060084,0.2575107296137339,2.9613733905579402,8.695652173913043,0.2575107296137339,2.703862660944206,26.08695652173913,52.777083333333344,9.669857635734825,0.5150214592274678,2.317725321888412,5.617021276595745,10.944206008583691,0.0,1.8027038626609444,0.38626609442060084,0.2575107296137339,2.9613733905579402,-0.4391133903634485,-0.8974486262149539,1.123041243629359,-0.711856229542558,1.1005504317827122,3.2059436149615874,-1.100402203096005,-1.0078609999727437,-0.28711740010679515,0.09455505188502518,0.0,-0.6276690218597445,-0.37417709678974725,-0.16838195229182376,0.6061379506386992,0,0,0,0,0,0,0,0,0,0,0,0,0,0,0
オリオラ　サンデー,Oriola Sunday,FW,フォワード,10.9375,0.3578528827037773,1.89662027833002,31.750793650793653,36.13739495798319,3.0777852882703782,0.5725646123260437,4.5450536779324056,12.68,11.451292246520874,,2.362294234592446,0.39363817097415504,0.25049701789264417,2.290258449304175,10.9375,0.3578528827037773,1.89662027833002,31.750793650793653,36.13739495798319,3.0777852882703782,0.5725646123260437,4.5450536779324056,12.68,11.451292246520874,0.0,2.362294234592446,0.39363817097415504,0.25049701789264417,2.290258449304175,-0.13518687655214695,-0.5392646610524137,0.01566988624386374,-0.19473637811584385,-0.442311899821063,0.046011741105815344,-0.9623967504148135,0.29296639201393093,2.3927205179133337,0.2901277596900268,0.0,-0.19514941352150764,-0.3450231653024322,-0.20721609719707756,-0.1718135332760632,0,0,0,0,0,0,0,0,0,0,1,0,0,0,0
田中　翔太,Shota Tanaka,FW,フォワード,19.047619047619047,0.35928143712574845,2.0958083832335332,34.146341463414636,30.831666666666667,2.2154491017964073,0.41916167664670656,1.1376646706586826,4.458333333333333,4.0119760479041915,0.0,0.6586227544910179,0.41916167664670656,0.47904191616766467,2.5149700598802394,19.047619047619047,0.35928143712574845,2.0958083832335332,34.146341463414636,30.831666666666667,2.2154491017964073,0.41916167664670656,1.1376646706586826,4.458333333333333,4.1097174461812145,0.0,0.660823382830751,0.41916167664670656,0.47904191616766467,2.5149700598802394,0.9642990832240909,-0.5341652559514194,0.2889152049395124,0.023982010270254654,-0.9342687284431294,-0.36735198701929256,-1.3303022342311766,-1.6970522524253957,-0.7267471947171285,-2.5413662857730244,0.0,-1.510253359757697,-0.24408681035710614,1.0582116891034512,0.08867050627450877,0,0,0,0,0,0,0,0,0,0,0,0,0,0,0
田口　裕也,Yuya Taguchi,FW,フォワード,15.0,0.5035971223021583,2.194244604316547,33.33333333333333,47.94689655172413,5.001654676258991,0.6474820143884893,2.553848920863309,8.25,8.741007194244604,,1.762482014388489,0.4676258992805756,0.4316546762589928,2.8776978417266186,15.0,0.5035971223021583,2.194244604316547,33.33333333333333,47.94689655172413,5.001654676258991,0.6474820143884893,2.553848920863309,8.25,8.741007194244604,0.0,1.762482014388489,0.4676258992805756,0.4316546762589928,2.8776978417266186,0.415564806051363,-0.01901222445079806,0.4239495565844181,-0.050247285851213866,0.6526866814618167,0.9682249511260203,-0.7827227244257424,-0.8699576483597964,0.7118883305685602,-0.7551733093221319,0.0,-0.6587573660022558,-0.05242810795627375,0.7958337907162231,0.5091418723527673,0,0,0,0,0,0,0,0,0,0,1,0,0,0,0
清水　一雅,Kazumasa  Shimizu,FW,フォワード,18.181818181818183,0.4376012965964344,2.771474878444084,31.81363636363636,56.445161290322574,5.104764991896271,1.6045380875202593,7.584943273905996,6.052631578947368,17.94165316045381,0.0,4.959481361426256,1.0210696920583469,0.5834683954619124,3.2090761750405186,18.181818181818183,0.4376012965964344,2.771474878444084,31.81363636363636,56.445161290322574,5.104764991896271,1.6045380875202593,7.584943273905996,6.052631578947368,17.7651822031683,0.0,4.959481361426256,1.0210696920583469,0.5834683954619124,3.2090761750405186,0.846922767251315,-0.2545926441198839,1.2157913700860712,-0.18899871059681042,1.440661326984842,1.017651224948833,1.5125800092908444,2.068354221261163,-0.12183798310191993,2.725264947848763,0.0,1.8122731856235255,2.136244554286216,1.6364095378493975,0.8932731891986397,0,0,0,0,0,0,0,0,0,0,0,0,0,0,0
藤岡　浩介,Kosuke Fujioka,FW,フォワード,21.34831460674157,0.8791208791208791,2.271062271062271,37.20697674418604,34.72361111111111,0.9157875457875458,0.5860805860805861,3.36992673992674,6.75,7.619047619047619,,1.9779487179487178,0.40293040293040294,0.6959706959706959,3.26007326007326,21.34831460674157,0.8791208791208791,2.271062271062271,37.20697674418604,34.72361111111111,0.9157875457875458,0.5860805860805861,3.36992673992674,6.75,7.619047619047619,0.0,1.9779487179487178,0.40293040293040294,0.6959706959706959,3.26007326007326,1.2762035633090516,1.3214671661933477,0.5293276756320344,0.3034242374389719,-0.573400523187359,-0.99034909014378,-0.929981459003386,-0.393343422105368,0.14275779309290318,-1.1878899869855595,0.0,-0.4922184494870716,-0.3082757045498601,2.2593223141181245,0.9523886335701086,0,0,0,0,0,0,0,0,0,0,1,0,0,0,0
髙木　彰人,Akito Takagi,FW,フォワード,7.142857142857142,0.36474164133738607,2.188449848024316,46.432142857142864,27.69384615384616,1.6414285714285717,1.0030395136778114,2.4619148936170214,6.076923076923077,9.574468085106384,0.0,1.5500607902735561,0.547112462006079,0.18237082066869303,2.5531914893617023,7.142857142857142,0.36474164133738607,2.188449848024316,46.432142857142864,27.69384615384616,1.6414285714285717,1.0030395136778114,2.4619148936170214,6.076923076923077,9.574468085106384,0.0,1.5500607902735561,0.547112462006079,0.18237082066869303,2.5531914893617023,-0.6496252614015794,-0.5146743686733027,0.4160003367723151,1.1457006696561074,-1.2252131838534925,-0.6425106434400762,0.07000902559769633,-0.9236499118166436,-0.11262129423591738,-0.4337246264738313,0.0,-0.8229423650039291,0.2619128768432212,-0.5844233050273657,0.13297650507539702,0,0,0,0,0,0,0,0,0,0,0,0,0,0,0
古川　大悟,Daigo Furukawa,FW,フォワード,11.29032258064516,0.22765598650927485,2.0868465430016863,27.8672131147541,52.8632183908046,6.980084317032041,0.6070826306913997,3.3390682967959524,8.5,8.954468802698145,,2.580252951096121,0.30354131534569984,0.26559865092748736,2.3524451939291735,11.29032258064516,0.22765598650927485,2.0868465430016863,27.8672131147541,52.8632183908046,6.980084317032041,0.6070826306913997,3.3390682967959524,8.5,8.954468802698145,0.0,2.580252951096121,0.30354131534569984,0.26559865092748736,2.3524451939291735,-0.08735484456424923,-1.0040188953865572,0.2766213940644267,-0.5493151811499801,1.1085370318082146,1.9165918003558258,-0.8796123617663834,-0.4113656898997257,0.8067434201478364,-0.6728455676987404,0.0,-0.026684365828345942,-0.7013240714491719,-0.12360002785997769,-0.09972711813759733,0,0,0,0,0,0,0,0,0,0,1,0,0,0,0
高木　大輔,Daisuke Takagi,FW,フォワード,7.142857142857142,0.6550218340611353,1.1790393013100435,21.428571428571427,43.746874999999996,1.8339301310043667,1.1790393013100435,4.845851528384279,5.8604651162790695,11.528384279475983,0.0,4.059825327510917,0.0,0.13100436681222707,1.834061135371179,7.142857142857142,0.6550218340611353,1.1790393013100435,21.428571428571427,43.746874999999996,1.8339301310043667,1.1790393013100435,4.845851528384279,5.8604651162790695,11.528384279475983,0.0,4.059825327510917,0.0,0.13100436681222707,1.834061135371179,-0.6496252614015794,0.5215173736409833,-0.9687043706965159,-1.137176264772708,0.2632530035043206,-0.5502343785862064,0.4921084250235658,0.46864147030076253,-0.1947498512240563,0.3198605674596805,0.0,1.1169094071419587,-1.9017216320105255,-0.868833670274186,-0.7006340907041037,0,0,0,0,0,0,0,0,0,0,0,0,0,0,0
武　颯,Hayate Take,FW,フォワード,20.454545454545457,0.8866995073891626,1.900070372976777,45.456818181818186,45.33866666666667,2.1536664320900774,0.5066854327938072,6.333314567206193,6.571428571428571,10.387051372273048,0.0,4.5601688951442645,0.633356790992259,0.5700211118930331,2.7867698803659393,20.454545454545457,0.8866995073891626,1.900070372976777,45.456818181818186,45.33866666666667,2.1536664320900774,0.5066854327938072,6.333314567206193,6.571428571428571,10.387051372273048,0.0,4.5601688951442645,0.633356790992259,0.5700211118930331,2.7867698803659393,1.1550355966798522,1.348520035202355,0.02040271008261624,1.0566515427648298,0.4108468374068213,-0.3969677158776124,-1.1203944530787084,1.3373650512746786,0.07500415767913439,-0.12032800495486877,0.0,1.503635867714125,0.6029784151846985,1.5619534182564518,0.40373885101973905,0,0,0,0,0,0,0,0,0,0,0,0,0,0,0
武藤　雄樹,Yuki Muto,FW,フォワード,30.0,0.14469453376205788,1.157556270096463,44.44444444444444,8.333333333333332,0.14469453376205788,0.7234726688102894,6.945482315112541,4.775,14.180064308681672,0.0,4.630225080385852,0.14469453376205788,0.4340836012861737,1.4469453376205788,30.0,0.14469453376205788,1.157556270096463,44.44444444444444,8.846153846153845,0.14932475884244373,0.7234726688102894,6.945482315112541,4.775,14.180064308681672,0.0,4.630225080385852,0.14469453376205788,0.4340836012861737,1.4469453376205788,2.4491094802797075,-1.3001602595645545,-0.9981746933011056,0.9642197611421812,-2.972805677368851,-1.3577555843282276,-0.6004747227381179,1.69488960431442,-0.6065974145833785,1.3425588872836276,0.0,1.5577838218645432,-1.3295063961480795,0.8092824795446948,-1.1493758647202055,0,0,0,0,0,0,0,0,0,0,0,0,0,0,0
アンジェロッティ,Rodrigo Luiz Angelotti,FW,フォワード,0.0,0.0,1.291866028708134,50.0,36.17446808510639,3.660717703349283,1.937799043062201,5.167894736842106,6.5,15.933014354066986,0.0,3.660717703349283,1.291866028708134,0.0,1.7224880382775118,0.0,0.0,1.291866028708134,50.0,36.17446808510639,3.660717703349283,1.937799043062201,5.167894736842106,6.5,15.933014354066986,0.0,3.660717703349283,1.291866028708134,0.0,1.7224880382775118,-1.6179798681769815,-1.8166656388514735,-0.8139291892156135,1.4714532846388788,-0.4388744116864969,0.3254423391968792,2.311838071353319,0.6567244827710359,0.04790270351362701,2.0186355807027376,0.0,0.8084304161768952,3.2071474116226044,-1.5941903382292546,-0.8299688009205517,0,0,0,0,0,0,0,0,0,0,0,0,0,0,0
大野　耀平,Yohei Ono,FW,フォワード,13.636363636363635,0.40358744394618834,2.286995515695067,5.0,49.55405405405405,7.399775784753362,0.13452914798206278,1.2103587443946189,5.317073170731708,9.417040358744394,0.0,0.6723766816143497,0.0,0.40358744394618834,2.9596412556053813,13.636363636363635,0.40358744394618834,2.286995515695067,5.977777777777777,49.55405405405405,7.399775784753362,0.17255783418086323,1.2103587443946189,5.317073170731708,9.417040358744394,0.0,0.6723766816143497,0.0,0.40358744394618834,2.9596412556053813,0.23069710839424057,-0.37600937913639015,0.5511848267387888,-2.5478651555489513,0.8017052637432328,2.1177723056862954,-1.9217309808297387,-1.654596706033143,-0.400923817910265,-0.49444125497758734,0.0,-1.5013235630429165,-1.9017216320105255,0.6404286343498132,0.6041300725930004,0,0,0,0,0,0,0,0,0,0,0,0,0,0,0
吉澤　柊,Shu Yoshizawa,FW,フォワード,18.181818181818183,0.2504638218923933,2.504638218923933,30.303030303030305,44.20289855072464,5.092764378478664,1.168831168831169,5.426215213358071,4.607142857142857,12.857142857142856,0.0,3.4227551020408167,0.5009276437847866,0.5009276437847866,2.7551020408163263,18.181818181818183,0.2504638218923933,2.504638218923933,30.303030303030305,44.20289855072464,5.092764378478664,1.168831168831169,5.426215213358071,4.607142857142857,12.857142857142856,0.0,3.4227551020408167,0.5009276437847866,0.5009276437847866,2.7551020408163263,0.846922767251315,-0.9226034516999051,0.8497460778454305,-0.32692011684941186,0.3055363409602994,1.011898690867695,0.46762631259285997,0.8075914848684942,-0.6702858318723213,0.8323353569759077,0.0,0.6245039294472691,0.07926840531660616,1.1793905386824268,0.3670297252715156,0,0,0,0,0,0,0,0,0,0,0,0,0,0,0
矢島　輝一,Kiichi Yajima,FW,フォワード,4.444444444444445,0.8161582852431987,2.522671063478978,19.997777777777774,45.93783783783783,2.5222258862324813,0.8161582852431987,5.341533388293487,2.784313725490196,11.945589447650454,0.0,3.6350948062654584,0.7419620774938169,0.1483924154987634,3.3388293487221765,4.444444444444445,0.8161582852431987,2.522671063478978,19.997777777777774,45.93783783783783,2.5222258862324813,0.8161582852431987,5.341533388293487,2.784313725490196,11.945589447650454,0.0,3.6350948062654584,0.7419620774938169,0.1483924154987634,3.3388293487221765,-1.0154481128500645,1.0967142499210734,0.8744834503899364,-1.2678106356526861,0.46640308397405633,-0.2202975118554397,-0.37818727820155007,0.7581347276963791,-1.3619043141548306,0.4807679996590734,0.0,0.7886259199470292,1.0324735593039125,-0.7725579707352198,1.0436821099413642,0,0,0,0,0,0,0,0,0,0,0,0,0,0,0
伊藤　恵亮,Keisuke Ito,FW,フォワード,19.230769230769234,0.7568325157673441,0.7568325157673441,33.33333333333333,13.944186046511629,0.3781639803784162,0.94604064470918,4.225395935529082,7.064516129032258,9.649614576033636,0.0,1.954772249474422,0.4414856341976174,0.3153468815697267,1.639803784162579,19.230769230769234,0.7568325157673441,0.7568325157673441,33.33333333333333,13.944186046511629,0.3781639803784162,0.94604064470918,4.225395935529082,7.064516129032258,9.649614576033636,0.0,1.954772249474422,0.4414856341976174,0.3153468815697267,1.639803784162579,0.9891286885260245,0.8849434368300704,-1.5478856813825308,-0.050247285851213866,-2.5001068100699246,-1.2480607399750707,-0.06669107321087177,0.10627656415334136,0.26209161546683124,-0.40474217415473007,0.0,-0.5101320476652637,-0.15580352623260715,0.15185041469692648,-0.9258157776916659,0,0,0,0,0,0,0,0,0,0,0,0,0,0,0
庵原　篤人,Atsuhito Ihara,FW,フォワード,2.941176470588235,0.8904109589041096,1.4383561643835616,26.47058823529412,28.305660377358492,1.0275342465753425,1.643835616438356,2.8083561643835617,7.795454545454546,10.89041095890411,0.0,1.7124657534246577,0.547945205479452,0.0684931506849315,2.328767123287671,2.941176470588235,0.8904109589041096,1.4383561643835616,26.47058823529412,28.305660377358492,1.0275342465753425,1.643835616438356,2.8083561643835617,7.795454545454546,10.89041095890411,0.0,1.7124657534246577,0.547945205479452,0.0684931506849315,2.328767123287671,-1.2192456183282865,1.3617685292718342,-0.6129747003529857,-0.6768298737000747,-1.168484650355537,-0.9367829362842274,1.606827073894754,-0.7213176901193381,0.5394245313335128,0.07380741027057496,0.0,-0.6974160254211984,0.26520608005304425,-1.2149513497321982,-0.12717456276963401,0,0,0,0,0,0,0,0,0,0,0,0,0,0,0
田村　翔太,Shota Tamura,FW,フォワード,,,,,,,,,9.419354838709678,,0.0,,,,,11.200716845878135,0.48721914685770107,1.8918585262617842,32.56792929292929,42.269540816326526,2.4869689742446455,0.9115779189057156,3.7187069624652453,9.419354838709678,10.416197750913852,0.0,2.3116036390353534,0.4614799583110335,0.2575107296137339,2.3738998852054127,-0.09950266221196927,-0.07747547250135725,0.009137736836322592,-0.12013023174750843,0.12627187670888296,-0.23719803024962,-0.14934285398811578,-0.18964518155177146,1.1555653624716264,-0.10908684759930629,0.0,-0.23432928086109323,-0.07673311084785756,-0.16838195229182376,-0.07485699844677042,1,1,1,1,1,1,1,1,0,1,0,1,1,1,1
碓井　聖生,Shosei Usui,FW,フォワード,11.538461538461538,1.2413793103448276,2.1724137931034484,38.95844155844156,47.65141509433962,4.478763546798029,1.064039408866995,3.768118226600986,6.708333333333333,9.886699507389162,,2.5266945812807884,0.39901477832512317,0.39901477832512317,3.458128078817734,11.538461538461538,1.2413793103448276,2.1724137931034484,38.95844155844156,47.65141509433962,4.478763546798029,1.064039408866995,3.768118226600986,6.708333333333333,9.886699507389162,0.0,2.5266945812807884,0.39901477832512317,0.39901477832512317,3.458128078817734,-0.05371473415517805,2.6145943048238864,0.39400215098910324,0.4633365378617282,0.6252891004493445,0.7175753436204723,0.21630476533005494,-0.1607875029405131,0.12694861149635703,-0.3133034039100779,0.0,-0.06808079846496354,-0.3237606022775342,0.6151102913107401,1.1819723168820742,0,0,0,0,0,0,0,0,0,0,1,0,0,0,0
太田　龍之介,Ryunosuke Ota,FW,フォワード,,,,,,,,,7.12,,0.0,,,,,11.200716845878135,0.48721914685770107,1.8918585262617842,32.56792929292929,42.269540816326526,2.4869689742446455,0.9115779189057156,3.7187069624652453,7.12,10.416197750913852,0.0,2.3116036390353534,0.4614799583110335,0.2575107296137339,2.3738998852054127,-0.09950266221196927,-0.07747547250135725,0.009137736836322592,-0.12013023174750843,0.12627187670888296,-0.23719803024962,-0.14934285398811578,-0.18964518155177146,0.2831433256702319,-0.10908684759930629,0.0,-0.23432928086109323,-0.07673311084785756,-0.16838195229182376,-0.07485699844677042,1,1,1,1,1,1,1,1,0,1,0,1,1,1,1
東家　聡樹,Toshiki Toya,FW,フォワード,,,,,,,,,8.297297297297296,,0.0,,,,,11.200716845878135,0.48721914685770107,1.8918585262617842,32.56792929292929,42.269540816326526,2.4869689742446455,0.9115779189057156,3.7187069624652453,8.297297297297296,10.416197750913852,0.0,2.3116036390353534,0.4614799583110335,0.2575107296137339,2.3738998852054127,-0.09950266221196927,-0.07747547250135725,0.009137736836322592,-0.12013023174750843,0.12627187670888296,-0.23719803024962,-0.14934285398811578,-0.18964518155177146,0.729833888056531,-0.10908684759930629,0.0,-0.23432928086109323,-0.07673311084785756,-0.16838195229182376,-0.07485699844677042,1,1,1,1,1,1,1,1,0,1,0,1,1,1,1
進　昂平,Kohei Shin,FW,フォワード,50.0,0.0,1.7704918032786887,83.33333333333334,46.146153846153844,3.5403934426229506,0.8852459016393444,2.0646885245901636,4.17948717948718,11.508196721311474,0.0,1.1794426229508197,0.5901639344262295,0.8852459016393444,1.7704918032786887,46.80000000000007,0.0,1.7704918032786887,82.00000000000004,46.146153846153844,3.5403934426229506,0.8852459016393444,2.0646885245901636,4.17948717948718,11.508196721311474,0.0,1.1794426229508197,0.5901639344262295,0.8668942286099264,1.7704918032786887,4.726679515415463,-1.8166656388514735,-0.15735257098916988,4.393118379979859,0.4857185251680726,0.2677645033622172,-0.21249479765427623,-1.1556421729699593,-0.8325471023247825,0.31207464246541367,0.0,-1.1094012331580922,0.4321660840972866,3.2057069814934267,-0.7743231910248838,0,0,0,0,0,0,0,0,0,0,0,0,0,0,0
田中　想来,Sora Tanaka,FW,フォワード,,,,,,,,,9.5,,0.0,,,,,11.200716845878135,0.48721914685770107,1.8918585262617842,32.56792929292929,42.269540816326526,2.4869689742446455,0.9115779189057156,3.7187069624652453,9.5,10.416197750913852,0.0,2.3116036390353534,0.4614799583110335,0.2575107296137339,2.3738998852054127,-0.09950266221196927,-0.07747547250135725,0.009137736836322592,-0.12013023174750843,0.12627187670888296,-0.23719803024962,-0.14934285398811578,-0.18964518155177146,1.186163778464941,-0.10908684759930629,0.0,-0.23432928086109323,-0.07673311084785756,-0.16838195229182376,-0.07485699844677042,1,1,1,1,1,1,1,1,0,1,0,1,1,1,1
木匠　貴大,Takahiro Kitsui,FW,フォワード,0.0,0.3529411764705882,0.9411764705882353,54.54545454545454,48.08461538461539,2.9416470588235293,1.5294117647058822,5.411764705882353,5.552631578947368,9.294117647058822,0.0,4.117647058823529,0.7058823529411764,0.0,1.4117647058823528,0.0,0.3529411764705882,0.9411764705882353,54.54545454545454,48.08461538461539,2.9416470588235293,1.5294117647058822,5.411764705882353,5.552631578947368,9.294117647058822,0.0,4.117647058823529,0.7058823529411764,0.0,1.4117647058823528,-1.6179798681769815,-0.5567976156496556,-1.2950034989397066,1.886462531136176,0.665456223464486,-0.019246573397491702,1.3324049297203782,0.7991519497180019,-0.31154816226047227,-0.5418500106813043,0.0,1.1616010849034035,0.8897911264713672,-1.5941903382292546,-1.190156993232531,0,0,0,0,0,0,0,0,0,0,0,0,0,0,0
河辺　駿太郎,Shuntaro Kawabe,FW,フォワード,23.52941176470588,0.8181818181818181,0.5727272727272728,29.411764705882355,26.073913043478257,0.49066363636363636,1.0636363636363637,3.7638,10.035714285714286,11.209090909090909,0.0,1.8819,0.08181818181818182,0.32727272727272727,1.3909090909090909,23.52941176470588,0.8181818181818181,0.5727272727272728,29.411764705882355,26.073913043478257,0.49066363636363636,1.0636363636363637,3.7638,10.035714285714286,11.209090909090909,0.0,1.8819,0.08181818181818182,0.32727272727272727,1.3909090909090909,1.5718941306125782,1.1039375058436498,-1.800440400111304,-0.40829447890770554,-1.375416343872214,-1.194133654529438,0.21533814399442888,-0.16330947839694965,1.3894246847062475,0.19671569710307288,0.0,-0.566456599305801,-1.5781599259137604,0.217882501353044,-1.214332668096949,0,0,0,0,0,0,0,0,0,0,0,0,0,0,0
岩渕　良太,Ryota Iwabuchi,FW,フォワード,6.666666666666667,1.062730627306273,0.8634686346863468,31.031034482758624,48.073076923076925,1.6603837638376384,1.859778597785978,10.229645756457565,1.4705882352941178,15.608856088560886,0.0,7.838369003690037,0.4649446494464945,0.13284132841328414,1.9926199261992619,6.666666666666667,1.062730627306273,0.8634686346863468,31.031034482758624,48.073076923076925,1.6603837638376384,1.859778597785978,9.02785588154662,1.4791036414565828,15.608856088560886,0.0,7.446740066375142,0.4649446494464945,0.13284132841328414,1.9926199261992619,-0.7141822351866061,1.9768853092396095,-1.401602747908143,-0.2604518543127065,0.6643863562127214,-0.6334244087157991,2.1247220325382727,2.911058997666735,-1.8571275919179626,1.8936144205933716,0.0,3.734729708932057,-0.0630314940436697,-0.858662617365591,-0.5168339112862603,0,0,0,0,0,0,0,0,0,0,0,0,0,0,0
新谷　聖基,Masaki Shintani,FW,フォワード,,,,,,,,,6.21875,,0.0,,,,,11.200716845878135,0.48721914685770107,1.8918585262617842,32.56792929292929,42.269540816326526,2.4869689742446455,0.9115779189057156,3.7187069624652453,6.21875,10.416197750913852,0.0,2.3116036390353534,0.4614799583110335,0.2575107296137339,2.3738998852054127,-0.09950266221196927,-0.07747547250135725,0.009137736836322592,-0.12013023174750843,0.12627187670888296,-0.23719803024962,-0.14934285398811578,-0.18964518155177146,-0.05880927226305868,-0.10908684759930629,0.0,-0.23432928086109323,-0.07673311084785756,-0.16838195229182376,-0.07485699844677042,1,1,1,1,1,1,1,1,0,1,0,1,1,1,1
松木　駿之介,Shunnosuke Matsuki,FW,フォワード,21.153846153846153,0.4879518072289157,2.2771084337349397,45.1,59.51984126984128,4.0659939759036146,1.355421686746988,3.6866927710843367,11.0,9.921686746987952,,1.9519156626506025,0.7048192771084338,0.5963855421686747,2.8192771084337354,21.153846153846153,0.4879518072289157,2.2771084337349397,45.1,59.51984126984128,4.0659939759036146,1.355421686746988,3.6866927710843367,11.0,9.921686746987952,0.0,1.9519156626506025,0.7048192771084338,0.5963855421686747,2.8192771084337354,1.2498395441963248,-0.07486014894293594,0.5376217735510811,1.0240733169147918,1.7257512766958656,0.5197128726285208,0.915125406827024,-0.20834244141809677,1.755294315940598,-0.2998095468991026,0.0,-0.5123399659501298,0.8855870409917265,1.7079303483589703,0.44142098973960275,0,0,0,0,0,0,0,0,0,0,1,0,0,0,0
パトリック,Anderson Patric Aguiar Oliveira,FW,フォワード,,,,,,,,,5.5588235294117645,,0.0,,,,,11.200716845878135,0.48721914685770107,1.8918585262617842,32.56792929292929,42.269540816326526,2.4869689742446455,0.9115779189057156,3.7187069624652453,5.5588235294117645,10.416197750913852,0.0,2.3116036390353534,0.4614799583110335,0.2575107296137339,2.3738998852054127,-0.09950266221196927,-0.07747547250135725,0.009137736836322592,-0.12013023174750843,0.12627187670888296,-0.23719803024962,-0.14934285398811578,-0.18964518155177146,-0.30919881019658924,-0.10908684759930629,0.0,-0.23432928086109323,-0.07673311084785756,-0.16838195229182376,-0.07485699844677042,1,1,1,1,1,1,1,1,0,1,0,1,1,1,1
白輪地　敬大,Keita Shirawachi,FW,フォワード,,,,,,,,,10.115384615384615,,0.0,,,,,11.200716845878135,0.48721914685770107,1.8918585262617842,32.56792929292929,42.269540816326526,2.4869689742446455,0.9115779189057156,3.7187069624652453,10.115384615384615,10.416197750913852,0.0,2.3116036390353534,0.4614799583110335,0.2575107296137339,2.3738998852054127,-0.09950266221196927,-0.07747547250135725,0.009137736836322592,-0.12013023174750843,0.12627187670888296,-0.23719803024962,-0.14934285398811578,-0.18964518155177146,1.4196532297370053,-0.10908684759930629,0.0,-0.23432928086109323,-0.07673311084785756,-0.16838195229182376,-0.07485699844677042,1,1,1,1,1,1,1,1,0,1,0,1,1,1,1
横山　夢樹,Yumeki Yokoyama,FW,フォワード,11.538461538461538,1.09967845659164,1.9099678456591642,30.76730769230769,11.538461538461538,0.17363344051446944,0.40514469453376206,7.755858520900323,8.434782608695652,11.286173633440514,,2.3732797427652734,0.6366559485530547,0.3472668810289389,3.009646302250804,11.538461538461538,1.09967845659164,1.9099678456591642,30.76730769230769,11.538461538461538,0.17363344051446944,0.40514469453376206,7.755858520900323,8.434782608695652,11.286173633440514,0.0,2.3732797427652734,0.6366559485530547,0.3472668810289389,3.009646302250804,-0.05371473415517805,2.1087752437291107,0.03398001721493931,-0.28453064676166906,-2.7231699852905003,-1.3461031366641187,-1.363919091451483,2.16817391528835,0.781998614170634,0.2264449147354913,0.0,-0.18665847455858794,0.6160254057842367,0.32858791598990456,0.6620955533918014,0,0,0,0,0,0,0,0,0,0,1,0,0,0,0
平岡　将豪,Masahide Hiraoka,FW,フォワード,,,,,,,,,7.148148148148148,,0.0,,,,,11.200716845878135,0.48721914685770107,1.8918585262617842,32.56792929292929,42.269540816326526,2.4869689742446455,0.9115779189057156,3.7187069624652453,7.148148148148148,10.416197750913852,0.0,2.3116036390353534,0.4614799583110335,0.2575107296137339,2.3738998852054127,-0.09950266221196927,-0.07747547250135725,0.009137736836322592,-0.12013023174750843,0.12627187670888296,-0.23719803024962,-0.14934285398811578,-0.18964518155177146,0.29382330612656515,-0.10908684759930629,0.0,-0.23432928086109323,-0.07673311084785756,-0.16838195229182376,-0.07485699844677042,1,1,1,1,1,1,1,1,0,1,0,1,1,1,1
マテウス　レイリア,Matheus Leiria Dos Santos,FW,フォワード,7.5,0.4758757435558493,1.844018506278916,28.210256410256413,24.211578947368423,1.3682022471910114,1.130204890945142,3.39079312623926,11.25,11.421017845340383,,1.8443159286186386,0.4758757435558493,0.1784534038334435,2.3793787177792467,7.5,0.4758757435558493,1.844018506278916,28.210256410256413,24.211578947368423,1.3682022471910114,1.130204890945142,3.39079312623926,11.25,11.421017845340383,0.0,1.8443159286186386,0.4758757435558493,0.1784534038334435,2.3793787177792467,-0.6012075310628092,-0.11796718060183141,-0.05648898074782784,-0.51799463044186,-1.5480953665157953,-0.773482593568446,0.3749891059399878,-0.38115681889823594,1.8501494055198742,0.27845154729639277,0.0,-0.59550614813473,-0.019802918427227024,-0.6061136081199378,-0.06850597618675043,0,0,0,0,0,0,0,0,0,0,1,0,0,0,0
脇坂　崚平,Ryohei Wakizaka,FW,フォワード,14.814814814814813,0.582995951417004,1.3846153846153846,44.440740740740736,32.15,0.6560161943319839,1.3846153846153846,6.1204372469635615,5.466666666666667,10.8582995951417,0.0,3.861546558704453,0.8744939271255061,0.291497975708502,1.9676113360323886,14.814814814814813,0.582995951417004,1.3846153846153846,44.440740740740736,32.15,0.6560161943319839,1.3846153846153846,6.1204372469635615,5.466666666666667,10.8582995951417,0.0,3.861546558704453,0.8744939271255061,0.291497975708502,1.9676113360323886,0.39045931624607455,0.264411905546671,-0.6866960528495182,0.9638816054598498,-0.812030451222097,-1.1148713541772979,0.9851405045896408,1.2130382323066071,-0.34416500008071443,0.061422719280196054,0.0,0.9636554204267312,1.55658972060267,0.01980166463756992,-0.5458236843266114,0,0,0,0,0,0,0,0,0,0,0,0,0,0,0
オニエ　オゴチュクウ,Promise Oniye Ugochukwu,FW,フォワード,15.384615384615385,0.3054989816700611,1.2830957230142568,46.16538461538461,16.662499999999998,0.7330142566191445,0.6720977596741344,1.8939714867617106,2.6666666666666665,6.537678207739308,,1.1608961303462322,0.4276985743380855,0.24439918533604887,1.5885947046843178,15.384615384615385,0.3054989816700611,1.2830957230142568,46.16538461538461,16.662499999999998,0.7330142566191445,0.6720977596741344,1.8939714867617106,2.6666666666666665,6.537678207739308,0.0,1.1608961303462322,0.4276985743380855,0.24439918533604887,1.5885947046843178,0.46770697718542315,-0.7261485108254598,-0.8259602538996347,1.1213450995361194,-2.2480597699028104,-1.077962076120009,-0.7236869071598576,-1.255346106825723,-1.4065420033686076,-1.6049518752501464,0.0,-1.1237362219637361,-0.21032642702404267,-0.24097912061857682,-0.9851769644588645,0,0,0,0,0,0,0,0,0,0,1,0,0,0,0
萱沼　優聖,Yusei Kayanuma,FW,フォワード,7.6923076923076925,0.5644599303135889,1.0662020905923346,34.61153846153845,39.82796610169492,2.947547038327526,1.0034843205574913,4.704020905923346,5.863636363636363,13.86062717770035,,3.3871358885017426,0.6898954703832753,0.1254355400696864,1.6306620209059235,7.6923076923076925,0.5644599303135889,1.0662020905923346,34.61153846153845,39.82796610169492,2.947547038327526,1.0034843205574913,4.704020905923346,5.863636363636363,13.86062717770035,0.0,3.3871358885017426,0.6898954703832753,0.1254355400696864,1.6306620209059235,-0.5751364454957791,0.19824524146084174,-1.1234939331466611,0.06645544251637193,-0.10011539521754048,-0.016418398537283052,0.07107580368475677,0.38580808014566575,-0.19354661541543974,1.2193585714288373,0.0,0.5969730621164743,0.8265687120806625,-0.8996676471001507,-0.936412842149546,0,0,0,0,0,0,0,0,0,0,1,0,0,0,0
瀬沼　優司,Yuji Senuma,FW,フォワード,16.666666666666664,0.06502890173410404,1.1054913294797688,38.88333333333333,44.25486725663716,3.251965317919075,0.6502890173410405,2.015830924855491,5.2272727272727275,7.673410404624278,,1.2355491329479769,0.13005780346820808,0.1950867052023121,1.170520231213873,16.666666666666664,0.06502890173410404,1.1054913294797688,38.88333333333333,44.25486725663716,3.251965317919075,0.6502890173410405,2.015830924855491,5.2272727272727275,7.673410404624278,0.0,1.2355491329479769,0.13005780346820808,0.1950867052023121,1.170520231213873,0.6415142142989565,-1.584536776195069,-1.069597137420296,0.4564790041219872,0.31035497439657234,0.1295055194603206,-0.7759907034591358,-1.1841764947591655,-0.4349959343445061,-1.1669233813401367,0.0,-1.0660352873762977,-1.3873894402382112,-0.5140168608770898,-1.4698058067486885,0,0,0,0,0,0,0,0,0,0,1,0,0,0,0
都倉　賢,Ken Tokura,FW,フォワード,7.142857142857142,0.1834862385321101,2.385321100917431,21.432142857142857,61.013559322033906,6.6051376146789,0.6422018348623854,4.495688073394496,4.434782608695652,12.660550458715596,0.0,3.48651376146789,0.0,0.1834862385321101,2.5688073394495414,7.142857142857142,0.1834862385321101,2.385321100917431,21.432142857142857,61.012280969748986,6.6051376146789,0.6422018348623854,4.495688073394496,4.434782608695652,12.660550458715596,0.0,3.48651376146789,0.0,0.1834862385321101,2.5688073394495414,-0.6496252614015794,-1.1616883790829442,0.6860674086230601,-1.1368501860790314,1.8641330145767703,1.7368598475931223,-0.7953861522446807,0.26413537999424386,-0.7356828190977848,0.756513721881441,0.0,0.6737843884880198,-1.9017216320105255,-0.5782473598701677,0.15107828317875674,0,0,0,0,0,0,0,0,0,0,0,0,0,0,0
ピーター　ウタカ,Peter Utaka,FW,フォワード,,,,,,,,,6.357142857142857,,0.0,,,,,11.200716845878135,0.48721914685770107,1.8918585262617842,32.56792929292929,42.269540816326526,2.4869689742446455,0.9115779189057156,3.7187069624652453,6.357142857142857,10.416197750913852,0.0,2.3116036390353534,0.4614799583110335,0.2575107296137339,2.3738998852054127,-0.09950266221196927,-0.07747547250135725,0.009137736836322592,-0.12013023174750843,0.12627187670888296,-0.23719803024962,-0.14934285398811578,-0.18964518155177146,-0.006300204817388091,-0.10908684759930629,0.0,-0.23432928086109323,-0.07673311084785756,-0.16838195229182376,-0.07485699844677042,1,1,1,1,1,1,1,1,0,1,0,1,1,1,1
川又　堅碁,Kengo Kawamata,FW,フォワード,10.714285714285714,0.27692307692307694,3.6,42.85,47.16415094339623,3.461123076923077,0.4153846153846154,3.0464307692307693,3.75,9.276923076923078,0.0,1.938738461538462,0.4153846153846154,0.4153846153846154,3.876923076923077,10.714285714285714,0.27692307692307694,3.6,42.85,47.16415094339623,3.461123076923077,0.4153846153846154,3.0464307692307693,3.75,9.276923076923078,0.0,1.938738461538462,0.4153846153846154,0.4153846153846154,3.876923076923077,-0.16544795801387838,-0.8281538052623547,2.352358290066362,0.8186437398986293,0.580109077418076,0.22976598908262477,-1.339360741129235,-0.5822748918353414,-0.9955032818584109,-0.5484816018967756,0.0,-0.5225249122070585,-0.25902373951925767,0.7057482658559707,1.6674363860078094,0,0,0,0,0,0,0,0,0,0,0,0,0,0,0
丹羽　詩温,Shion Niwa,FW,フォワード,11.538461538461538,0.26732673267326734,2.0495049504950495,26.923076923076923,43.745,3.1184554455445537,0.9801980198019802,3.386138613861386,7.107142857142857,12.386138613861387,0.0,2.0494158415841586,0.26732673267326734,0.26732673267326734,2.3168316831683167,11.538461538461538,0.26732673267326734,2.0495049504950495,26.923076923076923,43.745,3.1184554455445537,0.9801980198019802,3.386138613861386,7.107142857142857,12.386138613861387,0.0,2.0494158415841586,0.26732673267326734,0.26732673267326734,2.3168316831683167,-0.05371473415517805,-0.8624091658322747,0.22539637061224055,-0.6355167360397104,0.2630791500759091,0.06550711668900744,0.015228386503264019,-0.3838751954595766,0.2782650639204404,0.6506787306376993,0.0,-0.43697995026635067,-0.8445398200111947,-0.11403183064965418,-0.1410100368162723,0,0,0,0,0,0,0,0,0,0,0,0,0,0,0
藤井　一志,Kazushi Fujii,FW,フォワード,17.142857142857142,0.6711409395973155,1.6778523489932888,34.285714285714285,15.557777777777776,0.4698657718120805,1.5436241610738255,4.227785234899329,6.333333333333333,14.630872483221475,,1.9460402684563758,0.6711409395973155,0.40268456375838924,2.348993288590604,17.142857142857142,0.6711409395973155,1.6778523489932888,34.285714285714285,15.557777777777776,0.4698657718120805,1.5436241610738255,4.227785234899329,6.333333333333333,14.630872483221475,0.0,1.9460402684563758,0.6711409395973155,0.40268456375838924,2.348993288590604,0.7060711880839835,0.5790565529193213,-0.2844349448200109,0.03670703246250603,-2.350491634316642,-1.2041031802931952,1.3664904479588822,0.10767198753581643,-0.015334022872557217,1.5164263062734151,0.0,-0.5168811863198589,0.7524012367921692,0.6354294867601508,-0.10372854131476071,0,0,0,0,0,0,0,0,0,0,1,0,0,0,0
ピーダーセン　世穏,Jorn Pedersen,FW,フォワード,6.896551724137931,0.4337349397590362,1.5903614457831323,28.575000000000006,46.52956521739131,7.736240963855423,1.0843373493975905,5.276819277108434,1.5238095238095237,12.36144578313253,0.0,4.192626506024096,0.4337349397590362,0.14457831325301204,2.0963855421686746,6.896551724137931,0.4337349397590362,1.5903614457831323,28.575000000000006,46.52956521739131,7.736240963855423,1.0843373493975905,5.276819277108434,1.5238095238095237,12.36144578313253,0.0,4.192626506024096,0.4337349397590362,0.14457831325301204,2.0963855421686746,-0.6830167995662484,-0.2683940922661066,-0.4044545601590376,-0.48469279872613413,0.5212691285716287,2.279058011887038,0.26498521331701186,0.7203397217426516,-1.8401652700167273,0.6411552148967504,0.0,1.219554335644066,-0.186454756316832,-0.793676232389685,-0.39654957553309467,0,0,0,0,0,0,0,0,0,0,0,0,0,0,0
ラファエル　フルタード,Rafael Victor de Oliveira Furtado,FW,フォワード,,,,,,,,,7.12,,0.0,,,,,11.200716845878135,0.48721914685770107,1.8918585262617842,32.56792929292929,42.269540816326526,2.4869689742446455,0.9115779189057156,3.7187069624652453,7.12,10.416197750913852,0.0,2.3116036390353534,0.4614799583110335,0.2575107296137339,2.3738998852054127,-0.09950266221196927,-0.07747547250135725,0.009137736836322592,-0.12013023174750843,0.12627187670888296,-0.23719803024962,-0.14934285398811578,-0.18964518155177146,0.2831433256702319,-0.10908684759930629,0.0,-0.23432928086109323,-0.07673311084785756,-0.16838195229182376,-0.07485699844677042,1,1,1,1,1,1,1,1,0,1,0,1,1,1,1
渡邉　颯太,Sota Watanabe,FW,フォワード,6.666666666666667,1.1894273127753305,4.757709251101322,26.66,44.67446808510638,8.324801762114538,2.378854625550661,3.568678414096916,5.232558139534884,16.651982378854626,0.0,2.775726872246696,1.5859030837004406,0.39647577092511016,5.947136563876652,6.666666666666667,1.1894273127753305,4.237187926965597,26.66,44.67446808510638,8.324801762114538,2.2754580448044712,3.568678414096916,5.232558139534884,16.651982378854626,0.0,2.775726872246696,1.5388571549016725,0.39647577092511016,5.6704274296304895,-0.7141822351866061,2.429145100132627,3.22644973371493,-0.6595361942754463,0.34926113044658164,2.561186594234337,3.121643945346596,-0.27726640936397895,-0.43299054133014503,2.2959267255086657,0.0,0.12440169293382151,4.183909158290793,0.6010520885774949,3.746453387163703,0,0,0,0,0,0,0,0,0,0,0,0,0,0,0
阪野　豊史,Toyofumi Sakano,FW,フォワード,10.714285714285714,0.14516129032258066,1.8870967741935485,21.428571428571427,53.84017094017095,4.572072580645162,0.7258064516129032,2.3949435483870967,3.5,7.475806451612904,,1.741717741935484,0.43548387096774194,0.21774193548387097,2.032258064516129,10.714285714285714,0.14516129032258066,1.8870967741935485,21.428571428571427,53.84017094017095,4.572072580645162,0.7258064516129032,2.3949435483870967,3.5,7.475806451612904,0.0,1.741717741935484,0.43548387096774194,0.21774193548387097,2.032258064516129,-0.16544795801387838,-1.298494113179758,0.002605587428781445,-1.137176264772708,1.199121858529761,0.7623033403157228,-0.594877623260747,-0.9627632109927088,-1.090358371437687,-1.2431351521833323,0.0,-0.6748065252431541,-0.17953835762451897,-0.3885773602813543,-0.47088567406534987,0,0,0,0,0,0,0,0,0,0,1,0,0,0,0
河田　篤秀,Atsushi Kawata,FW,フォワード,,,,,,,,,5.521739130434782,,0.0,,,,,11.200716845878135,0.48721914685770107,1.8918585262617842,32.56792929292929,42.269540816326526,2.4869689742446455,0.9115779189057156,3.7187069624652453,5.521739130434782,10.416197750913852,0.0,2.3116036390353534,0.4614799583110335,0.2575107296137339,2.3738998852054127,-0.09950266221196927,-0.07747547250135725,0.009137736836322592,-0.12013023174750843,0.12627187670888296,-0.23719803024962,-0.14934285398811578,-0.18964518155177146,-0.3232693861444103,-0.10908684759930629,0.0,-0.23432928086109323,-0.07673311084785756,-0.16838195229182376,-0.07485699844677042,1,1,1,1,1,1,1,1,0,1,0,1,1,1,1
マリソン,Marlyson Conceição Oliveira,FW,フォワード,16.129032258064516,0.22332506203473945,1.935483870967742,34.48275862068966,37.754966887417226,4.243920595533499,0.37220843672456577,2.9027791563275436,3.5625,9.081885856079404,,1.8604466501240695,0.37220843672456577,0.37220843672456577,2.3076923076923075,16.129032258064516,0.22332506203473945,1.935483870967742,34.48275862068966,37.754966887417226,4.243920595533499,0.37220843672456577,2.9027791563275436,3.5625,9.081885856079404,0.0,1.8604466501240695,0.37220843672456577,0.37220843672456577,2.3076923076923075,0.5686273084126362,-1.0194786762796035,0.06898278241854355,0.054697581079138045,-0.29232767281591665,0.6050025913908067,-1.4429099517680173,-0.6661717957024834,-1.066644599042868,-0.6237034370590318,0.0,-0.5830383615220679,-0.42977011544128907,0.4666865471517716,-0.1516043333764603,0,0,0,0,0,0,0,0,0,0,1,0,0,0,0
青木　翔大,Shota Aoki,FW,フォワード,,,,,,,,,8.884615384615385,,0.0,,,,,11.200716845878135,0.48721914685770107,1.8918585262617842,32.56792929292929,42.269540816326526,2.4869689742446455,0.9115779189057156,3.7187069624652453,8.884615384615385,10.416197750913852,0.0,2.3116036390353534,0.4614799583110335,0.2575107296137339,2.3738998852054127,-0.09950266221196927,-0.07747547250135725,0.009137736836322592,-0.12013023174750843,0.12627187670888296,-0.23719803024962,-0.14934285398811578,-0.18964518155177146,0.9526743271928768,-0.10908684759930629,0.0,-0.23432928086109323,-0.07673311084785756,-0.16838195229182376,-0.07485699844677042,1,1,1,1,1,1,1,1,0,1,0,1,1,1,1
山本　宗太朗,Sotaro Yamamoto,FW,フォワード,0.0,0.28846153846153844,0.28846153846153844,25.0,42.49499999999999,2.451634615384615,1.875,6.0563942307692304,2.5625,8.076923076923077,0.0,5.479326923076923,0.5769230769230769,0.0,0.5769230769230769,0.0,0.28846153846153844,0.28846153846153844,25.0,42.49499999999999,2.451634615384615,1.875,6.0563942307692304,2.5625,8.076923076923077,0.0,5.479326923076923,0.5769230769230769,0.0,0.5769230769230769,-1.6179798681769815,-0.7869658121961416,-2.190394816271438,-0.8110975710962595,0.14717686446810269,-0.2541356730603841,2.1612274443878814,1.1756351662050293,-1.4460649573599726,-1.0112968625134031,0.0,2.2140731628916113,0.3798032186717906,-1.5941903382292546,-2.1578992444620515,0,0,0,0,0,0,0,0,0,0,0,0,0,0,0
松本　ケン　チザンガ,Ken Tshizanga Matsumoto,FW,フォワード,0.0,0.7070707070707072,2.02020202020202,33.32222222222222,68.62647058823529,7.07060606060606,0.4040404040404041,3.436060606060606,4.195121951219512,7.878787878787879,0.0,2.4261616161616164,0.30303030303030304,0.0,2.7272727272727275,0.0,0.7070707070707072,2.02020202020202,33.32222222222222,61.012280969748986,7.07060606060606,0.4040404040404041,3.436060606060606,4.195121951219512,7.878787878787879,0.0,2.4261616161616164,0.30303030303030304,0.0,2.7272727272727275,-1.6179798681769815,0.7073123874282632,0.18519874671038253,-0.05126175289820677,1.8641330145767703,1.9599837001590135,-1.3665675057496418,-0.35471923615116474,-0.8266149516318947,-1.087713523648627,0.0,-0.14578492076488853,-0.7033449427632482,-1.5941903382292546,0.3347701905230775,0,0,0,0,0,0,0,0,0,0,0,0,0,0,0
白井　陽斗,Haruto Shirai,FW,フォワード,20.408163265306122,0.5393835616438356,2.773972602739726,37.2046511627907,54.164583333333326,2.003347602739726,0.8476027397260274,3.775607876712329,10.833333333333334,8.321917808219178,,2.0803253424657533,0.23116438356164382,0.7705479452054794,3.7756849315068495,20.408163265306122,0.5393835616438356,2.773972602739726,37.2046511627907,54.164583333333326,2.003347602739726,0.8476027397260274,3.775607876712329,10.833333333333334,8.321917808219178,0.0,2.0803253424657533,0.23116438356164382,0.7705479452054794,3.7756849315068495,1.148747579752739,0.10873198222322258,1.219217736693189,0.3032119071268107,1.2292019688073748,-0.4690235482574806,-0.30277420224823925,-0.15641331985484747,1.692057589554414,-0.9168074455013152,0.0,-0.41308932261117326,-0.987549003483707,2.67224828236263,1.5500818754552688,0,0,0,0,0,0,0,0,0,0,1,0,0,0,0
ンドカ　チャールス,Charles Nduka,FW,フォワード,,,,,,,,,7.655172413793103,,0.0,,,,,11.200716845878135,0.48721914685770107,1.8918585262617842,32.56792929292929,42.269540816326526,2.4869689742446455,0.9115779189057156,3.7187069624652453,7.655172413793103,10.416197750913852,0.0,2.3116036390353534,0.4614799583110335,0.2575107296137339,2.3738998852054127,-0.09950266221196927,-0.07747547250135725,0.009137736836322592,-0.12013023174750843,0.12627187670888296,-0.23719803024962,-0.14934285398811578,-0.18964518155177146,0.4861986346730409,-0.10908684759930629,0.0,-0.23432928086109323,-0.07673311084785756,-0.16838195229182376,-0.07485699844677042,1,1,1,1,1,1,1,1,0,1,0,1,1,1,1
松本　孝平,Kohei Matsumoto,FW,フォワード,4.3478260869565215,0.6553398058252428,1.8567961165048545,17.391304347826086,60.57299270072991,9.06389563106796,0.7645631067961165,5.024708737864079,4.166666666666667,13.762135922330096,0.0,3.4955825242718452,0.7645631067961165,0.10922330097087378,2.5121359223300974,4.3478260869565215,0.6553398058252428,1.8567961165048545,17.391304347826086,60.57299270072991,9.06389563106796,0.7645631067961165,5.024708737864079,4.166666666666667,13.762135922330096,0.0,3.4955825242718452,0.7645631067961165,0.10922330097087378,2.5121359223300974,-1.028546629270215,0.52265241393831,-0.03896071428810836,-1.5057869619721713,1.8234014030407646,2.9154737062645335,-0.5019277333962558,0.5730995115744159,-0.8374114658929505,1.1813725247433016,0.0,0.6807938331332883,1.1218525633111849,-0.9894330191939001,0.08538519495565708,0,0,0,0,0,0,0,0,0,0,0,0,0,0,0
鈴木　輪太朗　イブラヒーム,Wadi Ibrahim Suzuki,FW,フォワード,,,,,,,,,8.076923076923077,,0.0,,,,,11.200716845878135,0.48721914685770107,1.8918585262617842,32.56792929292929,42.269540816326526,2.4869689742446455,0.9115779189057156,3.7187069624652453,8.076923076923077,10.416197750913852,0.0,2.3116036390353534,0.4614799583110335,0.2575107296137339,2.3738998852054127,-0.09950266221196927,-0.07747547250135725,0.009137736836322592,-0.12013023174750843,0.12627187670888296,-0.23719803024962,-0.14934285398811578,-0.18964518155177146,0.646219422398292,-0.10908684759930629,0.0,-0.23432928086109323,-0.07673311084785756,-0.16838195229182376,-0.07485699844677042,1,1,1,1,1,1,1,1,0,1,0,1,1,1,1
妹尾　直哉,Naoya Senoo,FW,フォワード,10.0,1.8780096308186196,3.611556982343499,28.947368421052634,32.135714285714286,1.2998715890850723,2.0224719101123596,8.522696629213483,3.2127659574468086,11.412520064205458,0.0,5.200064205457463,0.4333868378812199,0.5778491171749599,5.778491171749598,10.0,1.3710291121108806,3.611556982343499,28.947368421052634,32.135714285714286,1.2998715890850723,2.0224719101123596,8.522696629213483,3.2127659574468086,11.412520064205458,0.0,5.200064205457463,0.4333868378812199,0.5778491171749599,5.6704274296304895,-0.26228341869141847,3.0773956166258163,2.3682121048568545,-0.4506948044012375,-0.8133550487719003,-0.8062371225131335,2.5149085796213244,2.6160306553177937,-1.1993408147840894,0.2751741283042063,0.0,1.9982249151254299,-0.1878313749971643,1.6052962164104383,3.746453387163703,0,0,0,0,0,0,0,0,0,0,0,0,0,0,0
杉浦　恭平,Kyohei Sugiura,FW,フォワード,15.625,0.7078651685393259,2.528089887640449,21.875,50.842372881355935,6.066808988764045,0.9101123595505617,6.7758876404494375,2.9069767441860463,16.382022471910112,0.0,4.551168539325842,0.6067415730337079,0.5056179775280899,3.2359550561797756,15.625,0.7078651685393259,2.528089887640449,21.875,50.842372881355935,6.066808988764045,0.9101123595505617,6.7758876404494375,2.9069767441860463,16.382022471910112,0.0,4.551168539325842,0.6067415730337079,0.5056179775280899,3.2359550561797756,0.5002958341442106,0.7101483177948694,0.8819169682482146,-1.0964164280631519,0.9211605410839181,1.478810224656015,-0.15285769756807552,1.595841164627391,-1.3153634676489934,2.191808754934861,0.0,1.4966792963205677,0.4977247278081804,1.2053603970804765,0.924430989722629,0,0,0,0,0,0,0,0,0,0,0,0,0,0,0
赤星　魁麻,Kaima Akahoshi,FW,フォワード,10.256410256410255,0.3317972350230415,2.903225806451613,30.766666666666666,58.241743119266054,10.531824884792627,0.7465437788018434,3.151658986175115,5.217391304347826,16.838709677419356,,2.8198617511520734,0.663594470046083,0.3317972350230415,3.235023041474655,10.256410256410255,0.3317972350230415,2.903225806451613,30.766666666666666,58.241743119266054,9.669857635734825,0.7465437788018434,3.151658986175115,5.217391304347826,16.838709677419356,0.0,2.8198617511520734,0.663594470046083,0.3317972350230415,3.235023041474655,-0.22752197126871188,-0.6322735801732667,1.396526682213787,-0.2845891737066877,1.6072436791896432,3.2059436149615874,-0.54514339647611,-0.5208184179213453,-0.43874514737135506,2.367943594966561,0.0,0.1585145038321228,0.7225576432443416,0.24293419959611728,0.9233506051591076,0,0,0,0,0,0,0,0,0,0,1,0,0,0,0
林　誠道,Masamichi Hayashi,FW,フォワード,,,,,,,,,7.875,,0.0,,,,,11.200716845878135,0.48721914685770107,1.8918585262617842,32.56792929292929,42.269540816326526,2.4869689742446455,0.9115779189057156,3.7187069624652453,7.875,10.416197750913852,0.0,2.3116036390353534,0.4614799583110335,0.2575107296137339,2.3738998852054127,-0.09950266221196927,-0.07747547250135725,0.009137736836322592,-0.12013023174750843,0.12627187670888296,-0.23719803024962,-0.14934285398811578,-0.18964518155177146,0.569605696199646,-0.10908684759930629,0.0,-0.23432928086109323,-0.07673311084785756,-0.16838195229182376,-0.07485699844677042,1,1,1,1,1,1,1,1,0,1,0,1,1,1,1
藤島　樹騎也,Jukiya Fujishima,FW,フォワード,0.0,0.6805293005671078,0.5954631379962193,40.0,21.42142857142857,0.2551134215500945,1.446124763705104,6.634480151228733,8.785714285714286,15.482041587901701,,3.2316635160680525,0.2551984877126654,0.0,1.275992438563327,0.0,0.6805293005671078,0.5954631379962193,40.0,21.42142857142857,0.2551134215500945,1.446124763705104,6.634480151228733,8.785714285714286,15.482041587901701,0.0,3.2316635160680525,0.2551984877126654,0.0,1.275992438563327,-1.6179798681769815,0.6125694909516539,-1.7692514455588022,0.5584329423448234,-1.8068032111245214,-1.30704543590107,1.1326581369806579,1.5132548971328823,0.9151492368098666,1.8447046821162483,0.0,0.4768050731635344,-0.8925026999506729,-1.5941903382292546,-1.3475432028704546,0,0,0,0,0,0,0,0,0,0,1,0,0,0,0
加藤　拓己,Takumi Kato,FW,フォワード,,,,,,,,,7.904761904761905,,0.0,,,,,11.200716845878135,0.48721914685770107,1.8918585262617842,32.56792929292929,42.269540816326526,2.4869689742446455,0.9115779189057156,3.7187069624652453,7.904761904761905,10.416197750913852,0.0,2.3116036390353534,0.4614799583110335,0.2575107296137339,2.3738998852054127,-0.09950266221196927,-0.07747547250135725,0.009137736836322592,-0.12013023174750843,0.12627187670888296,-0.23719803024962,-0.14934285398811578,-0.18964518155177146,0.5808979687686076,-0.10908684759930629,0.0,-0.23432928086109323,-0.07673311084785756,-0.16838195229182376,-0.07485699844677042,1,1,1,1,1,1,1,1,0,1,0,1,1,1,1
近藤　慶一,Yoshihito Kondo,FW,フォワード,,,,,,,,,4.0,,0.0,,,,,11.200716845878135,0.48721914685770107,1.8918585262617842,32.56792929292929,42.269540816326526,2.4869689742446455,0.9115779189057156,3.7187069624652453,4.0,10.416197750913852,0.0,2.3116036390353534,0.4614799583110335,0.2575107296137339,2.3738998852054127,-0.09950266221196927,-0.07747547250135725,0.009137736836322592,-0.12013023174750843,0.12627187670888296,-0.23719803024962,-0.14934285398811578,-0.18964518155177146,-0.9006481922791347,-0.10908684759930629,0.0,-0.23432928086109323,-0.07673311084785756,-0.16838195229182376,-0.07485699844677042,1,1,1,1,1,1,1,1,0,1,0,1,1,1,1
小林　心,Kokoro  Kobayashi,FW,フォワード,,,,,,,,,10.23076923076923,,0.0,,,,,11.200716845878135,0.48721914685770107,1.8918585262617842,32.56792929292929,42.269540816326526,2.4869689742446455,0.9115779189057156,3.7187069624652453,10.23076923076923,10.416197750913852,0.0,2.3116036390353534,0.4614799583110335,0.2575107296137339,2.3738998852054127,-0.09950266221196927,-0.07747547250135725,0.009137736836322592,-0.12013023174750843,0.12627187670888296,-0.23719803024962,-0.14934285398811578,-0.18964518155177146,1.4634325018505172,-0.10908684759930629,0.0,-0.23432928086109323,-0.07673311084785756,-0.16838195229182376,-0.07485699844677042,1,1,1,1,1,1,1,1,0,1,0,1,1,1,1
川本　梨誉,Riyo Kawamoto,FW,フォワード,,,,,,,,,8.058823529411764,,0.0,,,,,11.200716845878135,0.48721914685770107,1.8918585262617842,32.56792929292929,42.269540816326526,2.4869689742446455,0.9115779189057156,3.7187069624652453,8.058823529411764,10.416197750913852,0.0,2.3116036390353534,0.4614799583110335,0.2575107296137339,2.3738998852054127,-0.09950266221196927,-0.07747547250135725,0.009137736836322592,-0.12013023174750843,0.12627187670888296,-0.23719803024962,-0.14934285398811578,-0.18964518155177146,0.6393520855961725,-0.10908684759930629,0.0,-0.23432928086109323,-0.07673311084785756,-0.16838195229182376,-0.07485699844677042,1,1,1,1,1,1,1,1,0,1,0,1,1,1,1
向井　ひな太,Hinata Mukai,FW,フォワード,0.0,0.0,0.0,0.0,0.0,0.0,0.0,0.0,8.592592592592593,50.0,0.0,0.0,0.0,0.0,0.0,0.0,0.0,0.23562753036437245,5.977777777777777,8.846153846153845,0.14932475884244373,0.17255783418086323,1.0223509635044363,8.592592592592593,17.7651822031683,0.0,0.660823382830751,0.0,0.0,0.28178137651821855,-1.6179798681769815,-1.8166656388514735,-2.2628722635942675,-2.5478651555489513,-2.972805677368851,-1.3577555843282276,-1.9217309808297387,-1.7643989588644036,0.8418749348068278,2.725264947848763,0.0,-1.510253359757697,-1.9017216320105255,-1.5941903382292546,-2.5000253240366472,0,0,0,0,0,0,0,0,0,0,0,0,0,0,0
冨永　虹七,Niina Tominaga,FW,フォワード,7.4074074074074066,0.5800214822771214,2.0300751879699246,37.02962962962963,51.724137931034484,2.900107411385607,1.4500537056928036,3.576895810955962,8.875,12.663802363050483,,1.9335016111707843,0.7733619763694951,0.19334049409237378,2.6100966702470463,7.4074074074074066,0.5800214822771214,2.0300751879699246,37.02962962962963,51.724137931034484,2.900107411385607,1.4500537056928036,3.576895810955962,8.875,12.663802363050483,0.0,1.9335016111707843,0.7733619763694951,0.19334049409237378,2.6100966702470463,-0.6137602759654535,0.25379416297321117,0.19874271247371733,0.2872320851152561,1.0029194087853774,-0.039158741991683454,1.1420808986538278,-0.27246720007987607,0.9490260545167506,0.75776791434165,0.0,-0.5265725881206662,1.1566489519331162,-0.5236854383686057,0.19894057052965122,0,0,0,0,0,0,0,0,0,0,1,0,0,0,0
重松　健太郎,Kentaro Shigematsu,FW,フォワード,6.666666666666667,0.625,0.7291666666666666,30.76923076923077,50.000000000000014,0.9375000000000002,0.7291666666666666,4.373541666666667,2.5833333333333335,14.479166666666666,,3.852708333333334,0.5208333333333333,0.10416666666666666,1.5625,6.666666666666667,0.625,0.7291666666666666,30.76923076923077,50.000000000000014,0.9375000000000002,0.7291666666666666,4.373541666666667,2.5833333333333335,14.479166666666666,0.0,3.852708333333334,0.5208333333333333,0.10416666666666666,1.5625,-0.7141822351866061,0.4143506522350791,-1.5858375648956662,-0.28435506592661214,0.8430541872573707,-0.9799411527745917,-0.5868188365132366,0.1927981695316985,-1.4381603665616995,1.4579165004185215,0.0,0.9568241631934681,0.15798830263323202,-1.0174310432233147,-1.0154257534272007,0,0,0,0,0,0,0,0,0,0,1,0,0,0,0
吉田　伊吹,Ibuki Yoshida,FW,フォワード,,,,,,,,,8.733333333333333,,0.0,,,,,11.200716845878135,0.48721914685770107,1.8918585262617842,32.56792929292929,42.269540816326526,2.4869689742446455,0.9115779189057156,3.7187069624652453,8.733333333333333,10.416197750913852,0.0,2.3116036390353534,0.4614799583110335,0.2575107296137339,2.3738998852054127,-0.09950266221196927,-0.07747547250135725,0.009137736836322592,-0.12013023174750843,0.12627187670888296,-0.23719803024962,-0.14934285398811578,-0.18964518155177146,0.8952748370884939,-0.10908684759930629,0.0,-0.23432928086109323,-0.07673311084785756,-0.16838195229182376,-0.07485699844677042,1,1,1,1,1,1,1,1,0,1,0,1,1,1,1
ウェズレイ　タンキ,Wesley Tanque da Silva,FW,フォワード,23.076923076923077,0.11152416356877323,2.788104089219331,46.15,40.80131578947368,3.4582527881040894,0.8921933085501859,2.899739776951673,6.5625,9.814126394052044,,1.6728624535315986,0.7806691449814127,0.6691449814126393,2.8996282527881037,23.076923076923077,0.11152416356877323,2.788104089219331,46.15,40.80131578947368,3.4582527881040894,0.8921933085501859,2.899739776951673,6.5625,9.814126394052044,0.0,1.6728624535315986,0.7806691449814127,0.6691449814126393,2.8996282527881037,1.5105503998666252,-1.4185660776166982,1.2386032443199293,1.1199404528556673,-0.009864632410178145,0.22839010656067715,-0.19583286684126266,-0.6679468855476978,0.07161647590844605,-0.34129335754580964,0.0,-0.7280262800249793,1.1855461956785571,2.1107913040393855,0.5345634429056004,0,0,0,0,0,0,0,0,0,0,1,0,0,0,0
髙澤　優也,Yuya Takazawa,FW,フォワード,,,,,,,,,4.777777777777778,,0.0,,,,,11.200716845878135,0.48721914685770107,1.8918585262617842,32.56792929292929,42.269540816326526,2.4869689742446455,0.9115779189057156,3.7187069624652453,4.777777777777778,10.416197750913852,0.0,2.3116036390353534,0.4614799583110335,0.2575107296137339,2.3738998852054127,-0.09950266221196927,-0.07747547250135725,0.009137736836322592,-0.12013023174750843,0.12627187670888296,-0.23719803024962,-0.14934285398811578,-0.18964518155177146,-0.6055434691436089,-0.10908684759930629,0.0,-0.23432928086109323,-0.07673311084785756,-0.16838195229182376,-0.07485699844677042,1,1,1,1,1,1,1,1,0,1,0,1,1,1,1
井波　勇太, Yuta  Inami,FW,フォワード,,,,,,,,,5.966666666666667,,0.0,,,,,11.200716845878135,0.48721914685770107,1.8918585262617842,32.56792929292929,42.269540816326526,2.4869689742446455,0.9115779189057156,3.7187069624652453,5.966666666666667,10.416197750913852,0.0,2.3116036390353534,0.4614799583110335,0.2575107296137339,2.3738998852054127,-0.09950266221196927,-0.07747547250135725,0.009137736836322592,-0.12013023174750843,0.12627187670888296,-0.23719803024962,-0.14934285398811578,-0.18964518155177146,-0.15445482092216212,-0.10908684759930629,0.0,-0.23432928086109323,-0.07673311084785756,-0.16838195229182376,-0.07485699844677042,1,1,1,1,1,1,1,1,0,1,0,1,1,1,1
ドゥドゥ,Luiz Eduardo dos Santos Gonzaga,FW,フォワード,,,,,,,,,4.85,,0.0,,,,,11.200716845878135,0.48721914685770107,1.8918585262617842,32.56792929292929,42.269540816326526,2.4869689742446455,0.9115779189057156,3.7187069624652453,4.85,10.416197750913852,0.0,2.3116036390353534,0.4614799583110335,0.2575107296137339,2.3738998852054127,-0.09950266221196927,-0.07747547250135725,0.009137736836322592,-0.12013023174750843,0.12627187670888296,-0.23719803024962,-0.14934285398811578,-0.18964518155177146,-0.5781408877095958,-0.10908684759930629,0.0,-0.23432928086109323,-0.07673311084785756,-0.16838195229182376,-0.07485699844677042,1,1,1,1,1,1,1,1,0,1,0,1,1,1,1
菅原　龍之助,Ryunosuke Sugawara,FW,フォワード,,,,,,,,,6.157894736842105,,0.0,,,,,11.200716845878135,0.48721914685770107,1.8918585262617842,32.56792929292929,42.269540816326526,2.4869689742446455,0.9115779189057156,3.7187069624652453,6.157894736842105,10.416197750913852,0.0,2.3116036390353534,0.4614799583110335,0.2575107296137339,2.3738998852054127,-0.09950266221196927,-0.07747547250135725,0.009137736836322592,-0.12013023174750843,0.12627187670888296,-0.23719803024962,-0.14934285398811578,-0.18964518155177146,-0.08189899801590879,-0.10908684759930629,0.0,-0.23432928086109323,-0.07673311084785756,-0.16838195229182376,-0.07485699844677042,1,1,1,1,1,1,1,1,0,1,0,1,1,1,1
半田　航也,Koya Handa,FW,フォワード,,,,,,,,,4.958333333333333,,0.0,,,,,11.200716845878135,0.48721914685770107,1.8918585262617842,32.56792929292929,42.269540816326526,2.4869689742446455,0.9115779189057156,3.7187069624652453,4.958333333333333,10.416197750913852,0.0,2.3116036390353534,0.4614799583110335,0.2575107296137339,2.3738998852054127,-0.09950266221196927,-0.07747547250135725,0.009137736836322592,-0.12013023174750843,0.12627187670888296,-0.23719803024962,-0.14934285398811578,-0.18964518155177146,-0.5370370155585762,-0.10908684759930629,0.0,-0.23432928086109323,-0.07673311084785756,-0.16838195229182376,-0.07485699844677042,1,1,1,1,1,1,1,1,0,1,0,1,1,1,1
佐藤　未勇,Miyu Sato,FW,フォワード,4.3478260869565215,0.6260869565217392,2.9739130434782606,39.12608695652173,50.00750000000001,3.1309043478260863,0.4695652173913044,1.4082260869565217,4.142857142857143,8.452173913043477,0.0,0.9388173913043477,0.1565217391304348,0.1565217391304348,3.6,4.3478260869565215,0.6260869565217392,2.9739130434782606,39.12608695652173,50.00750000000001,3.1309043478260863,0.4695652173913044,1.4082260869565217,4.142857142857143,8.452173913043477,0.0,0.9388173913043477,0.1565217391304348,0.1565217391304348,3.6,-1.028546629270215,0.41823068056740376,1.4934951061988304,0.47864290373564666,0.8437496009710169,0.07147453953276027,-1.209419677703956,-1.5390361698034098,-0.8464452839481196,-0.8665703512503444,0.0,-1.2953857249727034,-1.2827340203471491,-0.7275468062551118,1.346429200234115,0,0,0,0,0,0,0,0,0,0,0,0,0,0,0
パトリック　グスタフソン,Patrik Gustavsson,FW,フォワード,10.0,0.7725321888412017,1.8025751072961373,39.995,30.01285714285714,2.705021459227468,0.5150214592274678,5.9231330472103005,6.666666666666667,7.982832618025752,,3.0902575107296135,0.38626609442060084,0.2575107296137339,2.575107296137339,10.0,0.7725321888412017,1.8025751072961373,39.995,30.01285714285714,2.705021459227468,0.5150214592274678,5.9231330472103005,6.666666666666667,7.982832618025752,0.0,3.0902575107296135,0.38626609442060084,0.2575107296137339,2.575107296137339,-0.26228341869141847,0.940985399058085,-0.1133408433044084,0.5579764321736762,-1.0101902446727,-0.13267384405258828,-1.100402203096005,1.0978065885767578,0.11113942989981124,-1.0475856127268228,0.0,0.3675092862568525,-0.37417709678974725,-0.16838195229182376,0.15838114644792323,0,0,0,0,0,0,0,0,0,0,1,0,0,0,0
ジョップ　セリンサリウ,Serigne Diop,FW,フォワード,0.0,0.0,4.337349397590362,25.0,56.10975609756097,8.315060240963856,1.0843373493975905,3.6144578313253013,3.875,11.927710843373495,0.0,2.5301204819277108,0.0,0.0,4.337349397590362,0.0,0.0,4.237187926965597,25.0,56.10975609756097,8.315060240963856,1.0843373493975905,3.6144578313253013,3.875,11.927710843373495,0.0,2.5301204819277108,0.0,0.0,4.337349397590362,-1.6179798681769815,-1.8166656388514735,3.22644973371493,-0.8110975710962595,1.4095619442282046,2.556516963568691,0.26498521331701186,-0.25052983962639425,-0.9480757370687728,0.4738725905774882,0.0,-0.06543284510418991,-1.9017216320105255,-1.5941903382292546,2.2011591768122662,0,0,0,0,0,0,0,0,0,0,0,0,0,0,0
深堀　隼平,Shumpei Fukahori,FW,フォワード,12.5,0.1337295690936107,0.9361069836552749,50.0,31.818181818181817,0.9361069836552749,1.0698365527488856,2.675260029717682,7.928571428571429,6.151560178306092,,1.337964338781575,0.6686478454680534,0.1337295690936107,1.0698365527488856,12.5,0.1337295690936107,0.9361069836552749,50.0,31.818181818181817,0.9361069836552749,1.0698365527488856,2.675260029717682,7.928571428571429,6.151560178306092,0.0,1.337964338781575,0.6686478454680534,0.1337295690936107,1.0698365527488856,0.07664069367997225,-1.3393010832549452,-1.301957797607748,1.4714532846388788,-0.84279723976526,-0.9806088998071605,0.23020802614559915,-0.7990498741824158,0.5899317868237767,-1.7538696389342403,0.0,-0.9868763401590106,0.7425419393597666,-0.8537445271072158,-1.586517583305927,0,0,0,0,0,0,0,0,0,0,1,0,0,0,0
内田　優晟,Yusei  Uchida,FW,フォワード,,,,,,,,,4.578947368421052,,0.0,,,,,11.200716845878135,0.48721914685770107,1.8918585262617842,32.56792929292929,42.269540816326526,2.4869689742446455,0.9115779189057156,3.7187069624652453,4.578947368421052,10.416197750913852,0.0,2.3116036390353534,0.4614799583110335,0.2575107296137339,2.3738998852054127,-0.09950266221196927,-0.07747547250135725,0.009137736836322592,-0.12013023174750843,0.12627187670888296,-0.23719803024962,-0.14934285398811578,-0.18964518155177146,-0.6809837743060743,-0.10908684759930629,0.0,-0.23432928086109323,-0.07673311084785756,-0.16838195229182376,-0.07485699844677042,1,1,1,1,1,1,1,1,0,1,0,1,1,1,1
野田　隆之介,Ryunosuke Noda,FW,フォワード,3.7037037037037033,1.0096153846153846,2.7403846153846154,26.923076923076923,54.83870967741935,4.903846153846154,0.721153846153846,3.750721153846154,2.875,9.375,,2.163894230769231,0.28846153846153844,0.14423076923076922,3.894230769230769,3.7037037037037033,1.0096153846153846,2.7403846153846154,26.923076923076923,54.83870967741935,4.903846153846154,0.721153846153846,3.750721153846154,2.875,9.375,0.0,2.163894230769231,0.28846153846153844,0.14423076923076922,3.894230769230769,-1.1158700720712176,1.7872837544421882,1.1731418913828566,-0.6355167360397104,1.2917081960617784,0.9213401095744952,-0.6060359433726852,-0.17094792168544615,-1.3274960953858774,-0.5106553546348401,0.0,-0.3484971054264458,-0.7609592066693674,-0.795600545144107,1.6874993351186651,0,0,0,0,0,0,0,0,0,0,1,0,0,0,0
棚田　遼,Ryo Tanada,FW,フォワード,,,,,,,,,5.578947368421052,,0.0,,,,,11.200716845878135,0.48721914685770107,1.8918585262617842,32.56792929292929,42.269540816326526,2.4869689742446455,0.9115779189057156,3.7187069624652453,5.578947368421052,10.416197750913852,0.0,2.3116036390353534,0.4614799583110335,0.2575107296137339,2.3738998852054127,-0.09950266221196927,-0.07747547250135725,0.009137736836322592,-0.12013023174750843,0.12627187670888296,-0.23719803024962,-0.14934285398811578,-0.18964518155177146,-0.3015634159889696,-0.10908684759930629,0.0,-0.23432928086109323,-0.07673311084785756,-0.16838195229182376,-0.07485699844677042,1,1,1,1,1,1,1,1,0,1,0,1,1,1,1
日野　友貴,Tomoki Hino,FW,フォワード,22.22222222222222,0.4864864864864865,2.4324324324324325,38.88333333333333,54.54545454545454,1.945945945945946,0.972972972972973,2.5945945945945947,3.3846153846153846,6.324324324324325,,1.297135135135135,0.32432432432432434,0.6486486486486487,2.9189189189189193,22.22222222222222,0.4864864864864865,2.4324324324324325,38.88333333333333,54.54545454545454,1.945945945945946,0.972972972972973,2.5945945945945947,3.3846153846153846,6.324324324324325,0.0,1.297135135135135,0.32432432432432434,0.6486486486486487,2.9189189189189193,1.3946789084576028,-0.08009079605977835,0.7506945147458307,0.4564790041219872,1.2645170440130262,-0.49653922395915306,-0.0020994067195341105,-0.8461609376724022,-1.1341376435511992,-1.6872380695470424,0.0,-1.018434122522146,-0.6191346889242503,1.997305379861788,0.556925040628542,0,0,0,0,0,0,0,0,0,0,1,0,0,0,0
中村　充孝,Atsutaka Nakamura,FW,フォワード,16.666666666666664,0.3249097472924188,0.48736462093862815,20.0,54.54545454545454,0.9747292418772563,0.9747292418772563,7.797346570397113,1.2,11.696750902527075,,6.335252707581227,0.48736462093862815,0.1624548736462094,0.9747292418772563,16.666666666666664,0.3249097472924188,0.48736462093862815,20.0,54.54545454545454,0.9747292418772563,0.9747292418772563,7.797346570397113,1.4791036414565828,11.696750902527075,0.0,6.335252707581227,0.48736462093862815,0.1624548736462094,0.9747292418772563,0.6415142142989565,-0.6568593359039515,-1.9175404900187432,-1.2676077422432872,1.2645170440130262,-0.9620951914673439,0.0021126440999666082,2.1924041959647824,-1.8571275919179626,0.3847961028984578,0.0,2.875636877439788,0.025631490948543122,-0.6946956976423735,-1.6967652757287806,0,0,0,0,0,0,0,0,0,0,1,0,0,0,0
杉山　伶央,Reo Sugiyama,FW,フォワード,,,,,,,,,4.615384615384615,,0.0,,,,,11.200716845878135,0.48721914685770107,1.8918585262617842,32.56792929292929,42.269540816326526,2.4869689742446455,0.9115779189057156,3.7187069624652453,4.615384615384615,10.416197750913852,0.0,2.3116036390353534,0.4614799583110335,0.2575107296137339,2.3738998852054127,-0.09950266221196927,-0.07747547250135725,0.009137736836322592,-0.12013023174750843,0.12627187670888296,-0.23719803024962,-0.14934285398811578,-0.18964518155177146,-0.6671587410070704,-0.10908684759930629,0.0,-0.23432928086109323,-0.07673311084785756,-0.16838195229182376,-0.07485699844677042,1,1,1,1,1,1,1,1,0,1,0,1,1,1,1
山本　駿亮,Shunsuke Yamamoto,FW,フォワード,,,,,,,,,4.923076923076923,,0.0,,,,,11.200716845878135,0.48721914685770107,1.8918585262617842,32.56792929292929,42.269540816326526,2.4869689742446455,0.9115779189057156,3.7187069624652453,4.923076923076923,10.416197750913852,0.0,2.3116036390353534,0.4614799583110335,0.2575107296137339,2.3738998852054127,-0.09950266221196927,-0.07747547250135725,0.009137736836322592,-0.12013023174750843,0.12627187670888296,-0.23719803024962,-0.14934285398811578,-0.18964518155177146,-0.550414015371038,-0.10908684759930629,0.0,-0.23432928086109323,-0.07673311084785756,-0.16838195229182376,-0.07485699844677042,1,1,1,1,1,1,1,1,0,1,0,1,1,1,1
ブルーノ　サントス,Bruno Santos de Oliveira,FW,フォワード,6.25,0.5263157894736842,2.1052631578947367,26.66,37.13999999999999,2.2805263157894737,0.8771929824561403,1.579298245614035,7.5,10.350877192982455,,1.2284210526315789,0.3508771929824561,0.17543859649122806,2.807017543859649,6.25,0.5263157894736842,2.1052631578947367,26.66,37.13999999999999,2.2805263157894737,0.8771929824561403,1.579298245614035,7.5,10.350877192982455,0.0,1.2284210526315789,0.3508771929824561,0.17543859649122806,2.807017543859649,-0.7706695872485045,0.0620849220635181,0.30188522097911236,-0.6595361942754463,-0.34934852707573694,-0.3361570073650538,-0.23180807295184816,-1.4391248346003538,0.4273230618307317,-0.1342796401348421,0.0,-1.0715447361825923,-0.5141275707768361,-0.6228062624297769,0.4272097930186031,0,0,0,0,0,0,0,0,0,0,1,0,0,0,0
加納　大,Haru Kano,FW,フォワード,,,,,,,,,5.714285714285714,,0.0,,,,,11.200716845878135,0.48721914685770107,1.8918585262617842,32.56792929292929,42.269540816326526,2.4869689742446455,0.9115779189057156,3.7187069624652453,5.714285714285714,10.416197750913852,0.0,2.3116036390353534,0.4614799583110335,0.2575107296137339,2.3738998852054127,-0.09950266221196927,-0.07747547250135725,0.009137736836322592,-0.12013023174750843,0.12627187670888296,-0.23719803024962,-0.14934285398811578,-0.18964518155177146,-0.2502132923069552,-0.10908684759930629,0.0,-0.23432928086109323,-0.07673311084785756,-0.16838195229182376,-0.07485699844677042,1,1,1,1,1,1,1,1,0,1,0,1,1,1,1
イ　ヨンジェ,Yong-Jae Lee,FW,フォワード,7.142857142857142,0.0,3.043478260869565,21.428571428571427,37.10483870967741,5.001086956521738,0.8695652173913043,2.391304347826087,2.8181818181818183,9.782608695652174,,1.3043478260869565,0.21739130434782608,0.21739130434782608,3.043478260869565,7.142857142857142,0.0,3.043478260869565,21.428571428571427,37.10483870967741,5.001086956521738,0.8695652173913043,2.391304347826087,2.8181818181818183,9.782608695652174,0.0,1.3043478260869565,0.21739130434782608,0.21739130434782608,3.043478260869565,-0.6496252614015794,-1.8166656388514735,1.5889243488507783,-1.137176264772708,-0.3526087462063826,0.9679528127758013,-0.25010170328029324,-0.9648886146234078,-1.3490540702902583,-0.3534490840449532,0.0,-1.0128592763095874,-1.0420166158113917,-0.3905187660429452,0.7013133099835978,0,0,0,0,0,0,0,0,0,0,1,0,0,0,0
武　星弥,Seiya Take,FW,フォワード,,,,,,,,,5.416666666666667,,0.0,,,,,11.200716845878135,0.48721914685770107,1.8918585262617842,32.56792929292929,42.269540816326526,2.4869689742446455,0.9115779189057156,3.7187069624652453,5.416666666666667,10.416197750913852,0.0,2.3116036390353534,0.4614799583110335,0.2575107296137339,2.3738998852054127,-0.09950266221196927,-0.07747547250135725,0.009137736836322592,-0.12013023174750843,0.12627187670888296,-0.23719803024962,-0.14934285398811578,-0.18964518155177146,-0.36313601799656964,-0.10908684759930629,0.0,-0.23432928086109323,-0.07673311084785756,-0.16838195229182376,-0.07485699844677042,1,1,1,1,1,1,1,1,0,1,0,1,1,1,1
髙尾　流星,Ryusei Takao,FW,フォワード,0.0,0.7003891050583657,2.4513618677042803,11.11111111111111,36.847368421052636,2.4517120622568096,1.7509727626459144,4.902723735408561,2.4705882352941178,9.805447470817121,0.0,2.801556420233463,2.1011673151750974,0.0,3.151750972762646,0.0,0.7003891050583657,2.4513618677042803,11.11111111111111,36.847368421052636,2.4517120622568096,1.7509727626459144,4.902723735408561,2.4705882352941178,9.805447470817121,0.0,2.801556420233463,1.5388571549016725,0.0,3.151750972762646,-1.6179798681769815,0.6834615667241184,0.776661826278265,-2.079181379838003,-0.3764818621485528,-0.2540985486438003,1.8637735491081708,0.5018565661078852,-1.4809381520582359,-0.3446406393115118,0.0,0.14436591415555058,4.183909158290793,-1.5941903382292546,0.8268222380479008,0,0,0,0,0,0,0,0,0,0,0,0,0,0,0
北村　知也,Tomoya Kitamura,FW,フォワード,0.0,0.0,0.22556390977443608,100.0,31.573684210526316,1.3531578947368421,1.1278195488721803,2.706541353383459,11.0,7.2180451127819545,,2.2556390977443606,0.6766917293233082,0.0,0.22556390977443608,0.0,0.0,0.23562753036437245,82.00000000000004,31.573684210526316,1.3531578947368421,1.1278195488721803,2.706541353383459,11.0,7.2180451127819545,0.0,2.2556390977443606,0.6766917293233082,0.0,0.28178137651821855,-1.6179798681769815,-1.8166656388514735,-2.2628722635942675,4.393118379979859,-0.8654675050075904,-0.7806941541120336,0.36926835212563464,-0.7807806313150025,1.755294315940598,-1.3425483865232795,0.0,-0.2775854959322351,0.7743526289401612,-1.5941903382292546,-2.5000253240366472,0,0,0,0,0,0,0,0,0,0,1,0,0,0,0
ファビアン　ゴンザレス,Fabián Andrés González Lasso,FW,フォワード,13.636363636363635,1.3917525773195876,3.711340206185567,50.009090909090915,37.03333333333333,2.3193556701030924,0.6958762886597938,5.335051546391752,4.266666666666667,13.45360824742268,,1.6237113402061853,0.6958762886597938,0.6958762886597938,5.103092783505154,13.636363636363635,1.3710291121108806,3.711340206185567,50.009090909090915,37.03333333333333,2.3193556701030924,0.6958762886597938,5.335051546391752,4.266666666666667,13.45360824742268,0.0,1.6237113402061853,0.6958762886597938,0.6958762886597938,5.103092783505154,0.23069710839424057,3.0773956166258163,2.505094268640743,1.4722833031318738,-0.3592388554476026,-0.3175440268227457,-0.6666589815066148,0.7543491352068732,-0.7994694300612402,1.0623797611852037,0.0,-0.7660162479572693,0.8502207136578354,2.2587995912949625,3.088803254974838,0,0,0,0,0,0,0,0,0,0,1,0,0,0,0
矢野　貴章,Kisho Yano,FW,フォワード,,,,,,,,,2.3448275862068964,,0.0,,,,,11.200716845878135,0.48721914685770107,1.8918585262617842,32.56792929292929,42.269540816326526,2.4869689742446455,0.9115779189057156,3.7187069624652453,2.3448275862068964,10.416197750913852,0.0,2.3116036390353534,0.4614799583110335,0.2575107296137339,2.3738998852054127,-0.09950266221196927,-0.07747547250135725,0.009137736836322592,-0.12013023174750843,0.12627187670888296,-0.23719803024962,-0.14934285398811578,-0.18964518155177146,-1.528654302597101,-0.10908684759930629,0.0,-0.23432928086109323,-0.07673311084785756,-0.16838195229182376,-0.07485699844677042,1,1,1,1,1,1,1,1,0,1,0,1,1,1,1
望月　想空,Sora Mochizuki,FW,フォワード,50.0,0.0,2.3684210526315788,75.0,38.70967741935484,7.105263157894736,1.776315789473684,5.328355263157894,2.0833333333333335,8.881578947368421,0.0,4.144144736842105,0.0,1.1842105263157894,2.3684210526315788,46.80000000000007,0.0,2.3684210526315788,75.0,38.70967741935484,7.105263157894736,1.776315789473684,5.328355263157894,2.0833333333333335,8.881578947368421,0.0,4.144144736842105,0.0,0.8668942286099264,2.3684210526315788,4.726679515415463,-1.8166656388514735,0.6628840007479943,3.754004140374017,-0.20380516661958578,1.9765966953759018,1.9245536020136222,0.75043830246797,-1.6278705457202518,-0.700957682191019,0.0,1.1820817184048504,-1.9017216320105255,3.2057069814934267,-0.08120802070679041,0,0,0,0,0,0,0,0,0,0,0,0,0,0,0
石井　稜真,Ryoma Ishii,FW,フォワード,,,,,,,,,3.090909090909091,,0.0,,,,,11.200716845878135,0.48721914685770107,1.8918585262617842,32.56792929292929,42.269540816326526,2.4869689742446455,0.9115779189057156,3.7187069624652453,3.090909090909091,10.416197750913852,0.0,2.3116036390353534,0.4614799583110335,0.2575107296137339,2.3738998852054127,-0.09950266221196927,-0.07747547250135725,0.009137736836322592,-0.12013023174750843,0.12627187670888296,-0.23719803024962,-0.14934285398811578,-0.18964518155177146,-1.24557579074923,-0.10908684759930629,0.0,-0.23432928086109323,-0.07673311084785756,-0.16838195229182376,-0.07485699844677042,1,1,1,1,1,1,1,1,0,1,0,1,1,1,1
イスマイラ,Origbaajo Ismaila,FW,フォワード,,,,,,,,,6.5,,0.0,,,,,11.200716845878135,0.48721914685770107,1.8918585262617842,32.56792929292929,42.269540816326526,2.4869689742446455,0.9115779189057156,3.7187069624652453,6.5,10.416197750913852,0.0,2.3116036390353534,0.4614799583110335,0.2575107296137339,2.3738998852054127,-0.09950266221196927,-0.07747547250135725,0.009137736836322592,-0.12013023174750843,0.12627187670888296,-0.23719803024962,-0.14934285398811578,-0.18964518155177146,0.04790270351362701,-0.10908684759930629,0.0,-0.23432928086109323,-0.07673311084785756,-0.16838195229182376,-0.07485699844677042,1,1,1,1,1,1,1,1,0,1,0,1,1,1,1
