FB_Name,SC_Name,analysis_position_code,analysis_position_jp,psv99_per_match,assist_cross_proxy_per90,sprint_distance_full_all_per_match,dropping_off_runs_proxy_per90,pressure_engagement_proxy_per90,consecutive_on_ball_engagement_proxy_per90,above_hsr_engagement_proxy_per_match,dribble_success_rate_pct,carry_into_box_proxy_per90,cross_reception_proxy_per90,shot_conversion_rate_pct,pulling_wide_runs_proxy_per90,cross_success_rate_pct,opponent_box_ball_gain_proxy_per90,dribble_shot_proxy_per90
西谷　優希,Yuki  Nishiya,SH,サイドハーフ,27.72295081967213,0.26042122186495176,130.0327868852459,49.340836012861736,2.6913183279742765,7.4947717041800646,48.49180327868852,90.0,0.6945337620578778,0.28938906752411575,7.142857142857142,1.1286173633440513,23.074358974358972,0.8392282958199357,0.2604501607717042
岡田　優希,Yuki Okada,SH,サイドハーフ,28.415000000000003,0.833959731543624,173.03333333333333,20.30680728667306,1.3231064237775647,5.868178331735378,58.9,58.88598130841122,2.070949185043145,1.4956855225311603,16.455696202531644,2.3010546500479387,36.2425,0.3451581975071908,1.8123106423777566
西村　恭史,Yasufumi Nishimura,SH,サイドハーフ,28.6,0.21908553546592494,209.96610169491527,46.28303198887343,2.0027816411682893,8.105413769123782,55.47457627118644,25.0,0.844923504867872,0.844923504867872,2.272727272727273,0.844923504867872,25.92962962962963,0.5006954102920723,0.09388038942976357
森　晃太,Kota Mori,SH,サイドハーフ,29.446031746031746,0.799449378330373,229.95238095238096,35.77619893428064,1.1509769094138544,10.007712255772647,54.22222222222222,65.14628571428571,3.2930728241563054,1.8543516873889874,7.766990291262135,3.4849023090586146,22.94036697247706,0.44760213143872113,3.6449520426287747
山内　陸,Riku Yamauchi,SH,サイドハーフ,27.971153846153847,0.25028121137206427,174.96153846153845,38.38071693448702,2.1971569839307787,7.843099505562422,60.40384615384615,69.23846153846155,1.0290482076637826,0.33374536464771326,0.0,1.0012360939431397,24.997222222222216,1.3071693448702102,0.5006736711990112
徳永　晃太郎,Kotaro Tokunaga,SH,サイドハーフ,26.871666666666666,0.21922420796100733,111.26666666666667,57.53858651502843,1.3891145410235581,9.796584077985377,48.666666666666664,45.45454545454545,1.5718927701056051,0.4752233956133225,7.6923076923076925,1.3525588952071486,16.208108108108107,0.6580016246953696,0.1827782290820471
富所　悠,Yu Tomidokoro,SH,サイドハーフ,25.567307692307693,0.17482517482517482,48.73076923076923,38.56643356643357,0.9790209790209791,10.31576923076923,34.21153846153846,26.923076923076923,1.7482517482517481,0.9440559440559441,18.181818181818183,0.5594405594405595,31.25,0.24475524475524477,0.24475524475524477
山本　康裕,Kosuke Yamamoto,SH,サイドハーフ,27.401724137931033,0.22000349162011174,123.36206896551724,56.84706703910614,1.3512569832402235,16.373652234636875,40.706896551724135,60.0,1.0370111731843576,0.4399441340782123,3.7037037037037033,1.0998603351955307,20.002857142857145,0.8170391061452514,0.18854748603351956
永田　一真,Kazuma Nagata,SH,サイドハーフ,28.843103448275862,0.24459447213411867,201.0,25.07929315813321,2.7322156773901223,7.014861803352968,57.60344827586207,51.11555555555556,0.8971454463072043,0.9379247847757137,18.181818181818183,1.1826008155867693,20.682758620689654,0.5709107385591301,0.9380063434526508
菊井　悠介,Yusuke Kikui,SH,サイドハーフ,28.614,0.7882368621477532,171.9,38.59101294744859,0.7882711348057883,10.316618431073877,52.36,60.523684210526305,2.1934501142421934,0.6511805026656512,11.11111111111111,2.7075399847677075,29.112658227848105,0.7539984767707539,0.7882368621477532
平松　昇,Sho Hiramatsu,SH,サイドハーフ,27.73090909090909,0.5504057809894386,117.69090909090909,59.132851584213455,1.6509171762090051,12.406592551417456,42.32727272727273,75.86551724137931,1.9010561423012786,0.6003335186214563,4.3478260869565215,2.7515286270150083,20.003636363636364,0.7003891050583657,1.100661478599222
中島　賢星,Kensei Nakashima,SH,サイドハーフ,27.494444444444444,0.20657995409334354,109.14814814814815,43.00306044376435,1.7214996174445294,6.43899387911247,38.72222222222222,20.0,0.7230298393267023,0.20657995409334354,4.3478260869565215,0.7918898240244836,26.08695652173913,0.5508798775822494,0.03442999234889059
阿野　真拓,Mahiro Ano,SH,サイドハーフ,28.06779661016949,0.3583519108280255,157.96610169491527,26.727707006369428,1.3256369426751593,8.240983280254778,56.05084745762712,59.21710526315789,1.8988853503184713,1.1106687898089174,4.838709677419355,2.3646496815286624,15.154545454545454,1.0748407643312103,1.6124402866242036
岡野　凜平,Rimpei Okano,SH,サイドハーフ,27.905084745762714,0.4408100979653353,117.59322033898304,29.672192916352675,1.8990203466465712,5.188157498116051,40.67796610169491,26.91923076923077,0.8477769404672194,0.5764883195177091,3.571428571428571,1.322532027128862,33.33076923076923,0.7121326299924642,0.23734363225320268
武井　成豪,Seigo Takei,SH,サイドハーフ,27.272222222222222,0.06132879045996593,109.55555555555556,36.490630323679724,2.2078364565587734,9.077028960817717,42.388888888888886,51.61290322580645,0.766609880749574,0.5519591141396933,5.263157894736842,0.5519591141396933,11.11111111111111,1.011925042589438,0.4906303236797274
安永　玲央,Reo Yasunaga,SH,サイドハーフ,27.611666666666668,0.2751349974528783,108.8,37.137035150280184,1.696383087111564,7.6584819154355595,37.4,44.004000000000005,1.5588385124808968,0.45848191543555783,6.0606060606060606,1.696383087111564,16.21891891891892,0.7794192562404484,0.5043759551706573
長谷川　隼,Hayato Hasegawa,SH,サイドハーフ,26.086274509803925,0.08534850640113797,56.86274509803921,43.57041251778094,1.0668563300142246,11.524480796586062,29.666666666666668,100.0,0.6401137980085349,0.21337126600284498,11.76470588235294,0.5547652916073968,15.384615384615385,0.5120910384068279,0.29871977240398295
久保　吏久斗,Rikuto Kubo,SH,サイドハーフ,30.348148148148148,1.3892283950617283,316.05555555555554,25.833333333333332,0.9876543209876543,7.253364197530865,58.907407407407405,45.056043956043965,2.191358024691358,0.6172839506172839,5.0,5.0,27.784567901234563,0.6172839506172839,1.2654629629629632
普光院　誠,Makoto Fukoin,SH,サイドハーフ,27.813043478260873,0.2505889375248706,135.1086956521739,58.340628730600876,2.650218861918026,10.816080382013533,43.54347826086956,56.25,0.931157978511739,0.6088340628730601,9.803921568627452,1.1102268205332273,22.570967741935483,0.6804615996816553,0.32232391563867885
城定　幹大,Kanta Jojo,SH,サイドハーフ,26.991935483870968,0.11741682974559686,83.96774193548387,58.12133072407045,1.3502935420743638,12.504657534246576,33.0,51.72758620689656,1.8199608610567513,1.643835616438356,8.0,0.821917808219178,14.285714285714285,1.0567514677103718,0.8806849315068495
村越　凱光,Kaiga Murakoshi,SH,サイドハーフ,28.4864406779661,0.4897959183673469,128.54237288135593,35.673469387755105,0.9387755102040817,6.856816326530613,42.559322033898304,64.85945945945946,1.8367346938775508,0.8979591836734694,14.814814814814813,2.7346938775510203,17.91044776119403,0.4897959183673469,0.9795102040816325
北　龍磨,Ryoma  Kita,SH,サイドハーフ,26.00701754385965,0.21188934667451442,59.421052631578945,59.54090641553856,1.6421424367274868,11.335497351383168,35.175438596491226,45.445454545454545,1.2183637433784578,0.4767510300176574,9.67741935483871,1.3772807533843436,15.384615384615385,0.8475573866980577,0.26480871100647435
長谷川　雄志,Yushi Hasegawa,SH,サイドハーフ,26.686274509803923,0.06535947712418301,66.84313725490196,57.51633986928105,1.6339869281045754,14.05529411764706,32.627450980392155,50.0,0.6535947712418301,0.0,0.0,0.6535947712418301,10.0,0.32679738562091504,0.06535947712418301
曽我　大地,Daichi Soga,SH,サイドハーフ,25.734,0.0,52.44,55.71203363110878,1.8917498686284813,8.60547556489753,30.12,0.0,0.5202312138728323,0.1418812401471361,6.666666666666667,0.37834997372569623,0.0,0.9458749343142406,0.0
稲積　大介,Daisuke Inazumi,SH,サイドハーフ,30.13469387755102,1.2921244019138756,257.9795918367347,44.00956937799043,1.9808612440191387,8.871674641148324,62.30612244897959,47.61428571428571,2.2392344497607657,0.6028708133971292,0.0,6.976076555023923,18.522222222222222,0.6028708133971292,0.861157894736842
古賀　俊太郎,Shuntaro Koga,SH,サイドハーフ,26.589583333333334,0.2631578947368421,86.125,55.13157894736842,2.4342105263157894,12.634473684210525,36.8125,50.0,1.3157894736842104,0.4605263157894737,0.0,0.5263157894736842,50.0,0.5921052631578947,0.13157894736842105
上畑　佑平士,Uheiji Uehata,SH,サイドハーフ,26.508333333333336,0.09873834339001646,86.58333333333333,65.26604498080087,3.1596269884805266,14.416785518376303,36.770833333333336,63.63636363636363,0.9873834339001646,0.24684585847504115,6.25,0.3949533735600658,25.0,0.7899067471201316,0.34558420186505756
井上　怜,Ren Inoue,SH,サイドハーフ,28.340983606557376,1.0623364485981308,137.52459016393442,29.483521888834236,1.1952779144121988,8.278229217904576,40.0655737704918,57.43465346534653,2.6561731431382194,0.7525823905558289,11.11111111111111,5.13526807673389,20.68706896551724,0.22134776192818495,2.568032464338416
安達　秀都,Shuto  Adachi,SH,サイドハーフ,27.21320754716981,0.1409921671018277,104.43396226415095,39.47780678851175,2.1148825065274153,8.365629242819843,41.886792452830186,60.0,0.9869451697127938,0.3289817232375979,0.0,0.5639686684073107,25.0,0.3289817232375979,0.1409921671018277
徳永　裕大,Yudai Tokunaga,SH,サイドハーフ,25.555102040816326,0.3423499577345731,38.775510204081634,40.929839391377854,1.407438715131023,8.4819864750634,26.285714285714285,50.0,1.2172442941673711,0.3423499577345731,12.5,1.1792054099746407,29.03225806451613,0.6466610312764158,0.0760777683854607
荒木　大吾,Daigo Araki,SH,サイドハーフ,28.175675675675677,0.8170391061452514,153.72972972972974,33.59287709497207,1.5712290502793296,8.579224860335195,48.67567567567568,56.252083333333346,2.6710893854748603,0.848463687150838,11.538461538461538,3.6766759776536313,22.22222222222222,0.6599162011173184,1.6969902234636873
高　昇辰,Seung-Jin Koh,SH,サイドハーフ,29.29019607843137,0.49234466588511133,166.94117647058823,27.397420867526378,0.8792497069167644,4.3260140679953105,45.92156862745098,40.625,1.2661195779601409,1.3364595545134819,8.571428571428571,1.9343493552168816,25.452727272727273,0.3165298944900352,0.45720984759671746
鈴木　拳士郎,Kenshiro Suzuki,SH,サイドハーフ,27.533962264150944,0.3055286129970902,115.54716981132076,42.8176527643065,1.833171677982541,7.201745877788553,40.64150943396226,66.66666666666666,0.9165858389912706,0.8292919495635306,8.333333333333332,1.6149369544131909,18.91891891891892,0.5237633365664404,0.08729388942774007
藤原　健介,Kensuke Fujiwara,SH,サイドハーフ,26.47826086956522,0.13167520117044623,70.82608695652173,52.20921726408193,2.765179224579371,11.917856620336503,32.91304347826087,38.46153846153847,1.9092904169714704,0.46086320409656184,8.0,2.370153621068032,5.555555555555555,0.3950256035113387,0.32918800292611555
山中　麗央,Reo Yamanaka,SH,サイドハーフ,27.70754716981132,0.2992021276595745,90.05660377358491,28.72340425531915,2.453457446808511,5.087453457446808,38.735849056603776,20.829166666666666,1.196808510638298,1.196808510638298,8.571428571428571,1.2566489361702127,23.809523809523807,0.7779255319148937,0.2991422872340425
三木　直土,Naoto Miki,SH,サイドハーフ,27.55185185185185,0.07009345794392523,129.62962962962962,30.911214953271028,1.2616822429906542,5.536892523364485,43.888888888888886,50.0,1.0514018691588785,1.191588785046729,13.043478260869565,1.0514018691588785,6.666666666666667,0.7710280373831775,0.49065420560747663
大山　啓輔,Keisuke Oyama,SH,サイドハーフ,25.87608695652174,0.4999,53.65217391304348,53.3,1.8,10.199399999999999,28.717391304347824,75.0,1.3,0.05,5.263157894736842,1.3,38.45384615384615,1.1,0.15000000000000002
前川　大河,Taiga Maekawa,SH,サイドハーフ,27.620408163265306,0.11024908125765619,87.83673469387755,37.447937933850554,1.9109840751327074,8.232151898734179,32.734693877551024,51.84814814814814,0.9554920375663537,0.6247447937933851,12.121212121212121,1.139240506329114,9.67741935483871,0.9554920375663537,0.5144589628419763
森　夢真,Yuma Mori,SH,サイドハーフ,27.951851851851853,0.6580585256049521,108.42592592592592,36.972425436128304,1.570061902082161,7.445132245357344,37.111111111111114,56.7554054054054,2.6336522228474957,1.1142374788970175,5.660377358490567,3.140123804164322,20.956451612903223,0.5064715813168261,2.1271299943725377
岩本　和希,Kazuki Iwamoto,SH,サイドハーフ,26.397872340425533,0.06880733944954129,60.38297872340426,54.56422018348624,1.926605504587156,13.076422018348625,30.19148936170213,50.0,1.1009174311926606,0.3440366972477064,0.0,0.756880733944954,9.090909090909092,1.651376146788991,0.06880733944954129
小島　幹敏,Masato Kojima,SH,サイドハーフ,26.822222222222223,0.31581578947368427,96.03703703703704,55.368421052631575,1.5789473684210527,11.501578947368419,43.111111111111114,75.0,1.5789473684210527,0.23684210526315788,10.0,1.473684210526316,21.430357142857144,0.8947368421052633,0.3157894736842105
高柳　郁弥,Fumiya Takayanagi,SH,サイドハーフ,27.617391304347827,0.21370546318289785,121.91304347826087,47.95724465558195,2.137767220902613,10.7575296912114,43.41304347826087,14.285714285714285,1.4251781472684084,0.3562945368171021,14.285714285714285,1.0688836104513064,19.993333333333332,1.211401425178147,0.07125890736342043
梶浦　勇輝,Yuki Kajiura,SH,サイドハーフ,28.957142857142856,0.4193569431500466,206.03571428571428,26.84063373718546,1.7054986020503262,6.347474370922646,59.464285714285715,37.93218390804598,1.369990680335508,1.0904007455731595,15.686274509803921,1.7893755824790307,23.4359375,0.6430568499534017,0.9226747437092266
澤崎　凌大,Ryota Sawazaki,SH,サイドハーフ,27.54888888888889,0.3642510121457489,134.82222222222222,30.971659919028337,3.4008097165991904,8.38165991902834,46.266666666666666,22.22222222222222,1.2145748987854252,0.3643724696356275,9.090909090909092,1.8218623481781377,19.993333333333332,1.7004048582995952,0.242914979757085
田中　パウロ淳一,Paulo Junichi Tanaka,SH,サイドハーフ,28.72631578947368,,200.1315789473684,,,,51.3421052631579,,,,,,,,
持井　響太,Kyota Mochii,SH,サイドハーフ,28.29655172413793,0.2051155975252361,154.82758620689654,34.816020840117226,1.289482253337675,7.207824812764572,53.37931034482759,51.51212121212121,1.2601758384890915,0.8498860306089222,11.363636363636363,0.8205796157603387,24.99642857142857,0.7033539563660046,0.49817974601107123
岡澤　昂星,Kosei Okazawa,SH,サイドハーフ,26.369999999999997,0.20581509310682783,84.3,64.7435478601764,2.4109768049656974,16.112116955243383,41.0,50.0,1.0290754655341392,0.20581509310682783,8.333333333333332,0.6174452793204834,33.33333333333333,0.8232603724273113,0.32342371773930084
大澤　朋也,Tomoya Osawa,SH,サイドハーフ,29.4921875,0.6698635235732009,153.578125,23.449131513647643,1.7866004962779156,6.5877543424317615,36.953125,36.663333333333334,2.009925558312655,1.1166253101736974,12.5,2.1215880893300247,31.573684210526316,0.6699751861042184,1.2281761786600496
萩野　滉大,Kodai Hagino,SH,サイドハーフ,26.455000000000002,0.06578947368421052,65.125,56.77631578947369,2.763157894736842,9.936184210526317,36.55,0.0,0.5921052631578947,0.2631578947368421,0.0,0.3289473684210526,20.0,0.9868421052631579,0.0
新里　涼,Ryo Niizato,SH,サイドハーフ,26.61923076923077,0.2730030333670374,61.76923076923077,37.52275025278059,1.2740141557128413,8.128998988877655,30.076923076923077,61.54615384615385,1.2740141557128413,0.06066734074823054,6.25,0.7280080889787665,37.5,0.5156723963599595,0.24269969666329633
水野　颯太,Hayata Mizuno,SH,サイドハーフ,28.195744680851064,0.4360420032310177,121.80851063829788,34.894991922455574,2.035541195476575,7.997641357027463,37.91489361702128,68.18863636363636,1.890145395799677,1.1631663974151858,8.333333333333332,4.216478190630048,10.341379310344827,0.0,4.362310177705977
牛之濵　拓,Taku Ushinohama,SH,サイドハーフ,27.048780487804876,0.5466869158878505,78.39024390243902,30.616822429906545,1.5560747663551402,6.8977850467289725,35.36585365853659,40.0,1.5981308411214954,0.7149532710280374,6.896551724137931,2.1448598130841123,25.488235294117644,0.6308411214953271,0.5046728971962616
新井　光,Hikaru Arai,SH,サイドハーフ,27.875999999999998,0.40366459627329193,154.32,43.41614906832298,2.049689440993789,8.665559006211181,54.12,53.34000000000001,1.2111801242236024,0.6211180124223602,5.128205128205128,1.3664596273291927,29.54090909090909,0.9627329192546583,0.49695652173913046
東條　敦輝,Atsuki Tojo,SH,サイドハーフ,27.070731707317076,0.16014234875444838,77.92682926829268,45.320284697508896,1.9217081850533808,8.96829181494662,33.02439024390244,50.0,0.9608540925266904,0.16014234875444838,0.0,1.281138790035587,12.5,0.9608540925266904,0.16014234875444838
山口　卓己,Takumi Yamaguchi,SH,サイドハーフ,26.158333333333335,,77.94444444444444,,,,43.72222222222222,,,,,,,,
西村　真祈,Masaki Nishimura,SH,サイドハーフ,28.967441860465115,0.21978021978021978,175.25581395348837,28.57142857142857,1.6483516483516485,5.165054945054946,47.53488372093023,41.17647058823529,0.7692307692307693,1.6483516483516485,4.166666666666666,1.5384615384615385,14.285714285714285,0.7692307692307693,0.7692307692307693
大関　友翔,Yuto  Ozeki,SH,サイドハーフ,26.934782608695652,0.2600830924855491,127.95652173913044,64.05346820809248,1.4306358381502888,16.484598988439306,50.26086956521739,49.150847457627115,3.2514450867052025,1.1380057803468209,13.793103448275861,1.1054913294797688,23.52647058823529,0.7803468208092484,0.9428865606936416
柳町　魁耀,Kaiyo Yanagimachi,SH,サイドハーフ,28.078688524590163,0.6143344709897611,112.47540983606558,39.31740614334471,2.150170648464164,6.142730375426621,35.98360655737705,58.333333333333336,3.0716723549488054,2.4573378839590445,22.22222222222222,1.2286689419795223,50.0,0.6143344709897611,2.150170648464164
禹　相皓,Sang-Ho Woo,SH,サイドハーフ,26.708823529411767,0.1361573373676248,68.41176470588235,34.5839636913767,2.042360060514372,8.169031770045386,31.352941176470587,0.0,0.8169440242057489,0.47655068078668683,0.0,1.2934947049924357,10.526315789473683,0.8850226928895614,0.0
西山　拓実,Takumi Nishiyama,SH,サイドハーフ,27.21034482758621,0.15639258830341635,97.6896551724138,30.746960046323103,2.136653155761436,5.836919513607412,44.86206896551724,50.0,0.3126809496236248,0.26056745801968734,0.0,0.5211349160393747,30.010000000000005,0.9380428488708744,0.10422698320787492
吉田　陣平, Jimpei   Yoshida,SH,サイドハーフ,27.37857142857143,0.32496389891696753,60.095238095238095,43.2129963898917,1.4620938628158844,9.368880866425993,25.047619047619047,57.900000000000006,1.5703971119133573,0.48736462093862815,12.5,0.703971119133574,46.16153846153846,1.1371841155234657,0.5957220216606499
塩浜　遼,Ryo Shiohama,SH,サイドハーフ,28.334615384615386,0.6867951163677984,169.19230769230768,25.890881342998853,1.1331552842426555,7.141728347958795,50.15384615384615,58.995,2.6440289965661963,2.0946203739030906,19.753086419753085,2.4380007630675316,28.170422535211266,0.5494086226631058,2.02577260587562
五十嵐　太陽,Taiyo Igarashi,SH,サイドハーフ,28.72432432432432,,137.16216216216216,,,,44.24324324324324,,,,,,,,
中野　克哉,Katsuya Nakano,SH,サイドハーフ,28.81764705882353,0.7700611246943765,135.2941176470588,37.62836185819071,2.0904645476772616,10.01189486552567,34.23529411764706,73.91304347826086,1.9804400977995111,0.9902200488997556,0.0,2.860635696821516,26.91923076923077,0.7701711491442542,1.8704156479217602
石川　俊輝,Toshiki Ishikawa,SH,サイドハーフ,27.088461538461537,0.31707909162098663,110.26923076923077,33.82928739232577,1.9028974158183243,7.506260767423649,41.15384615384615,60.0,1.0219263899765074,0.7047768206734535,17.857142857142858,1.4447924823805796,21.946341463414633,0.7400156617071261,0.10571652310101802
粟飯原　尚平,Shohei Aihara,SH,サイドハーフ,27.5325,0.40964339908952957,96.4,35.16691957511381,0.9559939301972686,6.623467374810319,30.375,42.857142857142854,1.6388467374810318,1.502276176024279,11.428571428571429,2.526555386949924,16.213513513513515,0.6145675265553869,0.6145675265553869
福井　和樹,Kazuki Fukui,SH,サイドハーフ,28.564102564102566,0.3112033195020747,149.30769230769232,27.38589211618257,1.4315352697095434,4.917385892116183,44.17948717948718,63.15263157894736,0.9336099585062241,0.8091286307053941,15.384615384615385,1.6182572614107882,19.230769230769234,0.4979253112033195,0.7468257261410788
森　勇人,Yuto Mori,SH,サイドハーフ,27.6625,0.6551061249241965,116.325,31.491813220133412,0.818677986658581,6.658690115221347,40.025,72.34468085106384,1.2553062462098241,0.6003638568829593,6.0606060606060606,3.9296543359611884,16.670833333333334,0.6003638568829593,1.8557792601576715
津久井　匠海,Takumi Tsukui,SH,サイドハーフ,29.013333333333332,0.8643006263048014,167.1,38.1419624217119,2.3674321503131526,9.018338204592903,42.733333333333334,55.9577981651376,2.3674321503131526,1.0521920668058455,20.454545454545457,3.6450939457202507,23.711340206185564,1.0897703549060542,2.2920501043841335
田村　亮介,Ryosuke Tamura,SH,サイドハーフ,29.182222222222222,0.8538790035587188,104.6,26.04982206405694,0.6405693950177935,4.804697508896797,30.68888888888889,38.46153846153847,1.281138790035587,1.1743772241992882,9.523809523809524,3.2028469750889683,26.66,0.42704626334519574,0.5338078291814946
アルトゥール　シルバ,Arthur Silva Feitoza,SH,サイドハーフ,27.05909090909091,0.15254237288135591,111.0,35.08474576271187,2.097457627118644,7.778516949152543,45.09090909090909,24.99375,0.9915254237288136,1.2966101694915255,9.090909090909092,0.6864406779661018,22.22222222222222,0.7245762711864406,0.15250423728813559
泉澤　仁,Jin Izumisawa,SH,サイドハーフ,27.085,1.8181818181818183,74.075,53.63636363636363,1.8181818181818183,19.091818181818184,29.15,83.34166666666668,6.363636363636363,1.8181818181818183,25.0,8.181818181818182,22.22222222222222,0.9090909090909092,9.091818181818184
渡邉　英祐,Eisuke Watanabe,SH,サイドハーフ,26.93548387096774,,79.3225806451613,,,,41.645161290322584,,,,,,,,
トーマス　モスキオン,Tomás Moschión,SH,サイドハーフ,25.5,0.39249890972525076,51.2,46.86436982119494,3.3754906236371562,8.636389010030529,45.5,20.0,0.9027474923680767,0.19624945486262538,0.0,1.2167466201482773,32.25806451612903,1.1774967291757523,0.03924989097252508
青島　太一,Taichi Aoshima,SH,サイドハーフ,26.3962962962963,,66.33333333333333,,,,36.81481481481482,,,,,,,,
坂井　駿也,Shunya Sakai,SH,サイドハーフ,28.12222222222222,0.12195121951219512,75.87272727272727,44.75609756097561,1.951219512195122,6.5843902439024395,27.745454545454546,66.66666666666666,0.7317073170731708,0.6097560975609756,0.0,0.8536585365853658,14.285714285714285,0.6097560975609756,0.4878048780487805
小西　陽向,Hinata Konishi,SH,サイドハーフ,28.178125,0.6714179104477611,155.09375,25.410447761194032,1.5671641791044777,6.884048507462688,47.375,40.47857142857143,1.007462686567164,0.8955223880597015,3.7037037037037033,2.4626865671641793,27.263636363636362,0.5597014925373135,0.9515485074626866
嶋田　慎太郎,Shintaro Shimada,SH,サイドハーフ,28.361538461538462,1.3351780415430266,87.46153846153847,50.47477744807122,1.3353115727002969,9.079985163204748,28.134615384615383,50.01,2.537091988130564,0.40059347181008903,7.6923076923076925,2.937685459940653,45.449999999999996,0.8011869436201781,0.6677893175074184
吉平　翼,Tsubasa Yoshihira,SH,サイドハーフ,28.225,0.5362909632571996,171.1,35.03475670307845,2.636544190665343,7.954051638530288,49.0,47.82608695652174,2.3684210526315788,1.4746772591857,16.9811320754717,2.904667328699106,18.463076923076922,0.9831181727904666,0.9831181727904666
吉尾　虹樹,Koju Yoshio,SH,サイドハーフ,27.25277777777778,,83.94444444444444,,,,40.583333333333336,,,,,,,,
利根　瑠偉,Rui Tone,SH,サイドハーフ,28.305405405405406,0.7544910179640718,118.63157894736842,31.04191616766467,1.8323353293413174,7.54480239520958,35.3421052631579,61.11944444444445,1.7245508982035929,1.18562874251497,6.666666666666667,2.802395209580838,26.923076923076923,0.4311377245508982,2.371580838323353
加藤　大樹,Taiki Kato,SH,サイドハーフ,29.03720930232558,1.0206238185255199,156.32558139534885,29.943289224952743,2.381852551984877,4.762514177693761,41.58139534883721,44.45555555555556,1.1909262759924386,1.3610586011342156,18.75,3.232514177693762,31.573684210526316,0.6805293005671078,0.6806994328922495
瀬畠　義成,Gijo Sehata,SH,サイドハーフ,26.307142857142857,,61.785714285714285,,,,27.464285714285715,,,,,,,,
藤川　虎太朗,Kotaro Fujikawa,SH,サイドハーフ,26.690322580645162,,84.16129032258064,,,,37.483870967741936,,,,,,,,
世瀬　啓人,Hiroto Sese,SH,サイドハーフ,25.54,0.09448818897637795,54.7,59.811023622047244,2.1259842519685037,11.52708661417323,27.5,50.0,0.47244094488188976,0.3307086614173228,9.523809523809524,0.1889763779527559,50.0,0.5669291338582677,0.09448818897637795
佐相　壱明,Kazuaki Saso,SH,サイドハーフ,28.686046511627907,0.38987001733102256,140.09302325581396,26.048526863084923,1.9497400346620453,6.316377816291162,34.093023255813954,52.38095238095239,1.0918544194107451,0.5459272097053726,7.6923076923076925,2.339688041594454,16.663333333333334,0.46793760831889086,0.8578856152512998
庄司　悦大,Yoshihiro Shoji,SH,サイドハーフ,26.119999999999997,0.14331210191082802,59.3,58.041401273885356,0.9076433121019107,12.947340764331212,31.5,0.0,0.7643312101910827,0.3343949044585987,6.666666666666667,0.6210191082802548,23.076923076923077,0.6210191082802548,0.0
狩野　海晟,Kaisei  Kano,SH,サイドハーフ,26.73225806451613,,74.12903225806451,,,,32.74193548387097,,,,,,,,
岩岸　宗志,Soshi Iwagishi,SH,サイドハーフ,29.94047619047619,0.8241631973355537,101.30952380952381,24.504579517069107,0.5995004163197336,5.3207160699417155,26.595238095238095,48.48787878787879,2.3230641132389676,2.847626977518735,8.695652173913043,2.922564529558701,28.199999999999996,0.37468776019983346,1.1990757701915071
曽田　一騎,Kazuki Sota,SH,サイドハーフ,28.790625,,170.34375,,,,51.6875,,,,,,,,
箱崎　達也,Tatsuya Hakozaki,SH,サイドハーフ,26.4,,70.54838709677419,,,,37.645161290322584,,,,,,,,
滝　裕太,Yuta Taki,SH,サイドハーフ,28.106060606060606,0.7176423690205012,105.66666666666667,19.886104783599087,1.0250569476082005,5.740421412300684,31.78787878787879,65.21739130434783,2.152619589977221,1.3325740318906607,0.0,2.7676537585421412,25.92962962962963,0.41002277904328016,1.5375854214123008
棚橋　尭士,Akito Tanahashi,SH,サイドハーフ,28.26206896551724,0.26239067055393583,112.13793103448276,27.026239067055393,1.3119533527696792,5.508629737609329,41.41379310344828,38.44615384615384,1.3119533527696792,2.6239067055393583,21.428571428571427,1.8367346938775508,14.285714285714285,1.0495626822157433,1.3114285714285714
茂木　駿佑,Shunsuke Motegi,SH,サイドハーフ,28.11176470588235,,111.47058823529412,,,,35.61764705882353,,,,,,,,
関野　元弥,Genya Sekino,SH,サイドハーフ,26.25,,74.84375,,,,38.09375,,,,,,,,
下澤　悠太,Yuta Shimozawa,SH,サイドハーフ,26.88,0.25961338718984417,80.06666666666666,31.783035199076746,2.1811886901327178,7.633796884016157,31.933333333333334,33.33333333333333,0.8309290248124639,0.41546451240623195,5.0,1.6099249855741489,16.125806451612902,0.7789959607616849,0.10386612810155799
江口　直生,Nao Eguchi,SH,サイドハーフ,25.296666666666667,0.38266737513283744,31.633333333333333,39.11795961742827,1.7215727948990438,8.704080765143464,19.5,0.0,0.8607863974495219,0.2869287991498406,21.428571428571427,0.6695005313496281,57.15714285714286,0.5738575982996812,0.0
芳賀　日陽,Asahi Haga,SH,サイドハーフ,27.459375,0.0,100.65625,25.01865671641791,3.3582089552238803,3.3583768656716417,31.53125,25.0,0.6716417910447761,1.007462686567164,25.0,0.8395522388059701,0.0,0.6716417910447761,0.16791044776119401
牧山　晃政,Kosei Makiyama,SH,サイドハーフ,28.475,0.6162328767123287,111.64516129032258,27.534246575342465,1.2328767123287672,5.137191780821918,37.645161290322584,16.666666666666664,1.2328767123287672,1.0273972602739725,28.57142857142857,2.8767123287671232,21.42142857142857,1.8493150684931505,0.2054794520547945
加藤　丈,Joe Caletti,SH,サイドハーフ,27.842857142857145,,123.0,,,,43.285714285714285,,,,,,,,
三好　麟大,Rinta  Miyoshi,SH,サイドハーフ,29.07222222222222,,138.11111111111111,,,,38.27777777777778,,,,,,,,
須藤　直輝,Naoki   Suto,SH,サイドハーフ,28.13103448275862,,167.93103448275863,,,,52.62068965517241,,,,,,,,
吉野　陽翔,Haruto Yoshino,SH,サイドハーフ,26.26206896551724,,67.65517241379311,,,,36.793103448275865,,,,,,,,
熊谷　アンドリュー,Andrew Kumagai,SH,サイドハーフ,25.95294117647059,0.11508951406649617,35.588235294117645,79.06649616368286,3.1074168797953963,18.877212276214838,21.61764705882353,0.0,1.381074168797954,0.11508951406649617,0.0,0.5754475703324808,20.0,1.2659846547314577,0.0
國分　将,Masashi Kokubun,SH,サイドハーフ,27.968571428571426,1.0758167330677293,88.51428571428572,40.87649402390438,1.792828685258964,11.353505976095617,27.314285714285713,59.99333333333332,2.2709163346613543,0.2390438247011952,20.0,3.2270916334661357,33.33703703703704,0.4780876494023904,1.075577689243028
藤村　怜,Ren Fujimura,SH,サイドハーフ,27.857142857142858,,152.96428571428572,,,,46.892857142857146,,,,,,,,
嫁阪　翔太,Shota Yomesaka,SH,サイドハーフ,28.087500000000002,0.24556616643929058,82.875,23.63574351978172,1.4733969986357434,4.481214188267394,24.833333333333332,58.333333333333336,1.2892223738062756,1.718963165075034,14.634146341463413,1.3506139154160983,18.181818181818183,0.30695770804911326,1.2892223738062756
竹内　崇人,Takato  Takeuchi,SH,サイドハーフ,26.8125,,97.25,,,,43.875,,,,,,,,
前田　泰良,Taira Maeda,SH,サイドハーフ,26.991304347826084,0.5509448818897638,74.43478260869566,38.11023622047244,2.283464566929134,8.50511811023622,32.08695652173913,50.0,1.0236220472440944,0.23622047244094488,12.5,2.047244094488189,26.91153846153846,1.1023622047244095,0.31496062992125984
松岡　大智,Daichi Matsuoka,SH,サイドハーフ,27.276190476190475,0.39797852179406185,84.76190476190476,27.06253948199621,1.2507896399241945,9.26744156664561,28.428571428571427,67.81379310344829,2.3310170562223624,1.137081490840177,8.51063829787234,3.2975363234365127,12.068965517241379,0.28427037271004424,3.354276689829438
後藤　優介,Yusuke Goto,SH,サイドハーフ,28.5,,134.875,,,,46.666666666666664,,,,,,,,
山田　貴文,Takafumi Yamada,SH,サイドハーフ,27.8,0.869343206696716,101.6842105263158,35.350933676754664,1.2169993560849968,7.417958789439794,38.0,66.66666666666666,1.5067611075338054,0.5215711526078557,12.5,2.6658081133290406,32.61086956521739,0.7533805537669027,0.5795235028976174
横山　智也,Tomoya Yokoyama,SH,サイドハーフ,28.426666666666666,0.5065666041275797,89.46666666666667,44.57786116322701,1.8574108818011257,7.0919324577861165,32.733333333333334,45.46363636363637,1.5196998123827392,1.5196998123827392,7.6923076923076925,2.026266416510319,25.0,1.0131332082551594,0.8444465290806754
土佐　陸翼,Riku  Tosa,SH,サイドハーフ,27.29,,120.95,,,,47.65,,,,,,,,
福田　望久斗,Mikuto Fukuda,SH,サイドハーフ,27.735714285714288,,124.07142857142857,,,,50.892857142857146,,,,,,,,
森　俊貴,Toshiki Mori,SH,サイドハーフ,29.075757575757574,,142.0909090909091,,,,36.484848484848484,,,,,,,,
中村　仁郎,Jiro Nakamura,SH,サイドハーフ,27.45625,0.45211055276381906,105.90625,32.41206030150754,1.206030150753769,7.385879396984925,37.21875,45.445454545454545,1.8090452261306533,0.6030150753768845,11.11111111111111,2.412060301507538,18.74375,0.45226130653266333,2.260854271356784
新垣　貴之,Takayuki Arakaki,SH,サイドハーフ,27.858823529411765,0.25052192066805845,161.05882352941177,30.81419624217119,1.6910229645093944,6.451002087682673,42.588235294117645,47.61904761904761,1.3152400835073068,0.6263048016701461,11.11111111111111,1.4405010438413361,17.391304347826086,0.31315240083507306,0.6263048016701461
森田　凜,Rin Morita,SH,サイドハーフ,27.34242424242424,0.0,69.0,30.65015479876161,4.458204334365325,5.294117647058823,24.363636363636363,0.0,0.2786377708978328,0.2786377708978328,0.0,0.0,0.0,0.2786377708978328,0.0
髙橋　大悟,Daigo Takahashi,SH,サイドハーフ,27.405555555555555,,90.44444444444444,,,,39.55555555555556,,,,,,,,
杉本　蓮,Ren Sugimoto,SH,サイドハーフ,29.44193548387097,,165.0,,,,38.70967741935484,,,,,,,,
川谷　凪,Nagi Kawatani,SH,サイドハーフ,29.910344827586208,,152.0344827586207,,,,40.0,,,,,,,,
圓道　将良,Masayoshi Endo,SH,サイドハーフ,28.09,,100.4,,,,35.03333333333333,,,,,,,,
佐藤　諒,Ryo Sato,SH,サイドハーフ,28.13,,121.23333333333333,,,,36.166666666666664,,,,,,,,
布施谷　翔,Sho Fuseya,SH,サイドハーフ,28.4,1.0130232558139536,160.35,40.78019504876219,2.2955738934733683,10.127059264816205,43.6,40.543243243243246,2.970742685671418,1.282820705176294,5.555555555555555,4.186046511627907,24.200000000000003,1.0127531882970742,1.012820705176294
加藤　弘堅,Koken Kato,SH,サイドハーフ,26.756521739130434,0.32249999999999995,47.65217391304348,70.56451612903226,2.2580645161290325,16.13016129032258,20.695652173913043,80.00666666666667,1.0483870967741935,0.24193548387096775,6.25,1.2903225806451613,24.99375,1.0483870967741935,0.9678225806451614
田中　稔也,Toshiya Tanaka,SH,サイドハーフ,26.470967741935485,,53.806451612903224,,,,29.225806451612904,,,,,,,,
幸喜　祐心,Yushin Koki,SH,サイドハーフ,27.055555555555557,0.0,70.88888888888889,31.577017114914423,1.8704156479217602,5.940660146699266,28.833333333333332,28.57142857142857,0.8801955990220048,0.8801955990220048,13.333333333333334,1.1002444987775062,0.0,0.33007334963325186,0.2200488997555012
東出　壮太,Sota Higashide,SH,サイドハーフ,27.23,0.28586973788721204,94.0,23.089753772835586,1.3582208101667992,3.716949960285941,35.9,36.84210526315789,1.0007942811755361,0.857823669579031,0.0,1.3582208101667992,21.047368421052628,0.6433677521842732,0.5003971405877681
藤森　亮志,Ryoji Fujimori,SH,サイドハーフ,29.155172413793103,0.8635251798561152,144.79310344827587,25.467625899280577,2.805755395683453,8.200791366906474,35.310344827586206,45.47272727272728,1.5107913669064748,1.7266187050359711,0.0,3.0215827338129495,28.57857142857143,0.0,1.079568345323741
齋藤　学,Manabu Saito,SH,サイドハーフ,26.986792452830187,1.7873617021276595,46.84905660377358,44.42553191489362,1.5319148936170213,12.257106382978723,14.641509433962264,63.80000000000001,5.744680851063829,1.1489361702127658,13.333333333333334,8.042553191489363,22.223809523809525,1.021276595744681,4.723914893617022
遠藤　光,Hikaru Endo,SH,サイドハーフ,25.51875,0.22084219133278823,38.875,37.604251839738346,1.839738348323794,6.992035977105477,24.1875,50.0,0.588716271463614,0.588716271463614,14.285714285714285,0.588716271463614,37.5125,0.44153720359771054,0.1471790678659035
山中　惇希,Atsuki Yamanaka,SH,サイドハーフ,30.0,,236.0,,,,56.68421052631579,,,,,,,,
大橋　尚志,Hisashi  Ohashi,SH,サイドハーフ,25.756521739130434,,43.21739130434783,,,,26.26086956521739,,,,,,,,
山口　一真,Kazuma Yamaguchi,SH,サイドハーフ,28.576,0.48448869752421964,92.0,36.329386437029065,1.0656620021528525,8.23524219590958,22.88,47.37368421052632,1.743810548977395,1.4531754574811624,9.67741935483871,4.26264800861141,11.365909090909092,0.0,0.8720021528525297
中山　陸,Riku Nakayama,SH,サイドハーフ,27.92142857142857,,132.14285714285714,,,,54.285714285714285,,,,,,,,
松原　亘紀,Koki Matsubara,SH,サイドハーフ,27.89375,0.0,118.75,32.590308370044056,2.537444933920705,6.978290748898678,38.375,27.766666666666662,0.39647577092511016,0.7136563876651982,0.0,0.6343612334801763,0.0,0.47577092511013214,0.39631718061674004
藤井　建悟,Kengo Fujii,SH,サイドハーフ,29.044999999999998,,185.5,,,,48.95,,,,,,,,
バスケス　バイロン,Byron Gustavo Andrés Vásquez Maragaño,SH,サイドハーフ,28.957142857142856,,226.85714285714286,,,,62.285714285714285,,,,,,,,
田中　直基,Naoki Tanaka,SH,サイドハーフ,28.62142857142857,0.33794366197183096,107.92857142857143,27.549295774647888,0.8450704225352113,6.337943661971832,28.642857142857142,50.0,0.76056338028169,1.267605633802817,15.0,1.6901408450704225,19.994999999999997,0.676056338028169,0.08450704225352113
宇都木　峻,Shun Utsugi,SH,サイドハーフ,26.75,,86.4,,,,33.8,,,,,,,,
道本　大飛,Hiroto Domoto,SH,サイドハーフ,27.075,0.08661849710982658,58.6875,28.872832369942195,1.7341040462427744,5.724450867052025,28.125,44.813793103448276,1.1271676300578035,1.2138728323699421,0.0,2.0809248554913293,4.1625,0.4335260115606936,1.1268208092485548
三門　雄大,Yuta Mikado,SH,サイドハーフ,26.76521739130435,0.7010710808179162,72.69565217391305,32.24926971762415,1.4021421616358325,6.222005842259007,27.347826086956523,0.0,1.314508276533593,0.8763388510223954,12.5,2.190847127555988,32.0,0.8763388510223954,0.0
楠　大樹,Daiki Kusunoki,SH,サイドハーフ,30.954545454545453,0.9954325955734405,218.9090909090909,26.98189134808853,1.267605633802817,6.337213279678067,44.45454545454545,41.663888888888884,2.0824949698189132,1.539235412474849,0.0,5.704225352112676,17.45079365079365,0.9054325955734407,1.3580583501006036
植田　啓太,Keita Ueda,SH,サイドハーフ,26.9875,1.0021153846153847,74.9375,30.789473684210527,1.45748987854251,7.377995951417004,30.375,38.46153846153847,1.2753036437246963,0.6376518218623481,5.88235294117647,2.459514170040486,40.74444444444445,0.6376518218623481,0.45546558704453444
芦部　晃生,Kosei Ashibe,SH,サイドハーフ,30.0875,,263.75,,,,58.0,,,,,,,,
石浦　大雅,Taiga Ishiura,SH,サイドハーフ,27.033333333333335,,77.13333333333334,,,,34.13333333333333,,,,,,,,
碓井　鉄平,Teppei Usui,SH,サイドハーフ,25.942857142857143,0.0967741935483871,42.785714285714285,60.87096774193549,2.903225806451613,12.193645161290323,23.285714285714285,100.0,0.6774193548387097,0.0967741935483871,0.0,0.8709677419354839,11.11111111111111,0.6774193548387097,0.0967741935483871
武沢　一翔,Kazuto Takezawa,SH,サイドハーフ,27.914285714285715,0.596585635359116,143.28571428571428,24.563535911602212,1.7900552486187844,5.867900552486187,45.142857142857146,44.44444444444444,1.5911602209944753,1.7900552486187844,9.523809523809524,2.386740331491713,24.99583333333333,0.6961325966850829,0.3977900552486188
小林　里駆,Riku Kobayashi,SH,サイドハーフ,27.052941176470586,0.0,78.47058823529412,26.20879120879121,0.7417582417582418,6.1820604395604395,29.764705882352942,66.66666666666666,0.989010989010989,0.4945054945054945,33.33333333333333,2.4725274725274726,0.0,0.7417582417582418,1.978021978021978
鏑木　瑞生,Mizuki  Kaburaki,SH,サイドハーフ,27.025,0.18711018711018712,55.71875,28.62785862785863,1.683991683991684,6.922889812889813,21.5625,80.0,1.683991683991684,0.37422037422037424,0.0,1.1226611226611227,16.666666666666664,1.496881496881497,0.7484407484407485
福田　晃斗,Akito Fukuta,SH,サイドハーフ,27.145454545454548,,118.27272727272727,,,,53.18181818181818,,,,,,,,
毛利　駿也,Shunya Mouri,SH,サイドハーフ,27.903448275862072,0.8430913348946136,68.86206896551724,38.78220140515222,3.3723653395784545,10.117306791569089,22.655172413793103,0.0,1.053864168618267,0.2107728337236534,0.0,1.6861826697892273,50.0,1.053864168618267,0.0
山本　凌太郎,Ryotaro Yamamoto,SH,サイドハーフ,26.771428571428572,0.10627659574468083,51.07142857142857,44.57446808510638,1.702127659574468,10.108404255319149,21.714285714285715,54.54545454545454,0.7446808510638298,0.425531914893617,7.6923076923076925,0.7446808510638298,14.27142857142857,1.0638297872340425,0.6382978723404256
吉田　篤志,Atsushi Yoshida,SH,サイドハーフ,28.59130434782609,,116.8695652173913,,,,31.304347826086957,,,,,,,,
遠山　悠希,Haruki Toyama,SH,サイドハーフ,26.934615384615384,1.3751528384279474,53.69230769230769,56.5938864628821,1.7685589519650655,14.53951965065502,17.76923076923077,63.64545454545455,1.3755458515283843,0.5895196506550218,0.0,2.7510917030567685,49.98571428571428,0.3930131004366812,1.3757423580786026
ターレス,Thales,SH,サイドハーフ,30.6,,205.23529411764707,,,,43.588235294117645,,,,,,,,
瀬良　俊太,Shunta Sera,SH,サイドハーフ,26.35,0.11508951406649617,42.7,52.36572890025575,2.762148337595908,9.437109974424553,28.4,30.0,0.4603580562659847,0.3452685421994885,0.0,0.9207161125319694,12.5,0.5754475703324808,0.3452685421994885
青木　拓矢,Takuya Aoki,SH,サイドハーフ,24.3,0.11571428571428571,15.25,57.79922779922779,2.5482625482625485,12.623861003861006,8.75,60.0,1.1583011583011582,0.11583011583011582,0.0,1.1583011583011582,9.989999999999998,0.5791505791505791,0.3474903474903475
大迫　塁,Rui Osako,SH,サイドハーフ,26.84375,,68.625,,,,33.75,,,,,,,,
吉永　大志,Hiroshi Yoshinaga,SH,サイドハーフ,26.366666666666667,0.6120408163265305,49.189189189189186,66.3265306122449,0.8163265306122449,14.288163265306121,16.0,50.0,2.2448979591836737,0.40816326530612246,20.0,1.6326530612244898,37.4875,0.40816326530612246,0.40816326530612246
渡井　翔琉,Kakeru Watai,SH,サイドハーフ,27.92142857142857,,96.78571428571429,,,,35.642857142857146,,,,,,,,
夏川　大和,Yamato Natsukawa,SH,サイドハーフ,29.099999999999998,0.43973941368078173,132.66666666666666,20.960912052117262,0.7328990228013029,6.89042345276873,32.888888888888886,52.94117647058824,1.6123778501628665,1.0260586319218241,5.0,2.785016286644951,15.789473684210526,0.5863192182410424,2.6384364820846904
魚里　直哉,Naoya Uozato,SH,サイドハーフ,29.377777777777776,0.6164383561643836,116.22222222222223,24.164383561643838,1.9726027397260275,5.178082191780822,24.555555555555557,50.0,1.1095890410958904,0.3698630136986301,0.0,2.712328767123288,22.727272727272727,0.3698630136986301,0.7397260273972602
和田　拓也,Takuya Wada,SH,サイドハーフ,27.726666666666667,0.0,68.93333333333334,49.19332406119611,2.3783031988873433,11.514242002781643,22.133333333333333,66.70000000000002,0.7510431154381085,0.37552155771905427,28.57142857142857,0.7510431154381085,0.0,0.7510431154381085,0.2504728789986092
イム　ジフン,Ji-hoon Lim,SH,サイドハーフ,26.505555555555556,,54.55555555555556,,,,20.666666666666668,,,,,,,,
佐々木　敦河,Taiga Sasaki,SH,サイドハーフ,27.7,,119.53333333333333,,,,41.0,,,,,,,,
中村　翼,Tsubasa Nakamura,SH,サイドハーフ,28.84444444444445,,121.38888888888889,,,,34.55555555555556,,,,,,,,
風間　宏希,Koki Kazama,SH,サイドハーフ,26.226666666666667,,60.733333333333334,,,,21.0,,,,,,,,
エンリック　マルティネス,Enric Martínez Ros,SH,サイドハーフ,26.315384615384616,,44.15384615384615,,,,28.76923076923077,,,,,,,,
ジョアオ,Joao,SH,サイドハーフ,26.55,,61.25,,,,36.833333333333336,,,,,,,,
村田　迅,Jin Murata,SH,サイドハーフ,27.763636363636362,,117.36363636363636,,,,44.18181818181818,,,,,,,,
鈴木　国友,Kunitomo Suzuki,SH,サイドハーフ,28.922222222222224,,127.88888888888889,,,,33.27777777777778,,,,,,,,
吉長　真優,Mahiro Yoshinaga,SH,サイドハーフ,27.857894736842102,2.3684210526315788,86.6842105263158,37.89473684210526,2.3684210526315788,14.210526315789473,26.94736842105263,50.0,7.105263157894736,0.0,0.0,9.473684210526315,25.0,0.0,2.3684210526315788
パク　スビン,Su-bin Park,SH,サイドハーフ,27.8,0.2803738317757009,75.625,58.45794392523365,2.2429906542056073,12.620327102803738,27.875,50.0,1.4018691588785046,0.2803738317757009,0.0,0.9813084112149533,28.57142857142857,0.8411214953271028,0.14018691588785046
藤村　慶太,Keita Fujimura,SH,サイドハーフ,26.692857142857143,,57.142857142857146,,,,21.142857142857142,,,,,,,,
山谷　侑士,Yushi Yamaya,SH,サイドハーフ,29.75,,135.85714285714286,,,,35.714285714285715,,,,,,,,
伊藤　拓巳,Takumi Ito,SH,サイドハーフ,27.91818181818182,0.7165605095541401,86.18181818181819,27.372611464968152,1.1464968152866242,7.021863057324841,26.0,43.737500000000004,2.7229299363057327,0.5732484076433121,16.666666666666664,3.2961783439490446,21.73913043478261,0.8598726114649681,2.005796178343949
西丸　道人,Minto Nishimaru,SH,サイドハーフ,28.8,,130.83333333333334,,,,37.333333333333336,,,,,,,,
清水　祐輔,Yusuke Shimizu,SH,サイドハーフ,27.1,1.1538461538461537,59.57142857142857,53.07692307692308,1.1538461538461537,16.153846153846153,20.285714285714285,0.0,0.0,0.0,0.0,3.4615384615384617,33.33333333333333,0.0,0.0
稲葉　修土,Shuto Inaba,SH,サイドハーフ,26.18125,,40.3125,,,,21.875,,,,,,,,
野瀬　龍世,Ryusei Nose,SH,サイドハーフ,29.211764705882356,,124.58823529411765,,,,34.11764705882353,,,,,,,,
坪郷　来紀,Raiki Tsubogo,SH,サイドハーフ,28.930769230769233,,121.53846153846153,,,,34.30769230769231,,,,,,,,
小松　寛太,Kanta Komatsu,SH,サイドハーフ,28.657142857142855,0.0,180.14285714285714,33.54838709677419,1.935483870967742,5.483387096774194,47.285714285714285,63.63636363636363,0.8064516129032258,0.6451612903225806,0.0,1.2903225806451613,0.0,0.8064516129032258,1.1290322580645162
弓削　翼,Tsubasa  Yuge,SH,サイドハーフ,27.133333333333336,0.16649999999999998,93.0,51.666666666666664,2.3333333333333335,12.669833333333335,43.0,0.0,1.8333333333333335,0.6666666666666667,9.090909090909092,0.6666666666666667,24.974999999999998,1.0,0.0
齋藤　恵太,Keita Saito,SH,サイドハーフ,31.220000000000002,,138.66666666666666,,,,27.6,,,,,,,,
永長　鷹虎,Takatora Einaga,SH,サイドハーフ,27.524,1.1920529801324504,53.04,45.29801324503311,0.5960264900662252,16.688741721854306,17.8,58.333333333333336,4.768211920529802,1.7880794701986755,25.0,7.748344370860927,15.384615384615385,1.1920529801324504,8.344370860927153
櫻井　文陽,Ayahi Sakurai,SH,サイドハーフ,27.099999999999998,,118.42857142857143,,,,54.857142857142854,,,,,,,,
川上　航立,Kotatsu  Kawakami,SH,サイドハーフ,26.063636363636363,,58.90909090909091,,,,30.0,,,,,,,,
樋口　叶,Kakeru Higuchi,SH,サイドハーフ,26.571428571428573,,49.0,,,,27.428571428571427,,,,,,,,
米澤　令衣,Rei Yonezawa,SH,サイドハーフ,29.161538461538463,,70.38461538461539,,,,19.115384615384617,,,,,,,,
長谷川　アーリアジャスール,Aria Jasuru Hasegawa,SH,サイドハーフ,23.66,0.0,8.6,81.81818181818181,1.7960088691796008,14.769578713968958,8.4,0.0,0.5986696230598669,0.19955654101995565,0.0,0.0,0.0,0.7982261640798226,0.0
大渕　来珠,Raiju Obuchi,SH,サイドハーフ,28.78,0.6136363636363636,177.0,21.272727272727273,1.4318181818181817,6.341318181818182,56.6,61.55384615384616,1.4318181818181817,0.6136363636363636,0.0,3.477272727272727,17.647058823529413,0.8181818181818181,1.6367727272727275
酒井　達磨,Tatsuma Sakai,SH,サイドハーフ,28.71764705882353,0.3673469387755102,76.11764705882354,23.877551020408166,2.571428571428571,4.775877551020409,22.11764705882353,33.33333333333333,1.469387755102041,1.8367346938775508,16.666666666666664,1.8367346938775508,20.0,0.3673469387755102,0.7346938775510204
堀越　大蔵,Daizo Horikoshi,SH,サイドハーフ,28.700000000000003,,175.77777777777777,,,,47.44444444444444,,,,,,,,
塚元　大,Dai Tsukamoto,SH,サイドハーフ,28.27777777777778,0.0,78.22222222222223,19.01719901719902,1.769041769041769,3.3167321867321866,27.0,21.428571428571427,0.6633906633906634,0.22113022113022113,0.0,0.6633906633906634,0.0,0.44226044226044225,0.6633906633906634
前田　陸王,Rio Maeda,SH,サイドハーフ,27.131249999999998,0.0,72.1875,27.0,4.5,0.0,26.4375,0.0,2.25,0.0,0.0,2.25,0.0,0.0,0.0
田鎖　勇作,Yusaku Takusari,SH,サイドハーフ,26.633333333333336,,85.83333333333333,,,,36.833333333333336,,,,,,,,
常安　澪,Tsuneyasu Mio,SH,サイドハーフ,29.185714285714287,0.4639175257731959,153.14285714285714,43.376288659793815,3.2474226804123707,8.814664948453608,36.285714285714285,28.57142857142857,2.551546391752577,1.1597938144329896,0.0,1.6237113402061853,28.57142857142857,1.1597938144329896,0.9278350515463918
椎名　伸志,Nobuyuki Shiina,SH,サイドハーフ,29.45,0.44554455445544555,102.0,22.5,1.3366336633663365,5.569306930693069,36.5,22.21111111111111,1.5594059405940595,1.113861386138614,0.0,2.227722772277228,20.0,0.44554455445544555,0.44532178217821783
中塩　大貴,Daiki Nakashio,SH,サイドハーフ,27.37777777777778,,95.55555555555556,,,,29.88888888888889,,,,,,,,
小堀　空,Sora Kobori,SH,サイドハーフ,27.70909090909091,,81.72727272727273,,,,33.0,,,,,,,,
若谷　拓海,Takumi Wakaya,SH,サイドハーフ,27.225,1.1685974025974024,57.75,44.64935064935065,0.7012987012987013,10.051012987012987,20.0,50.01428571428572,3.74025974025974,1.4025974025974026,9.090909090909092,6.779220779220779,17.237931034482756,1.6363636363636362,1.636831168831169
植田　悠太,Yuta Ueda,SH,サイドハーフ,26.5,0.0,35.5,56.45669291338583,2.5984251968503935,11.343779527559056,5.0,62.4875,1.1811023622047243,0.0,0.0,3.0708661417322833,0.0,0.7086614173228346,1.1808661417322834
鈴木　隆雅,Ryuga Suzuki,SH,サイドハーフ,29.785714285714285,,180.125,,,,40.5,,,,,,,,
下上　昇大,Shota Shimogami,SH,サイドハーフ,27.0,0.7716857142857143,57.5,46.28571428571428,4.628571428571428,8.2332,23.5,0.0,1.2857142857142856,0.2571428571428571,50.0,2.057142857142857,37.5125,0.5142857142857142,0.0
住田　将,Sho Sumida,SH,サイドハーフ,27.689999999999998,0.2875399361022364,87.2,48.30670926517572,2.587859424920128,14.379009584664537,20.4,0.0,0.8626198083067093,0.8626198083067093,0.0,1.1501597444089455,25.0,1.1501597444089455,0.0
佐藤　璃樹,Riki Sato,SH,サイドハーフ,26.9875,0.0,71.625,38.80239520958084,2.4251497005988023,8.623832335329341,27.125,50.0,0.2694610778443114,0.5389221556886228,0.0,0.5389221556886228,0.0,1.347305389221557,0.2694610778443114
土館　賢人,Kento Dodate,SH,サイドハーフ,25.77777777777778,0.2719033232628399,25.88888888888889,55.74018126888217,2.719033232628399,10.334501510574016,11.555555555555555,0.0,0.0,0.2719033232628399,0.0,0.2719033232628399,100.0,0.5438066465256798,0.0
石山　青空,Aozora Ishiyama,SH,サイドハーフ,25.41111111111111,,24.88888888888889,,,,19.77777777777778,,,,,,,,
豊田　晃大,Koki Toyoda,SH,サイドハーフ,27.655555555555555,0.27607361963190186,49.0,26.226993865030675,1.932515337423313,5.2459509202453996,20.11111111111111,66.66666666666666,1.1042944785276074,0.27607361963190186,0.0,0.27607361963190186,100.0,0.5521472392638037,0.5521472392638037
吉田　桂介, Keisuke Yoshida,SH,サイドハーフ,24.6,,14.75,,,,21.5,,,,,,,,
長野　星輝,Shoki  Nagano,SH,サイドハーフ,30.875,0.28391167192429023,199.75,28.675078864353313,0.8517350157728707,7.948958990536277,45.25,38.88888888888889,5.962145110410095,2.271293375394322,10.0,2.271293375394322,12.5,0.8517350157728707,1.9873817034700316
鍵山　慶司,Keiji Kagiyama,SH,サイドハーフ,26.0,0.0,25.833333333333332,74.71153846153847,2.3076923076923075,15.578365384615385,15.166666666666666,0.0,0.8653846153846154,0.0,0.0,0.28846153846153844,0.0,2.019230769230769,0.0
金原　朝陽,Asahi  Kanehara,SH,サイドハーフ,27.95,,69.92857142857143,,,,21.857142857142858,,,,,,,,
