FB_Name,SC_Name,analysis_position_code,analysis_position_jp,raw_shot_conversion_rate_pct,win_shot_conversion_rate_pct,z_shot_conversion_rate_pct,imputed_shot_conversion_rate_pct,raw_out_box_shots_per90,win_out_box_shots_per90,z_out_box_shots_per90,imputed_out_box_shots_per90,raw_box_shots_per90,win_box_shots_per90,z_box_shots_per90,imputed_box_shots_per90,raw_shot_on_target_rate_pct,win_shot_on_target_rate_pct,z_shot_on_target_rate_pct,imputed_shot_on_target_rate_pct,raw_goals_per90,win_goals_per90,z_goals_per90,imputed_goals_per90,raw_aerial_wins_per90,win_aerial_wins_per90,z_aerial_wins_per90,imputed_aerial_wins_per90,raw_successful_forward_passes_per90,win_successful_forward_passes_per90,z_successful_forward_passes_per90,imputed_successful_forward_passes_per90,raw_last_passes_per90,win_last_passes_per90,z_last_passes_per90,imputed_last_passes_per90,raw_attacking_third_gains_per90,win_attacking_third_gains_per90,z_attacking_third_gains_per90,imputed_attacking_third_gains_per90,raw_sprint_count_full_all_per_match,win_sprint_count_full_all_per_match,z_sprint_count_full_all_per_match,imputed_sprint_count_full_all_per_match,imputed_count,imputed_ratio,cluster_id,cluster_distance_to_center,distance_to_cluster_center_0,score_cluster_0,score_cluster_1,score_cluster_2,score_cluster_3,rank_cluster_0,rank_cluster_1,rank_cluster_2,rank_cluster_3
橋本　啓吾,Keigo Hashimoto,FW,フォワード,14.285714285714285,14.285714285714285,0.318729,0,0.547550432276657,0.547550432276657,0.137885,0,1.873198847262248,1.873198847262248,-0.01646,0,29.76071428571429,29.76071428571429,-0.376435,0,0.345821325648415,0.345821325648415,0.320584,0,5.590259365994236,5.590259365994236,1.250375,0,2.420806916426513,2.420806916426513,-0.149924,0,1.0086455331412103,1.0086455331412103,0.155136,0,0.2593659942363112,0.2593659942363112,-0.876022,0,14.627118644067796,13.410800000000004,2.670001,0,0,0.0,0,2.988913,2.9889129263645335,-2.9889129263645335,0.262878,1.389051,-1.025946,69,37,26,97
佐藤　碧,Aoi Sato,FW,フォワード,6.0,6.0,-0.804562,0,0.895310279488394,0.895310279488394,1.379257,0,1.1084793936522974,1.1084793936522974,-1.065498,0,25.52978723404255,25.52978723404255,-0.762727,0,0.127901468498342,0.127901468498342,-0.886014,0,0.9378588346755092,0.9378588346755092,-0.979769,0,3.197621980104216,3.197621980104216,0.450494,0,1.1084793936522974,1.1084793936522974,0.4128,0,0.8526764566556135,0.8526764566556135,1.470309,0,7.924528301886792,7.924528301886792,0.588398,0,0,0.0,3,2.230344,3.3057340198140563,-3.3057340198140563,-2.453303,-1.6324670000000001,1.920803,78,105,92,16
富樫　佑太,Yuta Togashi,FW,フォワード,3.636363636363636,3.636363636363636,-1.124999,0,0.9222886421861656,0.9222886421861656,1.47556,0,1.1912894961571308,1.1912894961571308,-0.9519,0,27.27272727272727,27.27272727272727,-0.603593,0,0.0768573868488471,0.0768573868488471,-1.16864,0,0.8070794192997438,0.8070794192997438,-1.042459,0,3.612566182749787,3.612566182749787,0.771213,0,0.5764304013663536,0.5764304013663536,-0.960382,0,0.3074295473953886,0.3074295473953886,-0.685948,0,6.018518518518518,6.018518518518518,-0.134781,0,0,0.0,3,2.689954,3.0920152706616766,-3.0920152706616766,-2.897232,-2.9547410000000003,0.08526500000000004,71,109,110,35
西谷　亮,Ryo Nishitani,FW,フォワード,14.814814814814811,14.814814814814811,0.390459,0,0.390032502708559,0.390032502708559,-0.424395,0,0.9263271939328276,0.9263271939328276,-1.315374,0,37.03703703703704,37.03703703703704,0.287908,0,0.1950162513542795,0.1950162513542795,-0.514407,0,1.4138678223185264,1.4138678223185264,-0.751593,0,4.972719393282773,4.972719393282773,1.822505,0,1.0725893824485373,1.0725893824485373,0.320171,0,0.6338028169014085,0.6338028169014085,0.604742,0,12.01851851851852,12.01851851851852,2.141741,0,0,0.0,3,2.826585,3.613827634011202,-3.613827634011202,0.16396000000000005,-1.746796,2.427247,88,38,94,11
永井　龍,Ryo Nagai,FW,フォワード,15.053763440860216,15.053763440860216,0.422853,0,0.8194233687405159,0.8194233687405159,1.108369,0,2.1851289833080427,2.1851289833080427,0.411445,0,29.53749999999999,29.53749999999999,-0.396815,0,0.4779969650986343,0.4779969650986343,1.052426,0,3.004893778452201,3.004893778452201,0.011071,0,1.638744309559939,1.638744309559939,-0.754397,0,0.6828528072837633,0.6828528072837633,-0.685713,0,0.4779969650986343,0.4779969650986343,-0.011414,0,9.958333333333334,9.958333333333334,1.360065,0,0,0.0,0,2.199515,2.1995153211123584,-2.1995153211123584,1.078464,-0.26319699999999996,-0.765811,46,30,41,85
澤上　竜二,Ryuji Sawakami,FW,フォワード,11.11111111111111,11.11111111111111,-0.11165,0,0.5831533477321814,0.5831533477321814,0.264974,0,1.1663066954643628,1.1663066954643628,-0.986171,0,27.77777777777778,27.77777777777778,-0.557481,0,0.1943844492440604,0.1943844492440604,-0.517905,0,4.762030237580994,4.762030237580994,0.85336,0,1.2639848812095034,1.2639848812095034,-1.044057,0,1.0691144708423326,1.0691144708423326,0.311202,0,0.4859611231101511,0.4859611231101511,0.020081,0,8.566037735849056,8.566037735849056,0.831799,0,0,0.0,0,1.977522,1.9775220319799223,-1.9775220319799223,-1.187036,0.17839100000000008,-1.023976,43,85,37,96
増田　隼司,Shunji Masuda,FW,フォワード,10.0,10.0,-0.262283,0,0.5871886120996441,0.5871886120996441,0.279378,0,1.0142348754448398,1.0142348754448398,-1.194782,0,20.003333333333337,20.003333333333337,-1.267303,0,0.1601423487544483,0.1601423487544483,-0.7075,0,1.4414946619217084,1.4414946619217084,-0.73835,0,5.925587188612099,5.925587188612099,2.558997,0,1.4412811387900355,1.4412811387900355,1.271739,0,0.9608540925266904,0.9608540925266904,1.898113,0,7.654545454545454,7.654545454545454,0.485961,0,0,0.0,3,2.691706,4.523291885798661,-4.523291885798661,-2.237086,-0.661393,4.45711,101,103,81,1
島田　拓海,Takumi Shimada,FW,フォワード,8.108108108108109,8.108108108108109,-0.518767,0,0.3973509933774834,0.3973509933774834,-0.398271,0,2.0529801324503314,2.0529801324503314,0.230164,0,27.027027027027028,27.027027027027028,-0.626026,0,0.1986754966887417,0.1986754966887417,-0.494146,0,2.847682119205298,2.847682119205298,-0.064289,0,2.78158940397351,2.78158940397351,0.128933,0,1.0596026490066226,1.0596026490066226,0.286653,0,0.1986754966887417,0.1986754966887417,-1.116031,0,7.758064516129032,7.758064516129032,0.525238,0,0,0.0,0,1.513998,1.5139980516209393,-1.5139980516209393,-1.638939,0.45252800000000004,-0.987098,35,93,33,93
樋口　寛規,Hiroki Higuchi,FW,フォワード,23.333333333333332,23.333333333333332,1.545312,0,0.307797537619699,0.307797537619699,-0.717944,0,1.292749658002736,1.292749658002736,-0.812717,0,46.15384615384615,46.15384615384615,1.120292,0,0.4309165526675786,0.4309165526675786,0.791747,0,0.8619562243502051,0.8619562243502051,-1.016153,0,1.96953488372093,1.96953488372093,-0.498722,0,0.8002735978112175,0.8002735978112175,-0.382658,0,0.2462380300957592,0.2462380300957592,-0.927938,0,7.5,7.5,0.427323,0,0,0.0,0,2.606314,2.6063134045256335,-2.6063134045256335,3.457351,-2.211528,-1.42666,57,12,103,105
浅川　隼人,Hayato Asakawa,FW,フォワード,22.033898305084744,22.033898305084744,1.369148,0,0.2915316982878297,0.2915316982878297,-0.776006,0,2.082369273484498,2.082369273484498,0.270479,0,49.11929824561403,49.11929824561403,1.391043,0,0.5414160111059695,0.5414160111059695,1.40357,0,1.3327579824155484,1.3327579824155484,-0.790473,0,1.1245210550670983,1.1245210550670983,-1.151851,0,0.4997686256362795,0.4997686256362795,-1.158241,0,0.5414160111059695,0.5414160111059695,0.239385,0,7.410714285714286,7.410714285714286,0.393446,0,0,0.0,0,2.93359,2.93358888199659,-2.93358888199659,4.163761,-1.678235,-0.912466,65,5,93,92
浮田　健誠,Kensei Ukita,FW,フォワード,18.84057971014493,18.84057971014493,0.936231,0,0.755984880302394,0.755984880302394,0.881918,0,1.7009659806803863,1.7009659806803863,-0.252728,0,38.45692307692307,38.45692307692307,0.417547,0,0.4913901721965561,0.4913901721965561,1.126583,0,2.002717345653087,2.002717345653087,-0.469326,0,1.662977740445191,1.662977740445191,-0.735666,0,0.6047879042419152,0.6047879042419152,-0.887193,0,0.377992440151197,0.377992440151197,-0.406896,0,5.73469387755102,5.73469387755102,-0.24247,0,0,0.0,0,2.073915,2.0739156265894714,-2.0739156265894714,2.480361,-1.609247,-1.142562,45,13,91,99
百田　真登,Manato Hyakuda,FW,フォワード,13.953488372093023,13.953488372093023,0.27369,0,0.1905770248808893,0.1905770248808893,-1.136377,0,1.858125992588671,1.858125992588671,-0.037136,0,30.23255813953488,30.23255813953488,-0.333354,0,0.285865537321334,0.285865537321334,-0.011385,0,2.0486553732133403,2.0486553732133403,-0.447305,0,0.7621651667548967,0.7621651667548967,-1.431924,0,0.4287983059820011,0.4287983059820011,-1.34141,0,0.142932768660667,0.142932768660667,-1.336474,0,4.977777777777778,4.977777777777778,-0.529659,0,0,0.0,0,2.199722,2.1997216650740157,-2.1997216650740157,-0.07104899999999997,-1.8258510000000001,-2.768398,47,41,96,115
國武　勇斗,Yuto Kunitake,FW,フォワード,4.3478260869565215,4.3478260869565215,-1.028547,0,0.3043478260869565,0.3043478260869565,-0.730258,0,0.6956521739130435,0.6956521739130435,-1.631813,0,43.47826086956522,43.47826086956522,0.876005,0,0.0434782608695652,0.0434782608695652,-1.353456,0,0.7825652173913044,0.7825652173913044,-1.05421,0,2.260913043478261,2.260913043478261,-0.273509,0,0.9565217391304348,0.9565217391304348,0.020608,0,0.9130434782608696,0.9130434782608696,1.709039,0,5.7272727272727275,5.7272727272727275,-0.245286,0,0,0.0,3,2.13666,3.527593273414468,-3.527593273414468,-1.505998,-2.6654150000000003,1.43553,84,92,106,21
マルクス　ヴィニシウス,Marcus Vinicius Ferreira Teixeira,FW,フォワード,12.025316455696204,12.025316455696204,0.012288,0,1.2622309197651662,1.2622309197651662,2.689027,0,3.1996086105675143,3.1996086105675143,1.803103,0,30.925657894736847,30.925657894736847,-0.270073,0,0.557729941291585,0.557729941291585,1.493899,0,7.073542074363992,7.073542074363992,1.961391,0,4.549549902152642,4.549549902152642,1.495428,0,1.5264187866927592,1.5264187866927592,1.491473,0,0.6751467710371819,0.6751467710371819,0.768243,0,11.73076923076923,11.73076923076923,2.032563,0,0,0.0,2,3.429175,5.400087145406822,-5.400087145406822,1.2361140000000002,5.255967,2.263671,107,25,4,12
中野　誠也,Seiya Nakano,FW,フォワード,7.142857142857142,7.142857142857142,-0.649625,0,0.48582995951417,0.48582995951417,-0.082434,0,1.2145748987854252,1.2145748987854252,-0.919957,0,35.714285714285715,35.714285714285715,0.167139,0,0.1214574898785425,0.1214574898785425,-0.921694,0,1.2148178137651824,1.2148178137651824,-0.847008,0,0.97165991902834,0.97165991902834,-1.270001,0,0.242914979757085,0.242914979757085,-1.821162,0,0.48582995951417,0.48582995951417,0.019562,0,8.173913043478262,8.173913043478262,0.683019,0,0,0.0,0,2.509909,2.5099086422348127,-2.5099086422348127,-1.40418,-3.588127,-1.2504389999999999,54,90,116,101
川西　翔太,Shota Kawanishi,FW,フォワード,20.833333333333336,20.833333333333336,1.206388,0,0.3961848862802641,0.3961848862802641,-0.402434,0,1.1885546588407925,1.1885546588407925,-0.955651,0,41.66666666666667,41.66666666666667,0.710603,0,0.3301540719002201,0.3301540719002201,0.233836,0,1.056294937637564,1.056294937637564,-0.922996,0,7.658451944240644,7.446740066375142,3.73473,0,0.7923697725605282,0.7923697725605282,-0.403057,0,0.6603081438004402,0.6603081438004402,0.709561,0,3.5217391304347827,3.5217391304347827,-1.08211,0,0,0.0,3,3.534162,4.881717371877032,-4.881717371877032,2.150827,-2.281704,4.444291,104,16,104,2
佐々木　快,Kai  Sasaki,FW,フォワード,16.94915254237288,16.94915254237288,0.679811,0,0.5110410094637224,0.5110410094637224,0.00756,0,2.782334384858044,2.782334384858044,1.230688,0,36.210344827586205,36.210344827586205,0.21243,0,0.5678233438485805,0.5678233438485805,1.549785,0,5.849034700315459,5.849034700315459,1.374419,0,2.0450157728706624,2.0450157728706624,-0.440381,0,0.8517350157728707,0.8517350157728707,-0.249839,0,0.3974763406940063,0.3974763406940063,-0.329845,0,6.584905660377358,6.584905660377358,0.080118,0,0,0.0,0,2.556299,2.5562991186831017,-2.5562991186831017,2.442026,2.355268,-0.7702260000000001,56,14,17,86
河村　慶人,Keito  Kawamura,FW,フォワード,,11.200716845878135,-0.099503,1,,0.487219146857701,-0.077475,1,,1.891858526261784,0.009138,1,,32.56792929292929,-0.12013,1,,0.2575107296137339,-0.168382,1,,2.4869689742446455,-0.237198,1,,2.311603639035354,-0.234329,1,,0.9122721406419548,-0.093597,1,,0.4614799583110335,-0.076733,1,13.55,13.410800000000004,2.670001,0,9,0.9,0,2.534547,2.53454666950009,-2.53454666950009,-0.388015,-0.321657,-0.311062,55,67,66,62
安藤　翼,Tsubasa Ando,FW,フォワード,10.16949152542373,10.16949152542373,-0.239306,0,0.7809110629067245,0.7809110629067245,0.970895,0,1.5227765726681128,1.5227765726681128,-0.497167,0,30.508474576271187,30.508474576271187,-0.308163,0,0.2342733188720173,0.2342733188720173,-0.297045,0,1.3664381778741863,1.3664381778741863,-0.774328,0,3.006468546637744,3.006468546637744,0.302747,0,1.0151843817787418,1.0151843817787418,0.172012,0,0.5075921908893709,0.5075921908893709,0.105624,0,4.894736842105263,4.894736842105263,-0.561167,0,0,0.0,0,1.922024,1.9220250130526397,-1.9220250130526397,-0.844514,-1.0994830000000002,0.408371,41,83,87,31
杉本　健勇,Kenyu Sugimoto,FW,フォワード,14.084507042253522,14.084507042253522,0.291452,0,0.4907306434023991,0.4907306434023991,-0.064941,0,1.766630316248637,1.766630316248637,-0.16265,0,36.233333333333334,36.233333333333334,0.214529,0,0.3271537622682661,0.3271537622682661,0.217224,0,3.174078516902945,3.174078516902945,0.09217,0,5.071112322791712,5.071112322791712,1.898555,0,1.3086150490730644,1.3086150490730644,0.929337,0,0.4580152671755725,0.4580152671755725,-0.090435,0,7.375,7.375,0.379896,0,0,0.0,2,2.654027,2.7019413068223743,-2.7019413068223743,0.723205,0.858857,1.80812,61,33,30,19
和田　育,Hagumi Wada,FW,フォワード,18.64406779661017,18.64406779661017,0.90959,0,0.3842869342442356,0.3842869342442356,-0.444905,0,1.8445772843723311,1.8445772843723311,-0.055722,0,34.484482758620686,34.484482758620686,0.054855,0,0.4227156276686592,0.4227156276686592,0.746339,0,1.84465414175918,1.84465414175918,-0.545094,0,0.9604483347566182,0.9604483347566182,-1.278667,0,0.9222886421861656,0.9222886421861656,-0.067745,0,0.2690008539709649,0.2690008539709649,-0.837919,0,10.153846153846152,10.153846153846152,1.434246,0,0,0.0,0,2.071525,2.071524267227879,-2.071524267227879,1.710784,-0.668561,-2.116586,44,18,82,111
土信田　悠生,Yusei  Toshida,FW,フォワード,8.695652173913043,8.695652173913043,-0.439113,0,0.2575107296137339,0.2575107296137339,-0.897449,0,2.703862660944206,2.703862660944206,1.123041,0,26.08695652173913,26.08695652173913,-0.711856,0,0.2575107296137339,0.2575107296137339,-0.168382,0,9.785278969957082,9.669857635734823,3.205944,0,1.8027038626609444,1.8027038626609444,-0.627669,0,0.5150214592274678,0.5150214592274678,-1.118874,0,0.3862660944206008,0.3862660944206008,-0.374177,0,5.617021276595745,5.617021276595745,-0.287117,0,0,0.0,0,3.759317,3.7593171014621793,-3.7593171014621793,-1.3193510000000002,3.2101110000000004,-1.001846,90,87,12,94
オリオラ　サンデー,Oriola Sunday,FW,フォワード,10.9375,10.9375,-0.135187,0,0.3578528827037773,0.3578528827037773,-0.539265,0,1.89662027833002,1.89662027833002,0.01567,0,31.750793650793653,31.750793650793653,-0.194736,0,0.2504970178926441,0.2504970178926441,-0.207216,0,3.0777852882703782,3.0777852882703782,0.046012,0,2.362294234592446,2.362294234592446,-0.195149,0,1.359840954274354,1.359840954274354,1.061547,0,0.393638170974155,0.393638170974155,-0.345023,0,12.68,12.68,2.392721,0,0,0.0,0,2.656045,2.65604541133656,-2.65604541133656,-0.537139,1.123229,-0.540172,59,79,27,77
田中　翔太,Shota Tanaka,FW,フォワード,19.047619047619047,19.047619047619047,0.964299,0,0.3592814371257484,0.3592814371257484,-0.534165,0,2.0958083832335332,2.0958083832335332,0.288915,0,34.146341463414636,34.146341463414636,0.023982,0,0.4790419161676646,0.4790419161676646,1.058212,0,2.2154491017964073,2.2154491017964073,-0.367352,0,0.6586227544910179,0.660823382830751,-1.510253,0,0.2994011976047904,0.2994011976047904,-1.675375,0,0.4191616766467065,0.4191616766467065,-0.244087,0,4.458333333333333,4.458333333333333,-0.726747,0,0,0.0,0,2.491476,2.4914750314062952,-2.4914750314062952,2.046493,-1.7538120000000001,-1.75434,53,17,95,108
田口　裕也,Yuya Taguchi,FW,フォワード,15.0,15.0,0.415565,0,0.5035971223021583,0.5035971223021583,-0.019012,0,2.194244604316547,2.194244604316547,0.42395,0,33.33333333333333,33.33333333333333,-0.050247,0,0.4316546762589928,0.4316546762589928,0.795834,0,5.001654676258991,5.001654676258991,0.968225,0,1.762482014388489,1.762482014388489,-0.658757,0,0.7913669064748201,0.7913669064748201,-0.405645,0,0.4676258992805756,0.4676258992805756,-0.052428,0,8.25,8.25,0.711888,0,0,0.0,0,1.58218,1.582180343090825,-1.582180343090825,1.1611520000000002,0.9865300000000001,-0.7111850000000001,37,27,28,82
清水　一雅,Kazumasa  Shimizu,FW,フォワード,18.181818181818183,18.181818181818183,0.846923,0,0.4376012965964344,0.4376012965964344,-0.254593,0,2.771474878444084,2.771474878444084,1.215791,0,31.81363636363636,31.81363636363636,-0.188999,0,0.5834683954619124,0.5834683954619124,1.63641,0,5.104764991896271,5.104764991896271,1.017651,0,4.959481361426256,4.959481361426256,1.812273,0,1.1669367909238249,1.1669367909238249,0.563675,0,1.0210696920583469,1.0210696920583469,2.136245,0,6.052631578947368,6.052631578947368,-0.121838,0,0,0.0,2,2.673,4.228576077134477,-4.228576077134477,2.294334,2.797117,3.948518,99,15,13,6
藤岡　浩介,Kosuke Fujioka,FW,フォワード,21.34831460674157,21.34831460674157,1.276204,0,0.8791208791208791,0.8791208791208791,1.321467,0,2.271062271062271,2.271062271062271,0.529328,0,37.20697674418604,37.20697674418604,0.303424,0,0.6959706959706959,0.6959706959706959,2.259322,0,0.9157875457875458,0.9157875457875458,-0.990349,0,1.9779487179487176,1.9779487179487176,-0.492218,0,0.5860805860805861,0.5860805860805861,-0.935475,0,0.4029304029304029,0.4029304029304029,-0.308276,0,6.75,6.75,0.142758,0,0,0.0,0,3.235755,3.2357546544991633,-3.2357546544991633,3.83895,-1.396496,-0.800494,76,10,90,89
髙木　彰人,Akito Takagi,FW,フォワード,7.142857142857142,7.142857142857142,-0.649625,0,0.364741641337386,0.364741641337386,-0.514674,0,2.188449848024316,2.188449848024316,0.416,0,46.432142857142864,46.432142857142864,1.145701,0,0.182370820668693,0.182370820668693,-0.584423,0,1.6414285714285717,1.6414285714285717,-0.642511,0,1.550060790273556,1.550060790273556,-0.822942,0,0.8206686930091185,0.8206686930091185,-0.330019,0,0.547112462006079,0.547112462006079,0.261913,0,6.076923076923077,6.076923076923077,-0.112621,0,0,0.0,0,1.884752,1.8847515396091339,-1.8847515396091339,-0.08834699999999995,-0.5565300000000002,-0.561029,40,42,80,78
古川　大悟,Daigo Furukawa,FW,フォワード,11.29032258064516,11.29032258064516,-0.087355,0,0.2276559865092748,0.2276559865092748,-1.004019,0,2.0868465430016863,2.0868465430016863,0.276621,0,27.8672131147541,27.8672131147541,-0.549315,0,0.2655986509274873,0.2655986509274873,-0.1236,0,6.980084317032041,6.980084317032041,1.916592,0,2.580252951096121,2.580252951096121,-0.026684,0,0.7209106239460371,0.7209106239460371,-0.587488,0,0.3035413153456998,0.3035413153456998,-0.701324,0,8.5,8.5,0.806743,0,0,0.0,0,2.4099,2.409899900220132,-2.409899900220132,-0.76027,1.605725,-0.728008,50,80,23,84
高木　大輔,Daisuke Takagi,FW,フォワード,7.142857142857142,7.142857142857142,-0.649625,0,0.6550218340611353,0.6550218340611353,0.521517,0,1.1790393013100435,1.1790393013100435,-0.968704,0,21.428571428571427,21.428571428571427,-1.137176,0,0.131004366812227,0.131004366812227,-0.868834,0,1.8339301310043667,1.8339301310043667,-0.550234,0,4.059825327510917,4.059825327510917,1.116909,0,1.4410480349344978,1.4410480349344978,1.271137,0,0.0,0.0,-1.901722,0,5.8604651162790695,5.8604651162790695,-0.19475,0,0,0.0,0,3.375826,3.375825607264984,-3.375825607264984,-2.655635,-0.24780100000000005,-0.784813,82,108,40,88
武　颯,Hayate Take,FW,フォワード,20.454545454545457,20.454545454545457,1.155036,0,0.8866995073891626,0.8866995073891626,1.34852,0,1.900070372976777,1.900070372976777,0.020403,0,45.456818181818186,45.456818181818186,1.056652,0,0.5700211118930331,0.5700211118930331,1.561953,0,2.153666432090078,2.153666432090078,-0.396968,0,4.5601688951442645,4.5601688951442645,1.503636,0,1.4567206192821955,1.4567206192821955,1.311587,0,0.633356790992259,0.633356790992259,0.602978,0,6.571428571428571,6.571428571428571,0.075004,0,0,0.0,2,2.790637,3.821331128780258,-3.821331128780258,3.7736409999999996,0.935022,2.106614,91,11,29,13
武藤　雄樹,Yuki Muto,FW,フォワード,30.0,30.0,2.449109,0,0.1446945337620578,0.1446945337620578,-1.30016,0,1.157556270096463,1.157556270096463,-0.998175,0,44.44444444444444,44.44444444444444,0.96422,0,0.4340836012861737,0.4340836012861737,0.809282,0,0.1446945337620578,0.1493247588424437,-1.357756,0,4.630225080385852,4.630225080385852,1.557784,0,1.0128617363344052,1.0128617363344052,0.166018,0,0.1446945337620578,0.1446945337620578,-1.329506,0,4.775,4.775,-0.606597,0,0,0.0,0,4.175968,4.175967635059089,-4.175967635059089,4.222611,-2.1899129999999998,0.22827799999999998,98,4,102,34
アンジェロッティ,Rodrigo Luiz Angelotti,FW,フォワード,0.0,0.0,-1.61798,0,0.0,0.0,-1.816666,0,1.291866028708134,1.291866028708134,-0.813929,0,50.0,50.0,1.471453,0,0.0,0.0,-1.59419,0,3.660717703349283,3.660717703349283,0.325442,0,3.660717703349283,3.660717703349283,0.80843,0,1.7224880382775118,1.7224880382775118,1.997515,0,1.291866028708134,1.291866028708134,3.207147,0,6.5,6.5,0.047903,0,0,0.0,3,4.081679,5.544734930097831,-5.544734930097831,-1.740717,1.5090279999999998,4.015577,109,97,24,5
大野　耀平,Yohei Ono,FW,フォワード,13.636363636363637,13.636363636363637,0.230697,0,0.4035874439461883,0.4035874439461883,-0.376009,0,2.286995515695067,2.286995515695067,0.551185,0,5.0,5.977777777777777,-2.547865,0,0.4035874439461883,0.4035874439461883,0.640429,0,7.399775784753362,7.399775784753362,2.117772,0,0.6723766816143497,0.6723766816143497,-1.501324,0,0.5381165919282511,0.5381165919282511,-1.059267,0,0.0,0.0,-1.901722,0,5.317073170731708,5.317073170731708,-0.400924,0,0,0.0,0,4.015882,4.015881452426602,-4.015881452426602,-1.6767389999999998,1.60969,-3.403046,95,94,22,116
吉澤　柊,Shu Yoshizawa,FW,フォワード,18.181818181818183,18.181818181818183,0.846923,0,0.2504638218923933,0.2504638218923933,-0.922603,0,2.504638218923933,2.504638218923933,0.849746,0,30.303030303030305,30.303030303030305,-0.32692,0,0.5009276437847866,0.5009276437847866,1.179391,0,5.092764378478664,5.092764378478664,1.011899,0,3.4227551020408167,3.4227551020408167,0.624504,0,1.7532467532467533,1.7532467532467533,2.076901,0,0.5009276437847866,0.5009276437847866,0.079268,0,4.607142857142857,4.607142857142857,-0.670286,0,0,0.0,2,2.343733,3.4930223580156197,-3.4930223580156197,1.6993940000000003,3.938546,0.703772,83,19,10,26
矢島　輝一,Kiichi Yajima,FW,フォワード,4.444444444444445,4.444444444444445,-1.015448,0,0.8161582852431987,0.8161582852431987,1.096714,0,2.522671063478978,2.522671063478978,0.874483,0,19.997777777777777,19.997777777777777,-1.267811,0,0.1483924154987634,0.1483924154987634,-0.772558,0,2.5222258862324813,2.5222258862324813,-0.220298,0,3.6350948062654584,3.6350948062654584,0.788626,0,1.706512778235779,1.706512778235779,1.956284,0,0.7419620774938169,0.7419620774938169,1.032474,0,2.784313725490196,2.784313725490196,-1.361904,0,0,0.0,2,2.689844,4.006929850092711,-4.006929850092711,-3.055817,2.610469,1.8211,94,110,15,17
伊藤　恵亮,Keisuke Ito,FW,フォワード,19.230769230769234,19.230769230769234,0.989129,0,0.7568325157673441,0.7568325157673441,0.884943,0,0.7568325157673441,0.7568325157673441,-1.547886,0,33.33333333333333,33.33333333333333,-0.050247,0,0.3153468815697267,0.3153468815697267,0.15185,0,0.3781639803784162,0.3781639803784162,-1.248061,0,1.954772249474422,1.954772249474422,-0.510132,0,0.7568325157673441,0.7568325157673441,-0.494776,0,0.4414856341976174,0.4414856341976174,-0.155804,0,7.064516129032258,7.064516129032258,0.262092,0,0,0.0,0,2.44347,2.4434702407837916,-2.4434702407837916,1.090732,-3.2907230000000003,-0.6659360000000001,51,28,112,80
庵原　篤人,Atsuhito Ihara,FW,フォワード,2.941176470588235,2.941176470588235,-1.219246,0,0.8904109589041096,0.8904109589041096,1.361769,0,1.4383561643835616,1.4383561643835616,-0.612975,0,26.47058823529412,26.47058823529412,-0.67683,0,0.0684931506849315,0.0684931506849315,-1.214951,0,1.0275342465753423,1.0275342465753423,-0.936783,0,1.7124657534246577,1.7124657534246577,-0.697416,0,0.821917808219178,0.821917808219178,-0.326796,0,0.547945205479452,0.547945205479452,0.265206,0,7.795454545454546,7.795454545454546,0.539425,0,0,0.0,0,2.708742,2.708742995810972,-2.708742995810972,-3.111027,-1.876554,-0.43221000000000004,62,111,97,76
田村　翔太,Shota Tamura,FW,フォワード,,11.200716845878135,-0.099503,1,,0.487219146857701,-0.077475,1,,1.891858526261784,0.009138,1,,32.56792929292929,-0.12013,1,,0.2575107296137339,-0.168382,1,,2.4869689742446455,-0.237198,1,,2.311603639035354,-0.234329,1,,0.9122721406419548,-0.093597,1,,0.4614799583110335,-0.076733,1,9.419354838709678,9.419354838709678,1.155565,0,9,0.9,0,1.081086,1.081085594477144,-1.081085594477144,-0.388015,-0.321657,-0.311062,28,70,69,65
碓井　聖生,Shosei Usui,FW,フォワード,11.538461538461538,11.538461538461538,-0.053715,0,1.2413793103448276,1.2413793103448276,2.614594,0,2.1724137931034484,2.1724137931034484,0.394002,0,38.95844155844156,38.95844155844156,0.463337,0,0.3990147783251231,0.3990147783251231,0.61511,0,4.478763546798029,4.478763546798029,0.717575,0,2.5266945812807884,2.5266945812807884,-0.068081,0,1.1527093596059113,1.1527093596059113,0.526955,0,0.3990147783251231,0.3990147783251231,-0.323761,0,6.708333333333333,6.708333333333333,0.126949,0,0,0.0,2,2.576124,3.1539576380000724,-3.1539576380000724,1.0247320000000002,1.6385319999999999,-0.391842,72,31,20,74
太田　龍之介,Ryunosuke Ota,FW,フォワード,,11.200716845878135,-0.099503,1,,0.487219146857701,-0.077475,1,,1.891858526261784,0.009138,1,,32.56792929292929,-0.12013,1,,0.2575107296137339,-0.168382,1,,2.4869689742446455,-0.237198,1,,2.311603639035354,-0.234329,1,,0.9122721406419548,-0.093597,1,,0.4614799583110335,-0.076733,1,7.12,7.12,0.283143,0,9,0.9,0,0.473009,0.4730100973404267,-0.4730100973404267,-0.388015,-0.321657,-0.311062,2,56,55,51
東家　聡樹,Toshiki Toya,FW,フォワード,,11.200716845878135,-0.099503,1,,0.487219146857701,-0.077475,1,,1.891858526261784,0.009138,1,,32.56792929292929,-0.12013,1,,0.2575107296137339,-0.168382,1,,2.4869689742446455,-0.237198,1,,2.311603639035354,-0.234329,1,,0.9122721406419548,-0.093597,1,,0.4614799583110335,-0.076733,1,8.297297297297296,8.297297297297296,0.729834,0,9,0.9,0,0.719321,0.7193219288086524,-0.7193219288086524,-0.388015,-0.321657,-0.311062,19,63,62,58
進　昂平,Kohei Shin,FW,フォワード,50.0,46.80000000000007,4.72668,0,0.0,0.0,-1.816666,0,1.7704918032786887,1.7704918032786887,-0.157353,0,83.33333333333334,82.00000000000004,4.393118,0,0.8852459016393444,0.8668942286099264,3.205707,0,3.54039344262295,3.54039344262295,0.267765,0,1.1794426229508197,1.1794426229508197,-1.109401,0,0.8852459016393444,0.8852459016393444,-0.16335,0,0.5901639344262295,0.5901639344262295,0.432166,0,4.17948717948718,4.17948717948718,-0.832547,0,0,0.0,1,2.27051,7.595134569153795,-7.595134569153795,12.325505,-0.05293800000000001,-0.677235,116,1,39,81
田中　想来,Sora Tanaka,FW,フォワード,,11.200716845878135,-0.099503,1,,0.487219146857701,-0.077475,1,,1.891858526261784,0.009138,1,,32.56792929292929,-0.12013,1,,0.2575107296137339,-0.168382,1,,2.4869689742446455,-0.237198,1,,2.311603639035354,-0.234329,1,,0.9122721406419548,-0.093597,1,,0.4614799583110335,-0.076733,1,9.5,9.5,1.186164,0,9,0.9,0,1.108838,1.1088383285966446,-1.1088383285966446,-0.388015,-0.321657,-0.311062,29,69,68,64
木匠　貴大,Takahiro Kitsui,FW,フォワード,0.0,0.0,-1.61798,0,0.3529411764705882,0.3529411764705882,-0.556798,0,0.9411764705882352,0.9411764705882352,-1.295003,0,54.54545454545454,54.54545454545454,1.886463,0,0.0,0.0,-1.59419,0,2.9416470588235293,2.9416470588235293,-0.019247,0,4.117647058823529,4.117647058823529,1.161601,0,0.3529411764705882,0.3529411764705882,-1.537192,0,0.7058823529411764,0.7058823529411764,0.889791,0,5.552631578947368,5.552631578947368,-0.311548,0,0,0.0,3,2.627017,4.1195119996678,-4.1195119996678,-1.325707,-2.8514419999999996,2.051392,96,89,108,14
河辺　駿太郎,Shuntaro Kawabe,FW,フォワード,23.52941176470588,23.52941176470588,1.571894,0,0.8181818181818181,0.8181818181818181,1.103938,0,0.5727272727272728,0.5727272727272728,-1.80044,0,29.411764705882355,29.411764705882355,-0.408294,0,0.3272727272727272,0.3272727272727272,0.217883,0,0.4906636363636363,0.4906636363636363,-1.194134,0,1.8819,1.8819,-0.566457,0,1.309090909090909,1.309090909090909,0.930565,0,0.0818181818181818,0.0818181818181818,-1.57816,0,10.035714285714286,10.035714285714286,1.389425,0,0,0.0,0,3.641504,3.6415040070251194,-3.6415040070251194,1.381483,-2.064009,-2.144617,89,20,100,112
岩渕　良太,Ryota Iwabuchi,FW,フォワード,6.666666666666667,6.666666666666667,-0.714182,0,1.062730627306273,1.062730627306273,1.976885,0,0.8634686346863468,0.8634686346863468,-1.401603,0,31.031034482758624,31.031034482758624,-0.260452,0,0.1328413284132841,0.1328413284132841,-0.858663,0,1.6603837638376384,1.6603837638376384,-0.633424,0,7.838369003690037,7.446740066375142,3.73473,0,1.2619926199261993,1.2619926199261993,0.809007,0,0.4649446494464945,0.4649446494464945,-0.063031,0,1.4705882352941178,1.4791036414565828,-1.857128,0,0,0.0,3,3.780735,5.561852028087137,-5.561852028087137,-1.833297,-1.2260199999999999,3.671699,110,98,88,7
新谷　聖基,Masaki Shintani,FW,フォワード,,11.200716845878135,-0.099503,1,,0.487219146857701,-0.077475,1,,1.891858526261784,0.009138,1,,32.56792929292929,-0.12013,1,,0.2575107296137339,-0.168382,1,,2.4869689742446455,-0.237198,1,,2.311603639035354,-0.234329,1,,0.9122721406419548,-0.093597,1,,0.4614799583110335,-0.076733,1,6.21875,6.21875,-0.058809,0,9,0.9,0,0.51826,0.5182603243872715,-0.5182603243872715,-0.388015,-0.321657,-0.311062,6,61,60,56
松木　駿之介,Shunnosuke Matsuki,FW,フォワード,21.153846153846153,21.153846153846153,1.24984,0,0.4879518072289157,0.4879518072289157,-0.07486,0,2.2771084337349397,2.2771084337349397,0.537622,0,45.1,45.1,1.024073,0,0.5963855421686747,0.5963855421686747,1.70793,0,4.0659939759036146,4.0659939759036146,0.519713,0,1.9519156626506025,1.9519156626506025,-0.51234,0,0.7048192771084338,0.7048192771084338,-0.629019,0,0.7048192771084338,0.7048192771084338,0.885587,0,11.0,11.0,1.755294,0,0,0.0,0,3.226447,3.2264469130494,-3.2264469130494,3.981843,0.42831600000000003,0.373247,74,7,34,32
パトリック,Anderson Patric Aguiar Oliveira,FW,フォワード,,11.200716845878135,-0.099503,1,,0.487219146857701,-0.077475,1,,1.891858526261784,0.009138,1,,32.56792929292929,-0.12013,1,,0.2575107296137339,-0.168382,1,,2.4869689742446455,-0.237198,1,,2.311603639035354,-0.234329,1,,0.9122721406419548,-0.093597,1,,0.4614799583110335,-0.076733,1,5.5588235294117645,5.5588235294117645,-0.309199,0,9,0.9,0,0.670637,0.67063770776329,-0.67063770776329,-0.388015,-0.321657,-0.311062,16,46,45,41
白輪地　敬大,Keita Shirawachi,FW,フォワード,,11.200716845878135,-0.099503,1,,0.487219146857701,-0.077475,1,,1.891858526261784,0.009138,1,,32.56792929292929,-0.12013,1,,0.2575107296137339,-0.168382,1,,2.4869689742446455,-0.237198,1,,2.311603639035354,-0.234329,1,,0.9122721406419548,-0.093597,1,,0.4614799583110335,-0.076733,1,10.115384615384617,10.115384615384617,1.419653,0,9,0.9,0,1.324743,1.3247433098778043,-1.3247433098778043,-0.388015,-0.321657,-0.311062,32,71,70,66
横山　夢樹,Yumeki Yokoyama,FW,フォワード,11.538461538461538,11.538461538461538,-0.053715,0,1.09967845659164,1.09967845659164,2.108775,0,1.909967845659164,1.909967845659164,0.03398,0,30.76730769230769,30.76730769230769,-0.284531,0,0.3472668810289389,0.3472668810289389,0.328588,0,0.1736334405144694,0.1736334405144694,-1.346103,0,2.3732797427652734,2.3732797427652734,-0.186658,0,1.09967845659164,1.09967845659164,0.390086,0,0.6366559485530547,0.6366559485530547,0.616025,0,8.434782608695652,8.434782608695652,0.781999,0,0,0.0,0,2.934437,2.9344373458242385,-2.9344373458242385,-0.009658,-0.9220370000000001,0.42936700000000005,66,40,85,30
平岡　将豪,Masahide Hiraoka,FW,フォワード,,11.200716845878135,-0.099503,1,,0.487219146857701,-0.077475,1,,1.891858526261784,0.009138,1,,32.56792929292929,-0.12013,1,,0.2575107296137339,-0.168382,1,,2.4869689742446455,-0.237198,1,,2.311603639035354,-0.234329,1,,0.9122721406419548,-0.093597,1,,0.4614799583110335,-0.076733,1,7.148148148148148,7.148148148148148,0.293823,0,9,0.9,0,0.475503,0.47550365258954636,-0.47550365258954636,-0.388015,-0.321657,-0.311062,3,60,59,55
マテウス　レイリア,Matheus Leiria Dos Santos,FW,フォワード,7.5,7.5,-0.601208,0,0.4758757435558493,0.4758757435558493,-0.117967,0,1.844018506278916,1.844018506278916,-0.056489,0,28.210256410256413,28.210256410256413,-0.517995,0,0.1784534038334435,0.1784534038334435,-0.606114,0,1.3682022471910114,1.3682022471910114,-0.773483,0,1.8443159286186384,1.8443159286186384,-0.595506,0,1.4871116986120292,1.4871116986120292,1.390024,0,0.4758757435558493,0.4758757435558493,-0.019803,0,11.25,11.25,1.850149,0,0,0.0,0,2.678934,2.6789337223574603,-2.6789337223574603,-1.725317,0.5600519999999999,-0.615309,60,96,32,79
脇坂　崚平,Ryohei Wakizaka,FW,フォワード,14.814814814814811,14.814814814814811,0.390459,0,0.582995951417004,0.582995951417004,0.264412,0,1.3846153846153846,1.3846153846153846,-0.686696,0,44.440740740740736,44.440740740740736,0.963882,0,0.291497975708502,0.291497975708502,0.019802,0,0.6560161943319839,0.6560161943319839,-1.114871,0,3.861546558704453,3.861546558704453,0.963655,0,0.8016194331983805,0.8016194331983805,-0.379184,0,0.8744939271255061,0.8744939271255061,1.55659,0,5.466666666666667,5.466666666666667,-0.344165,0,0,0.0,3,2.011155,2.965611265975027,-2.965611265975027,1.3741430000000001,-2.180751,2.520245,67,22,101,10
オニエ　オゴチュクウ,Promise Oniye Ugochukwu,FW,フォワード,15.384615384615383,15.384615384615383,0.467707,0,0.3054989816700611,0.3054989816700611,-0.726149,0,1.2830957230142568,1.2830957230142568,-0.82596,0,46.16538461538461,46.16538461538461,1.121345,0,0.2443991853360488,0.2443991853360488,-0.240979,0,0.7330142566191445,0.7330142566191445,-1.077962,0,1.1608961303462322,1.1608961303462322,-1.123736,0,0.5498981670061099,0.5498981670061099,-1.02886,0,0.4276985743380855,0.4276985743380855,-0.210326,0,2.6666666666666665,2.6666666666666665,-1.406542,0,0,0.0,0,2.716511,2.716510810814122,-2.716510810814122,1.348073,-2.9327820000000004,-1.334062,63,24,109,103
萱沼　優聖,Yusei Kayanuma,FW,フォワード,7.6923076923076925,7.6923076923076925,-0.575136,0,0.5644599303135889,0.5644599303135889,0.198245,0,1.0662020905923346,1.0662020905923346,-1.123494,0,34.61153846153845,34.61153846153845,0.066455,0,0.1254355400696864,0.1254355400696864,-0.899668,0,2.947547038327526,2.947547038327526,-0.016418,0,3.387135888501742,3.387135888501742,0.596973,0,1.0662020905923346,1.0662020905923346,0.303685,0,0.6898954703832753,0.6898954703832753,0.826569,0,5.863636363636363,5.863636363636363,-0.193547,0,0,0.0,3,1.117914,2.358419239165505,-2.358419239165505,-1.408349,-0.836227,1.4235419999999999,49,91,84,22
瀬沼　優司,Yuji Senuma,FW,フォワード,16.666666666666664,16.666666666666664,0.641514,0,0.065028901734104,0.065028901734104,-1.584537,0,1.1054913294797688,1.1054913294797688,-1.069597,0,38.88333333333333,38.88333333333333,0.456479,0,0.1950867052023121,0.1950867052023121,-0.514017,0,3.251965317919075,3.251965317919075,0.129506,0,1.2355491329479769,1.2355491329479769,-1.066035,0,0.5202312138728323,0.5202312138728323,-1.105428,0,0.130057803468208,0.130057803468208,-1.387389,0,5.2272727272727275,5.2272727272727275,-0.434996,0,0,0.0,0,2.619822,2.6198209115437643,-2.6198209115437643,0.583976,-2.045519,-2.453424,58,36,99,113
都倉　賢,Ken Tokura,FW,フォワード,7.142857142857142,7.142857142857142,-0.649625,0,0.1834862385321101,0.1834862385321101,-1.161688,0,2.385321100917431,2.385321100917431,0.686067,0,21.432142857142857,21.432142857142857,-1.13685,0,0.1834862385321101,0.1834862385321101,-0.578247,0,6.6051376146789,6.6051376146789,1.73686,0,3.48651376146789,3.48651376146789,0.673784,0,0.6422018348623854,0.6422018348623854,-0.79063,0,0.0,0.0,-1.901722,0,4.434782608695652,4.434782608695652,-0.735683,0,0,0.0,0,3.372707,3.3727063649262443,-3.3727063649262443,-2.364722,1.6322969999999999,-1.227938,81,104,21,100
ピーター　ウタカ,Peter Utaka,FW,フォワード,,11.200716845878135,-0.099503,1,,0.487219146857701,-0.077475,1,,1.891858526261784,0.009138,1,,32.56792929292929,-0.12013,1,,0.2575107296137339,-0.168382,1,,2.4869689742446455,-0.237198,1,,2.311603639035354,-0.234329,1,,0.9122721406419548,-0.093597,1,,0.4614799583110335,-0.076733,1,6.357142857142857,6.357142857142857,-0.0063,0,9,0.9,0,0.496494,0.49649530287909066,-0.49649530287909066,-0.388015,-0.321657,-0.311062,5,47,46,42
川又　堅碁,Kengo Kawamata,FW,フォワード,10.714285714285714,10.714285714285714,-0.165448,0,0.2769230769230769,0.2769230769230769,-0.828154,0,3.6,3.6,2.352358,0,42.85,42.85,0.818644,0,0.4153846153846154,0.4153846153846154,0.705748,0,3.461123076923077,3.461123076923077,0.229766,0,1.938738461538462,1.938738461538462,-0.522525,0,0.9692307692307692,0.9692307692307692,0.053409,0,0.4153846153846154,0.4153846153846154,-0.259024,0,3.75,3.75,-0.995503,0,0,0.0,0,2.969828,2.969827555753196,-2.969827555753196,1.3589440000000002,2.635533,-0.781549,68,23,14,87
丹羽　詩温,Shion Niwa,FW,フォワード,11.538461538461538,11.538461538461538,-0.053715,0,0.2673267326732673,0.2673267326732673,-0.862409,0,2.0495049504950495,2.0495049504950495,0.225396,0,26.923076923076923,26.923076923076923,-0.635517,0,0.2673267326732673,0.2673267326732673,-0.114032,0,3.1184554455445537,3.1184554455445537,0.065507,0,2.0494158415841586,2.0494158415841586,-0.43698,0,0.6237623762376238,0.6237623762376238,-0.838221,0,0.2673267326732673,0.2673267326732673,-0.84454,0,7.107142857142857,7.107142857142857,0.278265,0,0,0.0,0,1.194776,1.1947751247929461,-1.1947751247929461,-0.803264,-0.547318,-1.28152,31,82,79,102
藤井　一志,Kazushi Fujii,FW,フォワード,17.142857142857142,17.142857142857142,0.706071,0,0.6711409395973155,0.6711409395973155,0.579057,0,1.6778523489932888,1.6778523489932888,-0.284435,0,34.285714285714285,34.285714285714285,0.036707,0,0.4026845637583892,0.4026845637583892,0.635429,0,0.4698657718120805,0.4698657718120805,-1.204103,0,1.946040268456376,1.946040268456376,-0.516881,0,1.610738255033557,1.610738255033557,1.709096,0,0.6711409395973155,0.6711409395973155,0.752401,0,6.333333333333333,6.333333333333333,-0.015334,0,0,0.0,0,2.830095,2.8300947778871297,-2.8300947778871297,1.378207,0.22055800000000003,0.23551999999999995,64,21,36,33
ピーダーセン　世穏,Jorn Pedersen,FW,フォワード,6.896551724137931,6.896551724137931,-0.683017,0,0.4337349397590362,0.4337349397590362,-0.268394,0,1.5903614457831323,1.5903614457831323,-0.404455,0,28.575000000000006,28.575000000000006,-0.484693,0,0.144578313253012,0.144578313253012,-0.793676,0,7.736240963855423,7.736240963855423,2.279058,0,4.192626506024096,4.192626506024096,1.219554,0,1.2289156626506024,1.2289156626506024,0.723638,0,0.4337349397590362,0.4337349397590362,-0.186455,0,1.5238095238095235,1.5238095238095235,-1.840165,0,0,0.0,2,3.40853,3.8645449834958576,-3.8645449834958576,-1.961386,2.5982410000000002,1.033099,92,99,16,24
ラファエル　フルタード,Rafael Victor de Oliveira Furtado,FW,フォワード,,11.200716845878135,-0.099503,1,,0.487219146857701,-0.077475,1,,1.891858526261784,0.009138,1,,32.56792929292929,-0.12013,1,,0.2575107296137339,-0.168382,1,,2.4869689742446455,-0.237198,1,,2.311603639035354,-0.234329,1,,0.9122721406419548,-0.093597,1,,0.4614799583110335,-0.076733,1,7.12,7.12,0.283143,0,9,0.9,0,0.473009,0.4730100973404267,-0.4730100973404267,-0.388015,-0.321657,-0.311062,1,48,47,43
渡邉　颯太,Sota Watanabe,FW,フォワード,6.666666666666667,6.666666666666667,-0.714182,0,1.1894273127753303,1.1894273127753303,2.429145,0,4.757709251101322,4.237187926965597,3.22645,0,26.66,26.66,-0.659536,0,0.3964757709251101,0.3964757709251101,0.601052,0,8.324801762114538,8.324801762114538,2.561187,0,2.775726872246696,2.775726872246696,0.124402,0,1.5859030837004406,1.5859030837004406,1.644998,0,1.5859030837004406,1.5388571549016723,4.183909,0,5.232558139534884,5.232558139534884,-0.432991,0,0,0.0,2,4.70498,7.06001427858372,-7.06001427858372,-0.772666,7.432634999999999,4.308311,115,81,1,4
阪野　豊史,Toyofumi Sakano,FW,フォワード,10.714285714285714,10.714285714285714,-0.165448,0,0.1451612903225806,0.1451612903225806,-1.298494,0,1.8870967741935485,1.8870967741935485,0.002606,0,21.428571428571427,21.428571428571427,-1.137176,0,0.2177419354838709,0.2177419354838709,-0.388577,0,4.572072580645162,4.572072580645162,0.762303,0,1.741717741935484,1.741717741935484,-0.674807,0,1.2338709677419355,1.2338709677419355,0.736427,0,0.4354838709677419,0.4354838709677419,-0.179538,0,3.5,3.5,-1.090358,0,0,0.0,0,2.459814,2.4598138438942896,-2.4598138438942896,-1.691201,1.5013360000000002,-0.854345,52,95,25,91
河田　篤秀,Atsushi Kawata,FW,フォワード,,11.200716845878135,-0.099503,1,,0.487219146857701,-0.077475,1,,1.891858526261784,0.009138,1,,32.56792929292929,-0.12013,1,,0.2575107296137339,-0.168382,1,,2.4869689742446455,-0.237198,1,,2.311603639035354,-0.234329,1,,0.9122721406419548,-0.093597,1,,0.4614799583110335,-0.076733,1,5.521739130434782,5.521739130434782,-0.323269,0,9,0.9,0,0.680922,0.6809227249798614,-0.6809227249798614,-0.388015,-0.321657,-0.311062,17,68,67,63
マリソン,Marlyson Conceição Oliveira,FW,フォワード,16.129032258064516,16.129032258064516,0.568627,0,0.2233250620347394,0.2233250620347394,-1.019479,0,1.935483870967742,1.935483870967742,0.068983,0,34.48275862068966,34.48275862068966,0.054698,0,0.3722084367245657,0.3722084367245657,0.466687,0,4.243920595533499,4.243920595533499,0.605003,0,1.8604466501240695,1.8604466501240695,-0.583038,0,0.8188585607940447,0.8188585607940447,-0.334691,0,0.3722084367245657,0.3722084367245657,-0.42977,0,3.5625,3.5625,-1.066645,0,0,0.0,0,1.83459,1.8345905190687648,-1.8345905190687648,1.090012,0.33929499999999996,-1.012808,39,29,35,95
青木　翔大,Shota Aoki,FW,フォワード,,11.200716845878135,-0.099503,1,,0.487219146857701,-0.077475,1,,1.891858526261784,0.009138,1,,32.56792929292929,-0.12013,1,,0.2575107296137339,-0.168382,1,,2.4869689742446455,-0.237198,1,,2.311603639035354,-0.234329,1,,0.9122721406419548,-0.093597,1,,0.4614799583110335,-0.076733,1,8.884615384615385,8.884615384615385,0.952674,0,9,0.9,0,0.901739,0.9017387189563283,-0.9017387189563283,-0.388015,-0.321657,-0.311062,24,77,76,72
山本　宗太朗,Sotaro Yamamoto,FW,フォワード,0.0,0.0,-1.61798,0,0.2884615384615384,0.2884615384615384,-0.786966,0,0.2884615384615384,0.2884615384615384,-2.190395,0,25.0,25.0,-0.811098,0,0.0,0.0,-1.59419,0,2.451634615384615,2.451634615384615,-0.254136,0,5.479326923076923,5.479326923076923,2.214073,0,0.5769230769230769,0.5769230769230769,-0.95911,0,0.5769230769230769,0.5769230769230769,0.379803,0,2.5625,2.5625,-1.446065,0,0,0.0,3,2.694368,4.656819596115143,-4.656819596115143,-4.023268,-3.4036410000000004,2.593876,102,115,115,9
松本　ケン　チザンガ,Ken Tshizanga Matsumoto,FW,フォワード,0.0,0.0,-1.61798,0,0.7070707070707072,0.7070707070707072,0.707312,0,2.02020202020202,2.02020202020202,0.185199,0,33.32222222222222,33.32222222222222,-0.051262,0,0.0,0.0,-1.59419,0,7.07060606060606,7.07060606060606,1.959984,0,2.4261616161616164,2.4261616161616164,-0.145785,0,0.4040404040404041,0.4040404040404041,-1.405309,0,0.303030303030303,0.303030303030303,-0.703345,0,4.195121951219512,4.195121951219512,-0.826615,0,0,0.0,0,3.558062,3.5580623832070453,-3.5580623832070453,-3.263432,0.739874,-0.8491299999999999,85,112,31,90
白井　陽斗,Haruto Shirai,FW,フォワード,20.40816326530612,20.40816326530612,1.148748,0,0.5393835616438356,0.5393835616438356,0.108732,0,2.773972602739726,2.773972602739726,1.219218,0,37.2046511627907,37.2046511627907,0.303212,0,0.7705479452054794,0.7705479452054794,2.672248,0,2.003347602739726,2.003347602739726,-0.469024,0,2.0803253424657533,2.0803253424657533,-0.413089,0,0.6934931506849314,0.6934931506849314,-0.658251,0,0.2311643835616438,0.2311643835616438,-0.987549,0,10.833333333333334,10.833333333333334,1.692058,0,0,0.0,0,3.610737,3.6107369781296725,-3.6107369781296725,4.124208,0.09194299999999989,-1.400638,87,6,38,104
ンドカ　チャールス,Charles Nduka,FW,フォワード,,11.200716845878135,-0.099503,1,,0.487219146857701,-0.077475,1,,1.891858526261784,0.009138,1,,32.56792929292929,-0.12013,1,,0.2575107296137339,-0.168382,1,,2.4869689742446455,-0.237198,1,,2.311603639035354,-0.234329,1,,0.9122721406419548,-0.093597,1,,0.4614799583110335,-0.076733,1,7.655172413793103,7.655172413793103,0.486199,0,9,0.9,0,0.554769,0.5547702487426664,-0.5547702487426664,-0.388015,-0.321657,-0.311062,8,49,48,44
松本　孝平,Kohei Matsumoto,FW,フォワード,4.3478260869565215,4.3478260869565215,-1.028547,0,0.6553398058252428,0.6553398058252428,0.522652,0,1.8567961165048543,1.8567961165048543,-0.038961,0,17.391304347826086,17.391304347826086,-1.505787,0,0.1092233009708737,0.1092233009708737,-0.989433,0,9.06389563106796,9.06389563106796,2.915474,0,3.4955825242718452,3.4955825242718452,0.680794,0,1.0922330097087378,1.0922330097087378,0.370869,0,0.7645631067961165,0.7645631067961165,1.121853,0,4.166666666666667,4.166666666666667,-0.837411,0,0,0.0,2,3.49234,4.281176399198589,-4.281176399198589,-3.5237670000000003,3.247382,1.8026469999999999,100,113,11,20
鈴木　輪太朗　イブラヒーム,Wadi Ibrahim Suzuki,FW,フォワード,,11.200716845878135,-0.099503,1,,0.487219146857701,-0.077475,1,,1.891858526261784,0.009138,1,,32.56792929292929,-0.12013,1,,0.2575107296137339,-0.168382,1,,2.4869689742446455,-0.237198,1,,2.311603639035354,-0.234329,1,,0.9122721406419548,-0.093597,1,,0.4614799583110335,-0.076733,1,8.076923076923077,8.076923076923077,0.646219,0,9,0.9,0,0.657336,0.6573364185027329,-0.6573364185027329,-0.388015,-0.321657,-0.311062,14,76,75,71
妹尾　直哉,Naoya Senoo,FW,フォワード,10.0,10.0,-0.262283,0,1.8780096308186196,1.3710291121108806,3.077396,0,3.611556982343499,3.611556982343499,2.368212,0,28.947368421052634,28.947368421052634,-0.450695,0,0.5778491171749599,0.5778491171749599,1.605296,0,1.2998715890850725,1.2998715890850725,-0.806237,0,5.200064205457463,5.200064205457463,1.998225,0,2.0224719101123596,2.0224719101123596,2.771753,0,0.4333868378812199,0.4333868378812199,-0.187831,0,3.2127659574468086,3.2127659574468086,-1.199341,0,0,0.0,2,3.88082,6.0272077058507785,-6.0272077058507785,0.892318,4.333728000000001,1.8103939999999998,112,32,8,18
杉浦　恭平,Kyohei Sugiura,FW,フォワード,15.625,15.625,0.500296,0,0.7078651685393259,0.7078651685393259,0.710148,0,2.528089887640449,2.528089887640449,0.881917,0,21.875,21.875,-1.096416,0,0.5056179775280899,0.5056179775280899,1.20536,0,6.066808988764045,6.066808988764045,1.47881,0,4.551168539325842,4.551168539325842,1.496679,0,1.6179775280898878,1.6179775280898878,1.72778,0,0.6067415730337079,0.6067415730337079,0.497725,0,2.9069767441860463,2.9069767441860463,-1.315363,0,0,0.0,2,1.739908,4.154486587566507,-4.154486587566507,0.6092399999999998,4.088507,1.994404,97,35,9,15
赤星　魁麻,Kaima Akahoshi,FW,フォワード,10.256410256410255,10.256410256410255,-0.227522,0,0.3317972350230415,0.3317972350230415,-0.632274,0,2.903225806451613,2.903225806451613,1.396527,0,30.766666666666666,30.766666666666666,-0.284589,0,0.3317972350230415,0.3317972350230415,0.242934,0,10.531824884792629,9.669857635734823,3.205944,0,2.8198617511520734,2.8198617511520734,0.158515,0,0.9953917050691244,0.9953917050691244,0.120929,0,0.663594470046083,0.663594470046083,0.722558,0,5.217391304347826,5.217391304347826,-0.438745,0,0,0.0,2,3.132118,3.884128721527262,-3.884128721527262,-0.269177,4.7234,0.881073,93,43,7,25
林　誠道,Masamichi Hayashi,FW,フォワード,,11.200716845878135,-0.099503,1,,0.487219146857701,-0.077475,1,,1.891858526261784,0.009138,1,,32.56792929292929,-0.12013,1,,0.2575107296137339,-0.168382,1,,2.4869689742446455,-0.237198,1,,2.311603639035354,-0.234329,1,,0.9122721406419548,-0.093597,1,,0.4614799583110335,-0.076733,1,7.875,7.875,0.569606,0,9,0.9,0,0.605127,0.6051278383688855,-0.6051278383688855,-0.388015,-0.321657,-0.311062,10,64,63,59
藤島　樹騎也,Jukiya Fujishima,FW,フォワード,0.0,0.0,-1.61798,0,0.6805293005671078,0.6805293005671078,0.612569,0,0.5954631379962193,0.5954631379962193,-1.769251,0,40.0,40.0,0.558433,0,0.0,0.0,-1.59419,0,0.2551134215500945,0.2551134215500945,-1.307045,0,3.2316635160680525,3.2316635160680525,0.476805,0,0.8506616257088847,0.8506616257088847,-0.25261,0,0.2551984877126654,0.2551984877126654,-0.892503,0,8.785714285714286,8.785714285714286,0.915149,0,0,0.0,3,2.821061,3.565887635546723,-3.565887635546723,-2.653737,-3.328906,-0.41569800000000007,86,107,113,75
加藤　拓己,Takumi Kato,FW,フォワード,,11.200716845878135,-0.099503,1,,0.487219146857701,-0.077475,1,,1.891858526261784,0.009138,1,,32.56792929292929,-0.12013,1,,0.2575107296137339,-0.168382,1,,2.4869689742446455,-0.237198,1,,2.311603639035354,-0.234329,1,,0.9122721406419548,-0.093597,1,,0.4614799583110335,-0.076733,1,7.904761904761905,7.904761904761905,0.580898,0,9,0.9,0,0.6125,0.6125004453884095,-0.6125004453884095,-0.388015,-0.321657,-0.311062,11,53,52,48
近藤　慶一,Yoshihito Kondo,FW,フォワード,,11.200716845878135,-0.099503,1,,0.487219146857701,-0.077475,1,,1.891858526261784,0.009138,1,,32.56792929292929,-0.12013,1,,0.2575107296137339,-0.168382,1,,2.4869689742446455,-0.237198,1,,2.311603639035354,-0.234329,1,,0.9122721406419548,-0.093597,1,,0.4614799583110335,-0.076733,1,4.0,4.0,-0.900648,0,9,0.9,0,1.172852,1.172852328500481,-1.172852328500481,-0.388015,-0.321657,-0.311062,30,75,74,70
小林　心,Kokoro  Kobayashi,FW,フォワード,,11.200716845878135,-0.099503,1,,0.487219146857701,-0.077475,1,,1.891858526261784,0.009138,1,,32.56792929292929,-0.12013,1,,0.2575107296137339,-0.168382,1,,2.4869689742446455,-0.237198,1,,2.311603639035354,-0.234329,1,,0.9122721406419548,-0.093597,1,,0.4614799583110335,-0.076733,1,10.23076923076923,10.23076923076923,1.463433,0,9,0.9,0,1.36587,1.3658704923622884,-1.3658704923622884,-0.388015,-0.321657,-0.311062,33,57,56,52
川本　梨誉,Riyo Kawamoto,FW,フォワード,,11.200716845878135,-0.099503,1,,0.487219146857701,-0.077475,1,,1.891858526261784,0.009138,1,,32.56792929292929,-0.12013,1,,0.2575107296137339,-0.168382,1,,2.4869689742446455,-0.237198,1,,2.311603639035354,-0.234329,1,,0.9122721406419548,-0.093597,1,,0.4614799583110335,-0.076733,1,8.058823529411764,8.058823529411764,0.639352,0,9,0.9,0,0.65246,0.6524602857408258,-0.6524602857408258,-0.388015,-0.321657,-0.311062,13,59,58,54
向井　ひな太,Hinata Mukai,FW,フォワード,0.0,0.0,-1.61798,0,0.0,0.0,-1.816666,0,0.0,0.2356275303643724,-2.262872,0,0.0,5.977777777777777,-2.547865,0,0.0,0.0,-1.59419,0,0.0,0.1493247588424437,-1.357756,0,0.0,0.660823382830751,-1.510253,0,0.0,0.1595484363081617,-2.036326,0,0.0,0.0,-1.901722,0,8.592592592592593,8.592592592592593,0.841875,0,0,0.0,0,5.291841,5.29184159849017,-5.29184159849017,-5.760035,-5.656954000000001,-3.411975,106,117,117,117
冨永　虹七,Niina Tominaga,FW,フォワード,7.4074074074074066,7.4074074074074066,-0.61376,0,0.5800214822771214,0.5800214822771214,0.253794,0,2.0300751879699246,2.0300751879699246,0.198743,0,37.02962962962963,37.02962962962963,0.287232,0,0.1933404940923737,0.1933404940923737,-0.523685,0,2.900107411385607,2.900107411385607,-0.039159,0,1.9335016111707843,1.9335016111707843,-0.526573,0,0.7733619763694951,0.7733619763694951,-0.452115,0,0.7733619763694951,0.7733619763694951,1.156649,0,8.875,8.875,0.949026,0,0,0.0,0,1.966779,1.966779149987105,-1.966779149987105,-0.8502130000000001,-0.292531,0.6300760000000001,42,84,42,27
重松　健太郎,Kentaro Shigematsu,FW,フォワード,6.666666666666667,6.666666666666667,-0.714182,0,0.625,0.625,0.414351,0,0.7291666666666666,0.7291666666666666,-1.585838,0,30.76923076923077,30.76923076923077,-0.284355,0,0.1041666666666666,0.1041666666666666,-1.017431,0,0.9375000000000002,0.9375000000000002,-0.979941,0,3.852708333333334,3.852708333333334,0.956824,0,1.0416666666666663,1.0416666666666663,0.240361,0,0.5208333333333333,0.5208333333333333,0.157988,0,2.5833333333333335,2.5833333333333335,-1.43816,0,0,0.0,3,1.709239,3.2273129890726433,-3.2273129890726433,-2.015968,-2.325418,1.114812,75,100,105,23
吉田　伊吹,Ibuki Yoshida,FW,フォワード,,11.200716845878135,-0.099503,1,,0.487219146857701,-0.077475,1,,1.891858526261784,0.009138,1,,32.56792929292929,-0.12013,1,,0.2575107296137339,-0.168382,1,,2.4869689742446455,-0.237198,1,,2.311603639035354,-0.234329,1,,0.9122721406419548,-0.093597,1,,0.4614799583110335,-0.076733,1,8.733333333333333,8.733333333333333,0.895275,0,9,0.9,0,0.852917,0.8529174029799135,-0.8529174029799135,-0.388015,-0.321657,-0.311062,21,55,54,50
ウェズレイ　タンキ,Wesley Tanque da Silva,FW,フォワード,23.076923076923077,23.076923076923077,1.51055,0,0.1115241635687732,0.1115241635687732,-1.418566,0,2.788104089219331,2.788104089219331,1.238603,0,46.15,46.15,1.11994,0,0.6691449814126393,0.6691449814126393,2.110791,0,3.4582527881040894,3.4582527881040894,0.22839,0,1.6728624535315986,1.6728624535315986,-0.728026,0,2.5650557620817844,2.272049113865401,3.415894,0,0.7806691449814127,0.7806691449814127,1.185546,0,6.5625,6.5625,0.071616,0,0,0.0,2,4.345239,5.245386515666696,-5.245386515666696,4.741281,4.882887,0.45752000000000004,105,3,5,29
髙澤　優也,Yuya Takazawa,FW,フォワード,,11.200716845878135,-0.099503,1,,0.487219146857701,-0.077475,1,,1.891858526261784,0.009138,1,,32.56792929292929,-0.12013,1,,0.2575107296137339,-0.168382,1,,2.4869689742446455,-0.237198,1,,2.311603639035354,-0.234329,1,,0.9122721406419548,-0.093597,1,,0.4614799583110335,-0.076733,1,4.777777777777778,4.777777777777778,-0.605543,0,9,0.9,0,0.908947,0.9089476888545347,-0.9089476888545347,-0.388015,-0.321657,-0.311062,25,78,77,73
井波　勇太, Yuta  Inami,FW,フォワード,,11.200716845878135,-0.099503,1,,0.487219146857701,-0.077475,1,,1.891858526261784,0.009138,1,,32.56792929292929,-0.12013,1,,0.2575107296137339,-0.168382,1,,2.4869689742446455,-0.237198,1,,2.311603639035354,-0.234329,1,,0.9122721406419548,-0.093597,1,,0.4614799583110335,-0.076733,1,5.966666666666667,5.966666666666667,-0.154455,0,9,0.9,0,0.568325,0.5683260776578882,-0.5683260776578882,-0.388015,-0.321657,-0.311062,9,50,49,45
ドゥドゥ,Luiz Eduardo dos Santos Gonzaga,FW,フォワード,,11.200716845878135,-0.099503,1,,0.487219146857701,-0.077475,1,,1.891858526261784,0.009138,1,,32.56792929292929,-0.12013,1,,0.2575107296137339,-0.168382,1,,2.4869689742446455,-0.237198,1,,2.311603639035354,-0.234329,1,,0.9122721406419548,-0.093597,1,,0.4614799583110335,-0.076733,1,4.85,4.85,-0.578141,0,9,0.9,0,0.885442,0.885442805544209,-0.885442805544209,-0.388015,-0.321657,-0.311062,23,45,44,40
菅原　龍之助,Ryunosuke Sugawara,FW,フォワード,,11.200716845878135,-0.099503,1,,0.487219146857701,-0.077475,1,,1.891858526261784,0.009138,1,,32.56792929292929,-0.12013,1,,0.2575107296137339,-0.168382,1,,2.4869689742446455,-0.237198,1,,2.311603639035354,-0.234329,1,,0.9122721406419548,-0.093597,1,,0.4614799583110335,-0.076733,1,6.157894736842105,6.157894736842105,-0.081899,0,9,0.9,0,0.529198,0.5291988201744218,-0.5291988201744218,-0.388015,-0.321657,-0.311062,7,74,73,69
半田　航也,Koya Handa,FW,フォワード,,11.200716845878135,-0.099503,1,,0.487219146857701,-0.077475,1,,1.891858526261784,0.009138,1,,32.56792929292929,-0.12013,1,,0.2575107296137339,-0.168382,1,,2.4869689742446455,-0.237198,1,,2.311603639035354,-0.234329,1,,0.9122721406419548,-0.093597,1,,0.4614799583110335,-0.076733,1,4.958333333333333,4.958333333333333,-0.537037,0,9,0.9,0,0.850621,0.8506220574062254,-0.8506220574062254,-0.388015,-0.321657,-0.311062,20,54,53,49
佐藤　未勇,Miyu Sato,FW,フォワード,4.3478260869565215,4.3478260869565215,-1.028547,0,0.6260869565217392,0.6260869565217392,0.418231,0,2.973913043478261,2.973913043478261,1.493495,0,39.12608695652173,39.12608695652173,0.478643,0,0.1565217391304348,0.1565217391304348,-0.727547,0,3.1309043478260863,3.1309043478260863,0.071475,0,0.9388173913043476,0.9388173913043476,-1.295386,0,0.1565217391304348,0.1595484363081617,-2.036326,0,0.1565217391304348,0.1565217391304348,-1.282734,0,4.142857142857143,4.142857142857143,-0.846445,0,0,0.0,0,3.191872,3.1918726458355136,-3.1918726458355136,-1.2774510000000001,-0.4713559999999999,-2.57812,73,86,78,114
パトリック　グスタフソン,Patrik Gustavsson,FW,フォワード,10.0,10.0,-0.262283,0,0.7725321888412017,0.7725321888412017,0.940985,0,1.8025751072961371,1.8025751072961371,-0.113341,0,39.995,39.995,0.557976,0,0.2575107296137339,0.2575107296137339,-0.168382,0,2.705021459227468,2.705021459227468,-0.132674,0,3.0902575107296135,3.0902575107296135,0.367509,0,0.7725321888412017,0.7725321888412017,-0.454257,0,0.3862660944206008,0.3862660944206008,-0.374177,0,6.666666666666667,6.666666666666667,0.111139,0,0,0.0,0,1.559709,1.5597083819743356,-1.5597083819743356,0.12731100000000006,-0.700272,-0.006668000000000007,36,39,83,37
ジョップ　セリンサリウ,Serigne Diop,FW,フォワード,0.0,0.0,-1.61798,0,0.0,0.0,-1.816666,0,4.337349397590362,4.237187926965597,3.22645,0,25.0,25.0,-0.811098,0,0.0,0.0,-1.59419,0,8.315060240963856,8.315060240963856,2.556517,0,2.5301204819277108,2.5301204819277108,-0.065433,0,1.0843373493975903,1.0843373493975903,0.350491,0,0.0,0.0,-1.901722,0,3.875,3.875,-0.948076,0,0,0.0,0,5.472351,5.4723514309149595,-5.4723514309149595,-4.023268,6.133457999999999,-1.967155,108,114,2,109
深堀　隼平,Shumpei Fukahori,FW,フォワード,12.5,12.5,0.076641,0,0.1337295690936107,0.1337295690936107,-1.339301,0,0.9361069836552748,0.9361069836552748,-1.301958,0,50.0,50.0,1.471453,0,0.1337295690936107,0.1337295690936107,-0.853745,0,0.9361069836552748,0.9361069836552748,-0.980609,0,1.337964338781575,1.337964338781575,-0.986876,0,0.5349182763744428,0.5349182763744428,-1.067522,0,0.6686478454680534,0.6686478454680534,0.742542,0,7.928571428571429,7.928571428571429,0.589932,0,0,0.0,0,3.077996,3.0779963965289174,-3.0779963965289174,0.6943489999999999,-3.350089,-0.24433399999999994,70,34,114,38
内田　優晟,Yusei  Uchida,FW,フォワード,,11.200716845878135,-0.099503,1,,0.487219146857701,-0.077475,1,,1.891858526261784,0.009138,1,,32.56792929292929,-0.12013,1,,0.2575107296137339,-0.168382,1,,2.4869689742446455,-0.237198,1,,2.311603639035354,-0.234329,1,,0.9122721406419548,-0.093597,1,,0.4614799583110335,-0.076733,1,4.578947368421052,4.578947368421052,-0.680984,0,9,0.9,0,0.974711,0.9747115796526683,-0.9747115796526683,-0.388015,-0.321657,-0.311062,27,51,50,46
野田　隆之介,Ryunosuke Noda,FW,フォワード,3.7037037037037033,3.7037037037037033,-1.11587,0,1.0096153846153846,1.0096153846153846,1.787284,0,2.7403846153846154,2.7403846153846154,1.173142,0,26.923076923076923,26.923076923076923,-0.635517,0,0.1442307692307692,0.1442307692307692,-0.795601,0,4.903846153846154,4.903846153846154,0.92134,0,2.163894230769231,2.163894230769231,-0.348497,0,1.0096153846153846,1.0096153846153846,0.157639,0,0.2884615384615384,0.2884615384615384,-0.760959,0,2.875,2.875,-1.327496,0,0,0.0,2,3.197805,3.3065407454995923,-3.3065407454995923,-2.546988,2.252121,-1.109456,79,106,19,98
棚田　遼,Ryo Tanada,FW,フォワード,,11.200716845878135,-0.099503,1,,0.487219146857701,-0.077475,1,,1.891858526261784,0.009138,1,,32.56792929292929,-0.12013,1,,0.2575107296137339,-0.168382,1,,2.4869689742446455,-0.237198,1,,2.311603639035354,-0.234329,1,,0.9122721406419548,-0.093597,1,,0.4614799583110335,-0.076733,1,5.578947368421052,5.578947368421052,-0.301563,0,9,0.9,0,0.665113,0.6651138980310064,-0.6651138980310064,-0.388015,-0.321657,-0.311062,15,65,64,60
日野　友貴,Tomoki Hino,FW,フォワード,22.22222222222222,22.22222222222222,1.394679,0,0.4864864864864865,0.4864864864864865,-0.080091,0,2.4324324324324325,2.4324324324324325,0.750695,0,38.88333333333333,38.88333333333333,0.456479,0,0.6486486486486487,0.6486486486486487,1.997305,0,1.945945945945946,1.945945945945946,-0.496539,0,1.297135135135135,1.297135135135135,-1.018434,0,0.3243243243243243,0.3243243243243243,-1.61105,0,0.3243243243243243,0.3243243243243243,-0.619135,0,3.3846153846153846,3.3846153846153846,-1.134138,0,0,0.0,0,3.277754,3.2777535167957645,-3.2777535167957645,3.8484629999999997,-1.356894,-1.637569,77,9,89,107
中村　充孝,Atsutaka Nakamura,FW,フォワード,16.666666666666664,16.666666666666664,0.641514,0,0.3249097472924188,0.3249097472924188,-0.656859,0,0.4873646209386281,0.4873646209386281,-1.91754,0,20.0,20.0,-1.267608,0,0.1624548736462094,0.1624548736462094,-0.694696,0,0.9747292418772564,0.9747292418772564,-0.962095,0,6.335252707581227,6.335252707581227,2.875637,0,0.9747292418772564,0.9747292418772564,0.0676,0,0.4873646209386281,0.4873646209386281,0.025631,0,1.2,1.4791036414565828,-1.857128,0,0,0.0,3,3.318376,4.725115013112168,-4.725115013112168,-1.3207900000000001,-2.812035,2.9012680000000004,103,88,107,8
杉山　伶央,Reo Sugiyama,FW,フォワード,,11.200716845878135,-0.099503,1,,0.487219146857701,-0.077475,1,,1.891858526261784,0.009138,1,,32.56792929292929,-0.12013,1,,0.2575107296137339,-0.168382,1,,2.4869689742446455,-0.237198,1,,2.311603639035354,-0.234329,1,,0.9122721406419548,-0.093597,1,,0.4614799583110335,-0.076733,1,4.615384615384615,4.615384615384615,-0.667159,0,9,0.9,0,0.962553,0.9625537327515798,-0.9625537327515798,-0.388015,-0.321657,-0.311062,26,62,61,57
山本　駿亮,Shunsuke Yamamoto,FW,フォワード,,11.200716845878135,-0.099503,1,,0.487219146857701,-0.077475,1,,1.891858526261784,0.009138,1,,32.56792929292929,-0.12013,1,,0.2575107296137339,-0.168382,1,,2.4869689742446455,-0.237198,1,,2.311603639035354,-0.234329,1,,0.9122721406419548,-0.093597,1,,0.4614799583110335,-0.076733,1,4.923076923076923,4.923076923076923,-0.550414,0,9,0.9,0,0.861893,0.8618934662062359,-0.8618934662062359,-0.388015,-0.321657,-0.311062,22,58,57,53
ブルーノ　サントス,Bruno Santos de Oliveira,FW,フォワード,6.25,6.25,-0.77067,0,0.5263157894736842,0.5263157894736842,0.062085,0,2.1052631578947367,2.1052631578947367,0.301885,0,26.66,26.66,-0.659536,0,0.175438596491228,0.175438596491228,-0.622806,0,2.2805263157894737,2.2805263157894737,-0.336157,0,1.2284210526315789,1.2284210526315789,-1.071545,0,0.175438596491228,0.175438596491228,-1.995314,0,0.3508771929824561,0.3508771929824561,-0.514128,0,7.5,7.5,0.427323,0,0,0.0,0,2.212278,2.212277497795202,-2.212277497795202,-2.053012,-2.029586,-1.5856729999999999,48,101,98,106
加納　大,Haru Kano,FW,フォワード,,11.200716845878135,-0.099503,1,,0.487219146857701,-0.077475,1,,1.891858526261784,0.009138,1,,32.56792929292929,-0.12013,1,,0.2575107296137339,-0.168382,1,,2.4869689742446455,-0.237198,1,,2.311603639035354,-0.234329,1,,0.9122721406419548,-0.093597,1,,0.4614799583110335,-0.076733,1,5.714285714285714,5.714285714285714,-0.250213,0,9,0.9,0,0.629116,0.6291164152635027,-0.6291164152635027,-0.388015,-0.321657,-0.311062,12,52,51,47
イ　ヨンジェ,Yong-Jae Lee,FW,フォワード,7.142857142857142,7.142857142857142,-0.649625,0,0.0,0.0,-1.816666,0,3.043478260869565,3.043478260869565,1.588924,0,21.428571428571427,21.428571428571427,-1.137176,0,0.217391304347826,0.217391304347826,-0.390519,0,5.001086956521738,5.001086956521738,0.967953,0,1.3043478260869563,1.3043478260869563,-1.012859,0,0.8695652173913043,0.8695652173913043,-0.203821,0,0.217391304347826,0.217391304347826,-1.042017,0,2.8181818181818183,2.8181818181818183,-1.349054,0,0,0.0,0,3.339196,3.3391959014229755,-3.3391959014229755,-2.17732,2.353056,-2.054876,80,102,18,110
武　星弥,Seiya Take,FW,フォワード,,11.200716845878135,-0.099503,1,,0.487219146857701,-0.077475,1,,1.891858526261784,0.009138,1,,32.56792929292929,-0.12013,1,,0.2575107296137339,-0.168382,1,,2.4869689742446455,-0.237198,1,,2.311603639035354,-0.234329,1,,0.9122721406419548,-0.093597,1,,0.4614799583110335,-0.076733,1,5.416666666666667,5.416666666666667,-0.363136,0,9,0.9,0,0.710769,0.7107697960415875,-0.7107697960415875,-0.388015,-0.321657,-0.311062,18,66,65,61
髙尾　流星,Ryusei Takao,FW,フォワード,0.0,0.0,-1.61798,0,0.7003891050583657,0.7003891050583657,0.683462,0,2.4513618677042803,2.4513618677042803,0.776662,0,11.11111111111111,11.11111111111111,-2.079181,0,0.0,0.0,-1.59419,0,2.4517120622568096,2.4517120622568096,-0.254099,0,2.801556420233463,2.801556420233463,0.144366,0,0.3501945525291828,0.3501945525291828,-1.544281,0,2.101167315175098,1.5388571549016723,4.183909,0,2.4705882352941178,2.4705882352941178,-1.480938,0,0,0.0,3,5.159394,5.946404720969638,-5.946404720969638,-5.291351000000001,-1.0217180000000001,4.328275,111,116,86,3
北村　知也,Tomoya Kitamura,FW,フォワード,0.0,0.0,-1.61798,0,0.0,0.0,-1.816666,0,0.225563909774436,0.2356275303643724,-2.262872,0,100.0,82.00000000000004,4.393118,0,0.0,0.0,-1.59419,0,1.353157894736842,1.353157894736842,-0.780694,0,2.255639097744361,2.255639097744361,-0.277585,0,0.9022556390977444,0.9022556390977444,-0.119449,0,0.6766917293233082,0.6766917293233082,0.774353,0,11.0,11.0,1.755294,0,0,0.0,3,5.434953,6.154167530724607,-6.154167530724607,1.1809480000000003,-3.163015,0.49676799999999993,113,26,111,28
ファビアン　ゴンザレス,Fabián Andrés González Lasso,FW,フォワード,13.636363636363637,13.636363636363637,0.230697,0,1.3917525773195876,1.3710291121108806,3.077396,0,3.711340206185567,3.711340206185567,2.505094,0,50.009090909090915,50.009090909090915,1.472283,0,0.6958762886597938,0.6958762886597938,2.2588,0,2.3193556701030924,2.3193556701030924,-0.317544,0,1.6237113402061851,1.6237113402061851,-0.766016,0,2.319587628865979,2.272049113865401,3.415894,0,0.6958762886597938,0.6958762886597938,0.850221,0,4.266666666666667,4.266666666666667,-0.799469,0,0,0.0,2,4.433597,6.360409596477258,-6.360409596477258,3.96178,5.6034440000000005,0.08420499999999997,114,8,3,36
矢野　貴章,Kisho Yano,FW,フォワード,,11.200716845878135,-0.099503,1,,0.487219146857701,-0.077475,1,,1.891858526261784,0.009138,1,,32.56792929292929,-0.12013,1,,0.2575107296137339,-0.168382,1,,2.4869689742446455,-0.237198,1,,2.311603639035354,-0.234329,1,,0.9122721406419548,-0.093597,1,,0.4614799583110335,-0.076733,1,2.3448275862068964,2.3448275862068964,-1.528654,0,9,0.9,0,1.767614,1.7676142037585576,-1.7676142037585576,-0.388015,-0.321657,-0.311062,38,72,71,67
望月　想空,Sora Mochizuki,FW,フォワード,50.0,46.80000000000007,4.72668,0,0.0,0.0,-1.816666,0,2.3684210526315788,2.3684210526315788,0.662884,0,75.0,75.0,3.754004,0,1.1842105263157894,0.8668942286099264,3.205707,0,7.105263157894736,7.105263157894736,1.976597,0,4.144144736842105,4.144144736842105,1.182082,0,1.776315789473684,1.776315789473684,2.13644,0,0.0,0.0,-1.901722,0,2.0833333333333335,2.0833333333333335,-1.627871,0,0,0.0,1,2.27051,8.305195723766358,-8.305195723766358,11.686391,4.775921,-0.7196399999999998,117,2,6,83
石井　稜真,Ryoma Ishii,FW,フォワード,,11.200716845878135,-0.099503,1,,0.487219146857701,-0.077475,1,,1.891858526261784,0.009138,1,,32.56792929292929,-0.12013,1,,0.2575107296137339,-0.168382,1,,2.4869689742446455,-0.237198,1,,2.311603639035354,-0.234329,1,,0.9122721406419548,-0.093597,1,,0.4614799583110335,-0.076733,1,3.090909090909091,3.090909090909091,-1.245576,0,9,0.9,0,1.496161,1.4961617558823643,-1.4961617558823643,-0.388015,-0.321657,-0.311062,34,73,72,68
イスマイラ,Origbaajo Ismaila,FW,フォワード,,11.200716845878135,-0.099503,1,,0.487219146857701,-0.077475,1,,1.891858526261784,0.009138,1,,32.56792929292929,-0.12013,1,,0.2575107296137339,-0.168382,1,,2.4869689742446455,-0.237198,1,,2.311603639035354,-0.234329,1,,0.9122721406419548,-0.093597,1,,0.4614799583110335,-0.076733,1,6.5,6.5,0.047903,0,9,0.9,0,0.479053,0.47905426943719015,-0.47905426943719015,-0.388015,-0.321657,-0.311062,4,44,43,39
