FB_Name,SC_Name,analysis_position_code,analysis_position_jp,raw_sprint_distance_full_all_per_match,win_sprint_distance_full_all_per_match,z_sprint_distance_full_all_per_match,imputed_sprint_distance_full_all_per_match,raw_hsr_count_full_all_per_match,win_hsr_count_full_all_per_match,z_hsr_count_full_all_per_match,imputed_hsr_count_full_all_per_match,raw_dribble_success_rate_pct,win_dribble_success_rate_pct,z_dribble_success_rate_pct,imputed_dribble_success_rate_pct,raw_crosses_per90,win_crosses_per90,z_crosses_per90,imputed_crosses_per90,raw_cross_success_rate_pct,win_cross_success_rate_pct,z_cross_success_rate_pct,imputed_cross_success_rate_pct,raw_last_passes_per90,win_last_passes_per90,z_last_passes_per90,imputed_last_passes_per90,raw_pa_entry_per90,win_pa_entry_per90,z_pa_entry_per90,imputed_pa_entry_per90,raw_shot_conversion_rate_pct,win_shot_conversion_rate_pct,z_shot_conversion_rate_pct,imputed_shot_conversion_rate_pct,raw_regain_within_5s_per90,win_regain_within_5s_per90,z_regain_within_5s_per90,imputed_regain_within_5s_per90,imputed_count,imputed_ratio,cluster_id,cluster_distance_to_center
西谷　優希,Yuki  Nishiya,SH,サイドハーフ,130.0327868852459,130.0327868852459,0.501499,0,48.49180327868852,48.49180327868852,1.137798,0,90.0,89.06783333333324,2.331248,0,1.1286173633440513,1.1286173633440513,-0.569824,0,23.074358974358972,23.074358974358972,0.126118,0,0.607717041800643,0.607717041800643,-1.020277,0,0.6945337620578778,0.6945337620578778,-0.872929,0,7.142857142857142,7.142857142857142,-0.138633,0,1.8231511254019295,1.8231511254019295,1.337619,0,0,0.0000,0,3.259817
岡田　優希,Yuki Okada,SH,サイドハーフ,173.03333333333333,173.03333333333333,1.372315,0,58.9,58.9,2.080930,0,58.88598130841122,58.88598130841122,0.675450,0,2.3010546500479387,2.3010546500479387,0.310048,0,36.2425,36.2425,1.417842,0,1.2080536912751678,1.2080536912751678,0.223569,0,2.070949185043145,2.070949185043145,0.727360,0,16.455696202531644,16.455696202531644,1.370674,0,0.4889741131351869,0.4889741131351869,-1.279038,0,0,0.0000,0,2.441666
西村　恭史,Yasufumi Nishimura,SH,サイドハーフ,209.96610169491527,209.96610169491527,2.120250,0,55.47457627118644,55.47457627118644,1.770537,0,25.0,25.0,-1.183559,0,0.844923504867872,0.844923504867872,-0.782727,0,25.92962962962963,25.92962962962963,0.406204,0,1.0326842837273993,1.0326842837273993,-0.139781,0,0.844923504867872,0.844923504867872,-0.698079,0,2.272727272727273,2.272727272727273,-0.927922,0,1.8776077885952713,1.8776077885952713,1.444423,0,0,0.0000,0,3.111894
森　晃太,Kota Mori,SH,サイドハーフ,229.95238095238096,229.95238095238096,2.524998,0,54.22222222222222,54.22222222222222,1.657056,0,65.14628571428571,65.14628571428571,1.018895,0,3.4849023090586146,3.4849023090586146,1.198483,0,22.94036697247706,22.94036697247706,0.112974,0,1.2468916518650088,1.2468916518650088,0.304038,0,3.2930728241563054,3.2930728241563054,2.148263,0,7.766990291262135,7.766990291262135,-0.037481,0,0.44760213143872113,0.44760213143872113,-1.360179,0,0,0.0000,0,2.886773
山内　陸,Riku Yamauchi,SH,サイドハーフ,174.96153846153845,174.96153846153845,1.411363,0,60.40384615384615,60.27230769230768,2.205280,0,69.23846153846155,69.23846153846155,1.243395,0,1.0012360939431397,1.0012360939431397,-0.665419,0,24.997222222222216,24.997222222222216,0.314740,0,1.195920889987639,1.195920889987639,0.198431,0,1.0290482076637826,1.0290482076637826,-0.484006,0,0.0,0.0,-1.296257,0,1.779975278121137,1.779975278121137,1.252941,0,0,0.0000,0,2.810146
徳永　晃太郎,Kotaro Tokunaga,SH,サイドハーフ,111.26666666666667,111.26666666666667,0.121461,0,48.666666666666664,48.666666666666664,1.153643,0,45.45454545454545,45.45454545454545,-0.061408,0,1.3525588952071486,1.3525588952071486,-0.401764,0,16.208108108108107,16.208108108108107,-0.547425,0,1.4622258326563768,1.4622258326563768,0.750192,0,1.5718927701056051,1.5718927701056051,0.147132,0,7.6923076923076925,7.6923076923076925,-0.049585,0,1.3160032493907392,1.3160032493907392,0.342974,0,0,0.0000,0,1.669660
富所　悠,Yu Tomidokoro,SH,サイドハーフ,48.73076923076923,48.73076923076923,-1.144970,0,34.21153846153846,34.21153846153846,-0.156198,0,26.923076923076923,26.923076923076923,-1.078058,0,0.5594405594405595,0.5594405594405595,-0.996971,0,31.25,31.25,0.928104,0,2.377622377622378,2.377622377622378,2.646815,0,1.7482517482517481,1.7482517482517481,0.352176,0,18.181818181818183,18.181818181818183,1.650422,0,0.48951048951048953,0.48951048951048953,-1.277986,0,0,0.0000,3,3.917906
山本　康裕,Kosuke Yamamoto,SH,サイドハーフ,123.36206896551724,123.36206896551724,0.366408,0,40.706896551724135,40.706896551724135,0.432374,0,60.0,60.0,0.736566,0,1.0998603351955307,1.0998603351955307,-0.591406,0,20.002857142857145,20.002857142857145,-0.175180,0,0.8798882681564246,0.8798882681564246,-0.456362,0,1.0370111731843576,1.0370111731843576,-0.474748,0,3.7037037037037033,3.7037037037037033,-0.696007,0,1.1312849162011174,1.1312849162011174,-0.019305,0,0,0.0000,3,1.629378
永田　一真,Kazuma Nagata,SH,サイドハーフ,201.0,201.0,1.938675,0,57.60344827586207,57.60344827586207,1.963444,0,51.11555555555556,51.11555555555556,0.249159,0,1.1826008155867693,1.1826008155867693,-0.529312,0,20.682758620689654,20.682758620689654,-0.108485,0,0.8971454463072043,0.8971454463072043,-0.420606,0,0.8971454463072043,0.8971454463072043,-0.637363,0,18.181818181818183,18.181818181818183,1.650422,0,1.1418214771182602,1.1418214771182602,0.001360,0,0,0.0000,0,2.401208
菊井　悠介,Yusuke Kikui,SH,サイドハーフ,171.9,171.9,1.349363,0,52.36,52.36,1.488312,0,60.523684210526305,60.523684210526305,0.765296,0,2.7075399847677075,2.7075399847677075,0.615101,0,29.112658227848105,29.112658227848105,0.718442,0,2.9817212490479816,2.686493316485997,3.286769,0,2.1934501142421934,2.1934501142421934,0.869786,0,11.11111111111111,11.11111111111111,0.504491,0,0.8568164508758568,0.8568164508758568,-0.557607,0,0,0.0000,0,3.377162
平松　昇,Sho Hiramatsu,SH,サイドハーフ,117.69090909090909,117.69090909090909,0.251560,0,42.32727272727273,42.32727272727273,0.579204,0,75.86551724137931,75.86551724137931,1.606960,0,2.7515286270150083,2.7515286270150083,0.648113,0,20.003636363636364,20.003636363636364,-0.175104,0,1.3007226236798222,1.3007226236798222,0.415571,0,1.9010561423012786,1.9010561423012786,0.529834,0,4.3478260869565215,4.3478260869565215,-0.591616,0,1.500833796553641,1.500833796553641,0.705474,0,0,0.0000,0,2.133243
中島　賢星,Kensei Nakashima,SH,サイドハーフ,109.14814814814815,109.14814814814815,0.078558,0,38.72222222222222,38.72222222222222,0.252534,0,20.0,20.0,-1.457863,0,0.7918898240244836,0.7918898240244836,-0.822526,0,26.08695652173913,26.08695652173913,0.421637,0,1.4116296863045141,1.4116296863045141,0.645361,0,0.7230298393267023,0.7230298393267023,-0.839798,0,4.3478260869565215,4.3478260869565215,-0.591616,0,1.2050497322111706,1.2050497322111706,0.125367,0,0,0.0000,1,2.041313
阿野　真拓,Mahiro Ano,SH,サイドハーフ,157.96610169491527,157.96610169491527,1.067184,0,56.05084745762712,56.05084745762712,1.822756,0,59.21710526315789,59.21710526315789,0.693616,0,2.3646496815286624,2.3646496815286624,0.357774,0,15.154545454545454,15.154545454545454,-0.650773,0,1.4331210191082802,1.4331210191082802,0.689889,0,1.8988853503184713,1.8988853503184713,0.527310,0,4.838709677419355,4.838709677419355,-0.512060,0,1.4689490445859872,1.4689490445859872,0.642940,0,0,0.0000,0,1.662608
岡野　凜平,Rimpei Okano,SH,サイドハーフ,117.59322033898304,117.59322033898304,0.249582,0,40.67796610169491,40.67796610169491,0.429753,0,26.91923076923077,26.91923076923077,-1.078269,0,1.322532027128862,1.322532027128862,-0.424298,0,33.33076923076923,33.33076923076923,1.132216,0,1.2207987942727958,1.2207987942727958,0.249976,0,0.8477769404672194,0.8477769404672194,-0.694761,0,3.571428571428571,3.571428571428571,-0.717445,0,1.2886209495101735,1.2886209495101735,0.289271,0,0,0.0000,1,2.157029
武井　成豪,Seigo Takei,SH,サイドハーフ,109.55555555555556,109.55555555555556,0.086809,0,42.388888888888886,42.388888888888886,0.584787,0,51.61290322580645,51.61290322580645,0.276444,0,0.5519591141396933,0.5519591141396933,-1.002586,0,11.11111111111111,11.11111111111111,-1.047412,0,0.766609880749574,0.766609880749574,-0.691065,0,0.766609880749574,0.766609880749574,-0.789130,0,5.263157894736842,5.263157894736842,-0.443271,0,2.0545144804088586,2.0545144804088586,1.791381,0,0,0.0000,1,2.627381
安永　玲央,Reo Yasunaga,SH,サイドハーフ,108.8,108.8,0.071508,0,37.4,37.4,0.132722,0,44.004000000000005,44.004000000000005,-0.140986,0,1.696383087111564,1.696383087111564,-0.143736,0,16.21891891891892,16.21891891891892,-0.546364,0,1.2379011716760062,1.2379011716760062,0.285410,0,1.5588385124808968,1.5588385124808968,0.131955,0,6.0606060606060606,6.0606060606060606,-0.314030,0,0.7794192562404484,0.7794192562404484,-0.709402,0,0,0.0000,3,1.175845
長谷川　隼,Hayato Hasegawa,SH,サイドハーフ,56.86274509803921,56.86274509803921,-0.980288,0,29.666666666666668,29.666666666666668,-0.568028,0,100.0,89.06783333333324,2.331248,0,0.5547652916073968,0.5547652916073968,-1.000480,0,15.384615384615385,15.384615384615385,-0.628205,0,0.8534850640113799,0.8534850640113799,-0.511067,0,0.6401137980085349,0.6401137980085349,-0.936201,0,11.76470588235294,11.76470588235294,0.610418,0,1.4509246088193457,1.4509246088193457,0.607589,0,0,0.0000,3,2.771863
久保　吏久斗,Rikuto Kubo,SH,サイドハーフ,316.05555555555554,254.90244897959153,3.030269,0,58.907407407407405,58.907407407407405,2.081601,0,45.056043956043965,45.056043956043965,-0.083270,0,5.0,5.0,2.335510,0,27.784567901234563,27.784567901234563,0.588164,0,1.6049382716049383,1.6049382716049383,1.045880,0,2.191358024691358,2.191358024691358,0.867354,0,5.0,5.0,-0.485920,0,0.6172839506172839,0.6172839506172839,-1.027390,0,0,0.0000,0,3.352712
普光院　誠,Makoto Fukoin,SH,サイドハーフ,135.1086956521739,135.1086956521739,0.604293,0,43.54347826086956,43.54347826086956,0.689409,0,56.25,56.25,0.530839,0,1.1102268205332273,1.1102268205332273,-0.583626,0,22.570967741935483,22.570967741935483,0.076738,0,1.5399920413847992,1.5399920413847992,0.911317,0,0.931157978511739,0.931157978511739,-0.597818,0,9.803921568627452,9.803921568627452,0.292639,0,1.2534818941504178,1.2534818941504178,0.220354,0,0,0.0000,0,1.688465
城定　幹大,Kanta Jojo,SH,サイドハーフ,83.96774193548387,83.96774193548387,-0.431377,0,33.0,33.0,-0.265981,0,51.72758620689656,51.72758620689656,0.282736,0,0.821917808219178,0.821917808219178,-0.799991,0,14.285714285714285,14.285714285714285,-0.736001,0,0.9980430528375733,0.9980430528375733,-0.211555,0,1.8199608610567513,1.8199608610567513,0.435549,0,8.0,8.0,0.000282,0,1.8786692759295498,1.8786692759295498,1.446504,0,0,0.0000,3,2.037165
村越　凱光,Kaiga Murakoshi,SH,サイドハーフ,128.54237288135593,128.54237288135593,0.471316,0,42.559322033898304,42.559322033898304,0.600231,0,64.85945945945946,64.85945945945946,1.003160,0,2.7346938775510203,2.7346938775510203,0.635479,0,17.91044776119403,17.91044776119403,-0.380434,0,0.8571428571428572,0.8571428571428572,-0.503488,0,1.8367346938775508,1.8367346938775508,0.455051,0,14.814814814814813,14.814814814814813,1.104741,0,0.653061224489796,0.653061224489796,-0.957222,0,0,0.0000,0,1.896977
北　龍磨,Ryoma  Kita,SH,サイドハーフ,59.421052631578945,59.421052631578945,-0.928479,0,35.175438596491226,35.175438596491226,-0.068855,0,45.445454545454545,45.445454545454545,-0.061907,0,1.3772807533843436,1.3772807533843436,-0.383211,0,15.384615384615385,15.384615384615385,-0.628205,0,1.748087110064744,1.748087110064744,1.342472,0,1.2183637433784578,1.2183637433784578,-0.263898,0,9.67741935483871,9.67741935483871,0.272137,0,1.3772807533843436,1.3772807533843436,0.463155,0,0,0.0000,3,1.839460
長谷川　雄志,Yushi Hasegawa,SH,サイドハーフ,66.84313725490196,66.84313725490196,-0.778172,0,32.627450980392155,32.627450980392155,-0.299739,0,50.0,50.0,0.187959,0,0.6535947712418301,0.6535947712418301,-0.926312,0,10.0,10.0,-1.156407,0,0.5228758169934641,0.5228758169934641,-1.196061,0,0.6535947712418301,0.6535947712418301,-0.920527,0,0.0,0.0,-1.296257,0,0.8496732026143791,0.8496732026143791,-0.571617,0,0,0.0000,3,2.367516
曽我　大地,Daichi Soga,SH,サイドハーフ,52.44,52.44,-1.069854,0,30.12,30.12,-0.526950,0,0.0,0.0,-2.555077,0,0.37834997372569623,0.37834997372569623,-1.132873,0,0.0,0.0,-2.137353,0,0.5202312138728323,0.5202312138728323,-1.201540,0,0.5202312138728323,0.5202312138728323,-1.075582,0,6.666666666666667,6.666666666666667,-0.215808,0,1.4661061481870732,1.4661061481870732,0.637364,0,0,0.0000,1,3.029719
稲積　大介,Daisuke Inazumi,SH,サイドハーフ,257.9795918367347,254.90244897959153,3.030269,0,62.30612244897959,60.27230769230768,2.205280,0,47.61428571428571,47.61428571428571,0.057077,0,6.976076555023923,6.976076555023923,3.818485,0,18.522222222222222,18.522222222222222,-0.320422,0,1.5502392344497606,1.5502392344497606,0.932548,0,2.2392344497607657,2.2392344497607657,0.923017,0,0.0,0.0,-1.296257,0,1.2057416267942584,1.2057416267942584,0.126724,0,0,0.0000,0,4.547157
古賀　俊太郎,Shuntaro Koga,SH,サイドハーフ,86.125,86.125,-0.387690,0,36.8125,36.8125,0.079486,0,50.0,50.0,0.187959,0,0.5263157894736842,0.5263157894736842,-1.021830,0,50.0,50.0,2.767378,0,0.5921052631578947,0.5921052631578947,-1.052624,0,1.3157894736842104,1.3157894736842104,-0.150626,0,0.0,0.0,-1.296257,0,2.5,2.5,2.665091,0,0,0.0000,1,3.505848
上畑　佑平士,Uheiji Uehata,SH,サイドハーフ,86.58333333333333,86.58333333333333,-0.378408,0,36.770833333333336,36.770833333333336,0.075711,0,63.63636363636363,63.63636363636363,0.936060,0,0.3949533735600658,0.3949533735600658,-1.120413,0,25.0,25.0,0.315013,0,0.4443225452550741,0.4443225452550741,-1.358817,0,0.9873834339001646,0.9873834339001646,-0.532448,0,6.25,6.25,-0.283336,0,1.67855183763028,1.67855183763028,1.054024,0,0,0.0000,3,2.352438
井上　怜,Ren Inoue,SH,サイドハーフ,137.52459016393442,137.52459016393442,0.653218,0,40.0655737704918,40.0655737704918,0.374261,0,57.43465346534653,57.43465346534653,0.595829,0,5.13526807673389,5.13526807673389,2.437024,0,20.68706896551724,20.68706896551724,-0.108063,0,1.8593212001967534,1.8593212001967534,1.572940,0,2.6561731431382194,2.6561731431382194,1.407771,0,11.11111111111111,11.11111111111111,0.504491,0,0.3984259714707329,0.3984259714707329,-1.456626,0,0,0.0000,0,3.248021
安達　秀都,Shuto  Adachi,SH,サイドハーフ,104.43396226415095,104.43396226415095,-0.016910,0,41.886792452830186,41.886792452830186,0.539290,0,60.0,60.0,0.736566,0,0.5639686684073107,0.5639686684073107,-0.993573,0,25.0,25.0,0.315013,0,0.5639686684073107,0.5639686684073107,-1.110920,0,0.9869451697127938,0.9869451697127938,-0.532957,0,0.0,0.0,-1.296257,0,0.9869451697127938,0.9869451697127938,-0.302392,0,0,0.0000,3,2.295363
徳永　裕大,Yudai Tokunaga,SH,サイドハーフ,38.775510204081634,38.775510204081634,-1.346577,0,26.285714285714285,26.285714285714285,-0.874391,0,50.0,50.0,0.187959,0,1.1792054099746407,1.1792054099746407,-0.531860,0,29.03225806451613,29.03225806451613,0.710556,0,0.989010989010989,0.989010989010989,-0.230269,0,1.2172442941673711,1.2172442941673711,-0.265200,0,12.5,12.5,0.729585,0,0.874894336432798,0.874894336432798,-0.522152,0,0,0.0000,3,1.576120
荒木　大吾,Daigo Araki,SH,サイドハーフ,153.72972972972974,153.72972972972974,0.981392,0,48.67567567567568,48.67567567567568,1.154460,0,56.252083333333346,56.252083333333346,0.530953,0,3.6766759776536313,3.6766759776536313,1.342403,0,22.22222222222222,22.22222222222222,0.042528,0,1.005586592178771,1.005586592178771,-0.195926,0,2.6710893854748603,2.6710893854748603,1.425113,0,11.538461538461538,11.538461538461538,0.573751,0,0.691340782122905,0.691340782122905,-0.882146,0,0,0.0000,0,1.834574
高　昇辰,Seung-Jin Koh,SH,サイドハーフ,166.94117647058823,166.94117647058823,1.248941,0,45.92156862745098,45.92156862745098,0.904898,0,40.625,40.625,-0.326360,0,1.9343493552168816,1.9343493552168816,0.034849,0,25.452727272727273,25.452727272727273,0.359423,0,1.0550996483001172,1.0550996483001172,-0.093339,0,1.2661195779601409,1.2661195779601409,-0.208375,0,8.571428571428571,8.571428571428571,0.092892,0,0.492379835873388,0.492379835873388,-1.272359,0,0,0.0000,0,1.366164
鈴木　拳士郎,Kenshiro Suzuki,SH,サイドハーフ,115.54716981132076,115.54716981132076,0.208147,0,40.64150943396226,40.64150943396226,0.426449,0,66.66666666666666,66.66666666666666,1.102304,0,1.6149369544131909,1.6149369544131909,-0.204859,0,18.91891891891892,18.91891891891892,-0.281509,0,1.0475266731328807,1.0475266731328807,-0.109029,0,0.9165858389912706,0.9165858389912706,-0.614760,0,8.333333333333332,8.333333333333332,0.054304,0,0.6110572259941804,0.6110572259941804,-1.039603,0,0,0.0000,3,1.639914
藤原　健介,Kensuke Fujiwara,SH,サイドハーフ,70.82608695652173,70.82608695652173,-0.697512,0,32.91304347826087,32.91304347826087,-0.273860,0,38.46153846153847,38.46153846153847,-0.445049,0,2.370153621068032,2.370153621068032,0.361904,0,5.555555555555555,5.555555555555555,-1.592383,0,2.4359912216532553,2.4359912216532553,2.767751,0,1.9092904169714704,1.9092904169714704,0.539408,0,8.0,8.0,0.000282,0,1.185076810534016,1.185076810534016,0.086195,0,0,0.0000,3,3.417549
山中　麗央,Reo Yamanaka,SH,サイドハーフ,90.05660377358491,90.05660377358491,-0.308070,0,38.735849056603776,38.735849056603776,0.253769,0,20.829166666666666,20.829166666666666,-1.412374,0,1.2566489361702127,1.2566489361702127,-0.473741,0,23.809523809523807,23.809523809523807,0.198233,0,0.9574468085106382,0.9574468085106382,-0.295667,0,1.196808510638298,1.196808510638298,-0.288959,0,8.571428571428571,8.571428571428571,0.092892,0,0.9574468085106382,0.9574468085106382,-0.360245,0,0,0.0000,3,1.838709
三木　直土,Naoto Miki,SH,サイドハーフ,129.62962962962962,129.62962962962962,0.493335,0,43.888888888888886,43.888888888888886,0.720708,0,50.0,50.0,0.187959,0,1.0514018691588785,1.0514018691588785,-0.627772,0,6.666666666666667,6.666666666666667,-1.483389,0,0.5607476635514018,0.5607476635514018,-1.117594,0,1.0514018691588785,1.0514018691588785,-0.458017,0,13.043478260869565,13.043478260869565,0.817665,0,0.2102803738317757,0.2102803738317757,-1.825627,0,0,0.0000,3,2.890649
大山　啓輔,Keisuke Oyama,SH,サイドハーフ,53.65217391304348,53.65217391304348,-1.045306,0,28.717391304347824,28.717391304347824,-0.654046,0,75.0,75.0,1.559477,0,1.3,1.3,-0.441208,0,38.45384615384615,38.45384615384615,1.634763,0,2.3000000000000003,2.3000000000000003,2.485988,0,1.3,1.3,-0.168984,0,5.263157894736842,5.263157894736842,-0.443271,0,1.5,1.5,0.703838,0,0,0.0000,3,3.633861
前川　大河,Taiga Maekawa,SH,サイドハーフ,87.83673469387755,87.83673469387755,-0.353025,0,32.734693877551024,32.734693877551024,-0.290021,0,51.84814814814814,51.84814814814814,0.289350,0,1.139240506329114,1.139240506329114,-0.561852,0,9.67741935483871,9.67741935483871,-1.188050,0,1.5067374438546346,1.5067374438546346,0.842416,0,0.9554920375663537,0.9554920375663537,-0.569526,0,12.121212121212121,12.121212121212121,0.668196,0,1.3229889750918744,1.3229889750918744,0.356675,0,0,0.0000,3,1.769649
森　夢真,Yuma Mori,SH,サイドハーフ,108.42592592592592,108.42592592592592,0.063933,0,37.111111111111114,37.111111111111114,0.106545,0,56.7554054054054,56.7554054054054,0.558565,0,3.140123804164322,3.140123804164322,0.939739,0,20.956451612903223,20.956451612903223,-0.081638,0,1.2661789532920653,1.2661789532920653,0.344000,0,2.6336522228474957,2.6336522228474957,1.381587,0,5.660377358490567,5.660377358490567,-0.378894,0,0.30388294879009564,0.30388294879009564,-1.642049,0,0,0.0000,0,2.467448
岩本　和希,Kazuki Iwamoto,SH,サイドハーフ,60.38297872340426,60.38297872340426,-0.908998,0,30.19148936170213,30.19148936170213,-0.520472,0,50.0,50.0,0.187959,0,0.756880733944954,0.756880733944954,-0.848799,0,9.090909090909092,9.090909090909092,-1.245583,0,0.6880733944954128,0.6880733944954128,-0.853786,0,1.1009174311926606,1.1009174311926606,-0.400447,0,0.0,0.0,-1.296257,0,2.958715596330275,2.592692307692307,2.846884,0,0,0.0000,1,2.788850
小島　幹敏,Masato Kojima,SH,サイドハーフ,96.03703703703704,96.03703703703704,-0.186958,0,43.111111111111114,43.111111111111114,0.650231,0,75.0,75.0,1.559477,0,1.473684210526316,1.473684210526316,-0.310864,0,21.430357142857144,21.430357142857144,-0.035150,0,1.526315789473684,1.526315789473684,0.882981,0,1.5789473684210527,1.5789473684210527,0.155334,0,10.0,10.0,0.324417,0,1.631578947368421,1.631578947368421,0.961898,0,0,0.0000,3,2.363827
高柳　郁弥,Fumiya Takayanagi,SH,サイドハーフ,121.91304347826087,121.91304347826087,0.337064,0,43.41304347826087,43.41304347826087,0.677590,0,14.285714285714285,14.285714285714285,-1.771352,0,1.0688836104513064,1.0688836104513064,-0.614652,0,19.993333333333332,19.993333333333332,-0.176114,0,2.2090261282660335,2.2090261282660335,2.297498,0,1.4251781472684084,1.4251781472684084,-0.023445,0,14.285714285714285,14.285714285714285,1.018991,0,1.852731591448931,1.852731591448931,1.395634,0,0,0.0000,1,3.555463
梶浦　勇輝,Yuki Kajiura,SH,サイドハーフ,206.03571428571428,206.03571428571428,2.040655,0,59.464285714285715,59.464285714285715,2.132062,0,37.93218390804598,37.93218390804598,-0.474090,0,1.7893755824790307,1.7893755824790307,-0.073949,0,23.4359375,23.4359375,0.161587,0,1.0065237651444547,1.0065237651444547,-0.193984,0,1.369990680335508,1.369990680335508,-0.087609,0,15.686274509803921,15.686274509803921,1.245976,0,0.8946877912395154,0.8946877912395154,-0.483332,0,0,0.0000,0,2.063881
澤崎　凌大,Ryota Sawazaki,SH,サイドハーフ,134.82222222222222,134.82222222222222,0.598491,0,46.266666666666666,46.266666666666666,0.936169,0,22.22222222222222,22.22222222222222,-1.335950,0,1.8218623481781377,1.8218623481781377,-0.049569,0,19.993333333333332,19.993333333333332,-0.176114,0,1.0931174089068827,1.0931174089068827,-0.014569,0,1.2145748987854252,1.2145748987854252,-0.268303,0,9.090909090909092,9.090909090909092,0.177083,0,2.3076923076923075,2.3076923076923075,2.287927,0,0,0.0000,1,2.468375
田中　パウロ淳一,Paulo Junichi Tanaka,SH,サイドハーフ,200.1315789473684,200.1315789473684,1.921089,0,51.3421052631579,51.3421052631579,1.396076,0,,50.0,0.187959,1,,1.6124309699936699,-0.206740,1,,21.58474378881988,-0.020005,1,,1.045591440249933,-0.113039,1,,1.270066866836491,-0.203786,1,,7.6923076923076925,-0.049585,1,,1.0837758152830617,-0.112482,1,7,0.7778,0,1.112017
持井　響太,Kyota Mochii,SH,サイドハーフ,154.82758620689654,154.82758620689654,1.003625,0,53.37931034482759,53.37931034482759,1.580676,0,51.51212121212121,51.51212121212121,0.270915,0,0.8205796157603387,0.8205796157603387,-0.800996,0,24.99642857142857,24.99642857142857,0.314662,0,0.9084988603060892,0.9084988603060892,-0.397083,0,1.2601758384890915,1.2601758384890915,-0.215285,0,11.363636363636363,11.363636363636363,0.545418,0,0.8498860306089222,0.8498860306089222,-0.571199,0,0,0.0000,0,1.526674
岡澤　昂星,Kosei Okazawa,SH,サイドハーフ,84.3,84.3,-0.424648,0,41.0,41.0,0.458934,0,50.0,50.0,0.187959,0,0.6174452793204834,0.6174452793204834,-0.953441,0,33.33333333333333,33.33333333333333,1.132468,0,0.8526625285854296,0.8526625285854296,-0.512771,0,1.0290754655341392,1.0290754655341392,-0.483974,0,8.333333333333332,8.333333333333332,0.054304,0,1.8817379941195687,1.8817379941195687,1.452523,0,0,0.0000,1,2.192070
大澤　朋也,Tomoya Osawa,SH,サイドハーフ,153.578125,153.578125,0.978322,0,36.953125,36.953125,0.092229,0,36.663333333333334,36.663333333333334,-0.543700,0,2.1215880893300247,2.1215880893300247,0.175365,0,31.573684210526316,31.573684210526316,0.959856,0,1.1166253101736974,1.1166253101736974,0.034137,0,2.009925558312655,2.009925558312655,0.656411,0,12.5,12.5,0.729585,0,0.6699751861042184,0.6699751861042184,-0.924050,0,0,0.0000,0,1.878290
萩野　滉大,Kodai Hagino,SH,サイドハーフ,65.125,65.125,-0.812966,0,36.55,36.55,0.055700,0,0.0,0.0,-2.555077,0,0.3289473684210526,0.3289473684210526,-1.169948,0,20.0,20.0,-0.175460,0,0.5921052631578947,0.5921052631578947,-1.052624,0,0.5921052631578947,0.5921052631578947,-0.992018,0,0.0,0.0,-1.296257,0,1.644736842105263,1.644736842105263,0.987704,0,0,0.0000,1,1.935268
新里　涼,Ryo Niizato,SH,サイドハーフ,61.76923076923077,61.76923076923077,-0.880925,0,30.076923076923077,30.076923076923077,-0.530853,0,61.54615384615385,61.54615384615385,0.821389,0,0.7280080889787665,0.7280080889787665,-0.870467,0,37.5,37.5,1.541195,0,0.8796764408493428,0.8796764408493428,-0.456801,0,1.2740141557128413,1.2740141557128413,-0.199196,0,6.25,6.25,-0.283336,0,1.031344792719919,1.031344792719919,-0.215313,0,0,0.0000,3,2.037239
水野　颯太,Hayata Mizuno,SH,サイドハーフ,121.80851063829788,121.80851063829788,0.334947,0,37.91489361702128,37.91489361702128,0.179379,0,68.18863636363636,68.18863636363636,1.185801,0,4.216478190630048,4.216478190630048,1.747505,0,10.341379310344827,10.341379310344827,-1.122919,0,1.0177705977382876,1.0177705977382876,-0.170681,0,1.890145395799677,1.890145395799677,0.517149,0,8.333333333333332,8.333333333333332,0.054304,0,0.8723747980613893,0.8723747980613893,-0.527093,0,0,0.0000,0,2.488912
牛之濵　拓,Taku Ushinohama,SH,サイドハーフ,78.39024390243902,78.39024390243902,-0.544328,0,35.36585365853659,35.36585365853659,-0.051601,0,40.0,40.0,-0.360648,0,2.1448598130841123,2.1448598130841123,0.192829,0,25.488235294117644,25.488235294117644,0.362906,0,1.0934579439252337,1.0934579439252337,-0.013864,0,1.5981308411214954,1.5981308411214954,0.177638,0,6.896551724137931,6.896551724137931,-0.178551,0,0.6728971962616823,0.6728971962616823,-0.918319,0,0,0.0000,3,1.184918
新井　光,Hikaru Arai,SH,サイドハーフ,154.32,154.32,0.993346,0,54.12,54.12,1.647793,0,53.34000000000001,53.34000000000001,0.371194,0,1.3664596273291927,1.3664596273291927,-0.391332,0,29.54090909090909,29.54090909090909,0.760452,0,1.6149068322981366,1.6149068322981366,1.066534,0,1.2111801242236024,1.2111801242236024,-0.272250,0,5.128205128205128,5.128205128205128,-0.465142,0,1.5217391304347825,1.5217391304347825,0.746474,0,0,0.0000,0,1.922328
東條　敦輝,Atsuki Tojo,SH,サイドハーフ,77.92682926829268,77.92682926829268,-0.553713,0,33.02439024390244,33.02439024390244,-0.263771,0,50.0,50.0,0.187959,0,1.281138790035587,1.281138790035587,-0.455362,0,12.5,12.5,-0.911170,0,1.7615658362989324,1.7615658362989324,1.370399,0,0.9608540925266904,0.9608540925266904,-0.563292,0,0.0,0.0,-1.296257,0,1.7615658362989324,1.7615658362989324,1.216835,0,0,0.0000,3,2.660953
山口　卓己,Takumi Yamaguchi,SH,サイドハーフ,77.94444444444444,77.94444444444444,-0.553356,0,43.72222222222222,43.72222222222222,0.705606,0,,50.0,0.187959,1,,1.6124309699936699,-0.206740,1,,21.58474378881988,-0.020005,1,,1.045591440249933,-0.113039,1,,1.270066866836491,-0.203786,1,,7.6923076923076925,-0.049585,1,,1.0837758152830617,-0.112482,1,7,0.7778,3,1.133762
西村　真祈,Masaki Nishimura,SH,サイドハーフ,175.25581395348837,175.25581395348837,1.417323,0,47.53488372093023,47.53488372093023,1.051088,0,41.17647058823529,41.17647058823529,-0.296106,0,1.5384615384615385,1.5384615384615385,-0.262251,0,14.285714285714285,14.285714285714285,-0.736001,0,1.098901098901099,1.098901098901099,-0.002586,0,0.7692307692307693,0.7692307692307693,-0.786083,0,4.166666666666666,4.166666666666666,-0.620976,0,0.6593406593406593,0.6593406593406593,-0.944907,0,0,0.0000,0,1.848404
大関　友翔,Yuto  Ozeki,SH,サイドハーフ,127.95652173913044,127.95652173913044,0.459452,0,50.26086956521739,50.26086956521739,1.298101,0,49.150847457627115,49.150847457627115,0.141374,0,1.1054913294797688,1.1054913294797688,-0.587180,0,23.52647058823529,23.52647058823529,0.170467,0,1.7557803468208093,1.7557803468208093,1.358412,0,3.2514450867052025,3.2514450867052025,2.099864,0,13.793103448275861,13.793103448275861,0.939155,0,1.170520231213873,1.170520231213873,0.057645,0,0,0.0000,0,2.629189
柳町　魁耀,Kaiyo Yanagimachi,SH,サイドハーフ,112.47540983606558,112.47540983606558,0.145940,0,35.98360655737705,35.98360655737705,0.004377,0,58.333333333333336,58.333333333333336,0.645132,0,1.2286689419795223,1.2286689419795223,-0.494739,0,50.0,50.0,2.767378,0,1.2286689419795223,1.2286689419795223,0.266282,0,3.0716723549488054,3.0716723549488054,1.890851,0,22.22222222222222,22.22222222222222,2.305240,0,0.9215017064846416,0.9215017064846416,-0.430743,0,0,0.0000,0,4.220367
禹　相皓,Sang-Ho Woo,SH,サイドハーフ,68.41176470588235,68.41176470588235,-0.746405,0,31.352941176470587,31.352941176470587,-0.415228,0,0.0,0.0,-2.555077,0,1.2934947049924357,1.2934947049924357,-0.446090,0,10.526315789473683,10.526315789473683,-1.104778,0,1.1573373676248109,1.1573373676248109,0.118489,0,0.8169440242057489,0.8169440242057489,-0.730609,0,0.0,0.0,-1.296257,0,1.9062027231467473,1.9062027231467473,1.500504,0,0,0.0000,1,2.055264
西山　拓実,Takumi Nishiyama,SH,サイドハーフ,97.6896551724138,97.6896551724138,-0.153491,0,44.86206896551724,44.86206896551724,0.808892,0,50.0,50.0,0.187959,0,0.5211349160393747,0.5211349160393747,-1.025718,0,30.010000000000005,30.010000000000005,0.806467,0,0.7295888824551245,0.7295888824551245,-0.767769,0,0.3126809496236248,0.3126809496236248,-1.316891,0,0.0,0.0,-1.296257,0,1.9281991893456862,1.9281991893456862,1.543645,0,0,0.0000,1,2.533665
吉田　陣平, Jimpei   Yoshida,SH,サイドハーフ,60.095238095238095,60.095238095238095,-0.914825,0,25.047619047619047,25.047619047619047,-0.986580,0,57.900000000000006,57.900000000000006,0.621359,0,0.703971119133574,0.703971119133574,-0.888506,0,46.16153846153846,46.16153846153846,2.390846,0,2.111913357400722,2.111913357400722,2.096289,0,1.5703971119133573,1.5703971119133573,0.145393,0,12.5,12.5,0.729585,0,1.5162454873646207,1.5162454873646207,0.735700,0,0,0.0000,3,3.728255
塩浜　遼,Ryo Shiohama,SH,サイドハーフ,169.19230769230768,169.19230769230768,1.294529,0,50.15384615384615,50.15384615384615,1.288403,0,58.995,58.995,0.681431,0,2.4380007630675316,2.4380007630675316,0.412821,0,28.170422535211266,28.170422535211266,0.626014,0,1.33918351774132,1.33918351774132,0.495259,0,2.6440289965661963,2.6440289965661963,1.393652,0,19.753086419753085,19.753086419753085,1.905073,0,0.7210988172453261,0.7210988172453261,-0.823783,0,0,0.0000,0,2.365470
五十嵐　太陽,Taiyo Igarashi,SH,サイドハーフ,137.16216216216216,137.16216216216216,0.645878,0,44.24324324324324,44.24324324324324,0.752818,0,,50.0,0.187959,1,,1.6124309699936699,-0.206740,1,,21.58474378881988,-0.020005,1,,1.045591440249933,-0.113039,1,,1.270066866836491,-0.203786,1,,7.6923076923076925,-0.049585,1,,1.0837758152830617,-0.112482,1,7,0.7778,0,0.975853
中野　克哉,Katsuya Nakano,SH,サイドハーフ,135.2941176470588,135.2941176470588,0.608048,0,34.23529411764706,34.23529411764706,-0.154045,0,73.91304347826086,73.91304347826086,1.499846,0,2.860635696821516,2.860635696821516,0.729994,0,26.91923076923077,26.91923076923077,0.503279,0,1.1002444987775062,1.1002444987775062,0.000198,0,1.9804400977995111,1.9804400977995111,0.622130,0,0.0,0.0,-1.296257,0,1.1002444987775062,1.1002444987775062,-0.080183,0,0,0.0000,0,2.398969
石川　俊輝,Toshiki Ishikawa,SH,サイドハーフ,110.26923076923077,110.26923076923077,0.101262,0,41.15384615384615,41.15384615384615,0.472874,0,60.0,60.0,0.736566,0,1.4447924823805796,1.4447924823805796,-0.332546,0,21.946341463414633,21.946341463414633,0.015465,0,0.4228660924040721,0.4228660924040721,-1.403273,0,1.0219263899765074,1.0219263899765074,-0.492286,0,17.857142857142858,17.857142857142858,1.597803,0,1.1981205951448708,1.1981205951448708,0.111777,0,0,0.0000,3,2.392112
粟飯原　尚平,Shohei Aihara,SH,サイドハーフ,96.4,96.4,-0.179608,0,30.375,30.375,-0.503843,0,42.857142857142854,42.857142857142854,-0.203903,0,2.526555386949924,2.526555386949924,0.479278,0,16.213513513513515,16.213513513513515,-0.546894,0,2.2534142640364188,2.2534142640364188,2.389467,0,1.6388467374810318,1.6388467374810318,0.224976,0,11.428571428571429,11.428571428571429,0.555941,0,0.6145675265553869,0.6145675265553869,-1.032718,0,0,0.0000,3,2.808516
福井　和樹,Kazuki Fukui,SH,サイドハーフ,149.30769230769232,149.30769230769232,0.891840,0,44.17948717948718,44.17948717948718,0.747041,0,63.15263157894736,63.15263157894736,0.909522,0,1.6182572614107882,1.6182572614107882,-0.202367,0,19.230769230769234,19.230769230769234,-0.250918,0,0.9336099585062241,0.9336099585062241,-0.345055,0,0.9336099585062241,0.9336099585062241,-0.594967,0,15.384615384615385,15.384615384615385,1.197087,0,0.4979253112033195,0.4979253112033195,-1.261483,0,0,0.0000,0,2.042020
森　勇人,Yuto Mori,SH,サイドハーフ,116.325,116.325,0.223899,0,40.025,40.025,0.370585,0,72.34468085106384,72.34468085106384,1.413804,0,3.9296543359611884,3.9296543359611884,1.532254,0,16.670833333333334,16.670833333333334,-0.502034,0,0.545785324439054,0.545785324439054,-1.148594,0,1.2553062462098241,1.2553062462098241,-0.220947,0,6.0606060606060606,6.0606060606060606,-0.314030,0,0.545785324439054,0.545785324439054,-1.167617,0,0,0.0000,3,2.730236
津久井　匠海,Takumi Tsukui,SH,サイドハーフ,167.1,167.1,1.252157,0,42.733333333333334,42.733333333333334,0.615998,0,55.9577981651376,55.9577981651376,0.514808,0,3.6450939457202507,3.6450939457202507,1.318702,0,23.711340206185564,23.711340206185564,0.188602,0,1.0146137787056368,1.0146137787056368,-0.177222,0,2.3674321503131526,2.3674321503131526,1.072066,0,20.454545454545457,20.454545454545457,2.018757,0,1.2025052192066807,1.2025052192066807,0.120376,0,0,0.0000,0,2.471004
田村　亮介,Ryosuke Tamura,SH,サイドハーフ,104.6,104.6,-0.013547,0,30.68888888888889,30.68888888888889,-0.475400,0,38.46153846153847,38.46153846153847,-0.445049,0,3.2028469750889683,3.2028469750889683,0.986811,0,26.66,26.66,0.477850,0,0.8540925266903915,0.8540925266903915,-0.509808,0,1.281138790035587,1.281138790035587,-0.190913,0,9.523809523809524,9.523809523809524,0.247242,0,0.5338078291814946,0.5338078291814946,-1.191108,0,0,0.0000,3,1.816570
アルトゥール　シルバ,Arthur Silva Feitoza,SH,サイドハーフ,111.0,111.0,0.116061,0,45.09090909090909,45.09090909090909,0.829629,0,24.99375,24.99375,-1.183902,0,0.6864406779661018,0.6864406779661018,-0.901662,0,22.22222222222222,22.22222222222222,0.042528,0,0.6483050847457628,0.6483050847457628,-0.936182,0,0.9915254237288136,0.9915254237288136,-0.527632,0,9.090909090909092,9.090909090909092,0.177083,0,1.1059322033898304,1.1059322033898304,-0.069028,0,0,0.0000,3,2.299643
泉澤　仁,Jin Izumisawa,SH,サイドハーフ,74.075,74.075,-0.631717,0,29.15,29.15,-0.614846,0,83.34166666666668,83.34166666666668,2.017107,0,8.181818181818182,8.001363956601377,4.587927,0,22.22222222222222,22.22222222222222,0.042528,0,2.7272727272727275,2.686493316485997,3.286769,0,6.363636363636363,5.931700114101615,5.216063,0,25.0,25.0,2.755427,0,0.0,0.027125941872981722,-2.184839,0,0,0.0000,2,3.181140
渡邉　英祐,Eisuke Watanabe,SH,サイドハーフ,79.3225806451613,79.3225806451613,-0.525447,0,41.645161290322584,41.645161290322584,0.517395,0,,50.0,0.187959,1,,1.6124309699936699,-0.206740,1,,21.58474378881988,-0.020005,1,,1.045591440249933,-0.113039,1,,1.270066866836491,-0.203786,1,,7.6923076923076925,-0.049585,1,,1.0837758152830617,-0.112482,1,7,0.7778,3,0.948461
トーマス　モスキオン,Tomás Moschión,SH,サイドハーフ,51.2,51.2,-1.094965,0,45.5,45.5,0.866698,0,20.0,20.0,-1.457863,0,1.2167466201482773,1.2167466201482773,-0.503687,0,32.25806451612903,32.25806451612903,1.026990,0,0.5494984736153511,0.5494984736153511,-1.140901,0,0.9027474923680767,0.9027474923680767,-0.630850,0,0.0,0.0,-1.296257,0,2.080244221543829,2.080244221543829,1.841844,0,0,0.0000,1,2.071427
青島　太一,Taichi Aoshima,SH,サイドハーフ,66.33333333333333,66.33333333333333,-0.788496,0,36.81481481481482,36.81481481481482,0.079696,0,,50.0,0.187959,1,,1.6124309699936699,-0.206740,1,,21.58474378881988,-0.020005,1,,1.045591440249933,-0.113039,1,,1.270066866836491,-0.203786,1,,7.6923076923076925,-0.049585,1,,1.0837758152830617,-0.112482,1,7,0.7778,3,0.646462
坂井　駿也,Shunya Sakai,SH,サイドハーフ,75.87272727272727,75.87272727272727,-0.595311,0,27.745454545454546,27.745454545454546,-0.742118,0,66.66666666666666,66.66666666666666,1.102304,0,0.8536585365853658,0.8536585365853658,-0.776171,0,14.285714285714285,14.285714285714285,-0.736001,0,0.8536585365853658,0.8536585365853658,-0.510707,0,0.7317073170731708,0.7317073170731708,-0.829709,0,0.0,0.0,-1.296257,0,1.7073170731707317,1.7073170731707317,1.110439,0,0,0.0000,3,2.470072
小西　陽向,Hinata Konishi,SH,サイドハーフ,155.09375,155.09375,1.009015,0,47.375,47.375,1.036600,0,40.47857142857143,40.47857142857143,-0.334393,0,2.4626865671641793,2.4626865671641793,0.431347,0,27.263636363636362,27.263636363636362,0.537063,0,0.8955223880597015,0.8955223880597015,-0.423969,0,1.007462686567164,1.007462686567164,-0.509102,0,3.7037037037037033,3.7037037037037033,-0.696007,0,0.6156716417910448,0.6156716417910448,-1.030553,0,0,0.0000,0,1.673815
嶋田　慎太郎,Shintaro Shimada,SH,サイドハーフ,87.46153846153847,87.46153846153847,-0.360623,0,28.134615384615383,28.134615384615383,-0.706854,0,50.01,50.01,0.188508,0,2.937685459940653,2.937685459940653,0.787817,0,45.449999999999996,45.449999999999996,2.321048,0,1.7359050445103859,1.7359050445103859,1.317232,0,2.537091988130564,2.537091988130564,1.269321,0,7.6923076923076925,7.6923076923076925,-0.049585,0,1.3353115727002969,1.3353115727002969,0.380843,0,0,0.0000,3,3.363650
吉平　翼,Tsubasa Yoshihira,SH,サイドハーフ,171.1,171.1,1.333162,0,49.0,49.0,1.183848,0,47.82608695652174,47.82608695652174,0.068697,0,2.904667328699106,2.904667328699106,0.763038,0,18.463076923076922,18.463076923076922,-0.326224,0,1.429990069513406,1.429990069513406,0.683402,0,2.3684210526315788,2.3684210526315788,1.073216,0,16.9811320754717,16.9811320754717,1.455830,0,0.714995034756703,0.714995034756703,-0.835754,0,0,0.0000,0,1.913236
吉尾　虹樹,Koju Yoshio,SH,サイドハーフ,83.94444444444444,83.94444444444444,-0.431849,0,40.583333333333336,40.583333333333336,0.421178,0,,50.0,0.187959,1,,1.6124309699936699,-0.206740,1,,21.58474378881988,-0.020005,1,,1.045591440249933,-0.113039,1,,1.270066866836491,-0.203786,1,,7.6923076923076925,-0.049585,1,,1.0837758152830617,-0.112482,1,7,0.7778,3,0.849568
利根　瑠偉,Rui Tone,SH,サイドハーフ,118.63157894736842,118.63157894736842,0.270610,0,35.3421052631579,35.3421052631579,-0.053752,0,61.11944444444445,61.11944444444445,0.797980,0,2.802395209580838,2.802395209580838,0.686286,0,26.923076923076923,26.923076923076923,0.503656,0,0.9700598802395209,0.9700598802395209,-0.269534,0,1.7245508982035929,1.7245508982035929,0.324620,0,6.666666666666667,6.666666666666667,-0.215808,0,0.7544910179640718,0.7544910179640718,-0.758293,0,0,0.0000,3,1.603393
加藤　大樹,Taiki Kato,SH,サイドハーフ,156.32558139534885,156.32558139534885,1.033962,0,41.58139534883721,41.58139534883721,0.511616,0,44.45555555555556,44.45555555555556,-0.116213,0,3.232514177693762,3.232514177693762,1.009075,0,31.573684210526316,31.573684210526316,0.959856,0,1.1909262759924386,1.1909262759924386,0.188082,0,1.1909262759924386,1.1909262759924386,-0.295798,0,18.75,18.75,1.742506,0,0.5103969754253308,0.5103969754253308,-1.237023,0,0,0.0000,0,2.438913
瀬畠　義成,Gijo Sehata,SH,サイドハーフ,61.785714285714285,61.785714285714285,-0.880591,0,27.464285714285715,27.464285714285715,-0.767596,0,,50.0,0.187959,1,,1.6124309699936699,-0.206740,1,,21.58474378881988,-0.020005,1,,1.045591440249933,-0.113039,1,,1.270066866836491,-0.203786,1,,7.6923076923076925,-0.049585,1,,1.0837758152830617,-0.112482,1,7,0.7778,3,0.638268
藤川　虎太朗,Kotaro Fujikawa,SH,サイドハーフ,84.16129032258064,84.16129032258064,-0.427457,0,37.483870967741936,37.483870967741936,0.140322,0,,50.0,0.187959,1,,1.6124309699936699,-0.206740,1,,21.58474378881988,-0.020005,1,,1.045591440249933,-0.113039,1,,1.270066866836491,-0.203786,1,,7.6923076923076925,-0.049585,1,,1.0837758152830617,-0.112482,1,7,0.7778,3,0.584655
世瀬　啓人,Hiroto Sese,SH,サイドハーフ,54.7,54.7,-1.024086,0,27.5,27.5,-0.764359,0,50.0,50.0,0.187959,0,0.1889763779527559,0.20058615029616766,-1.266279,0,50.0,50.0,2.767378,0,0.7086614173228346,0.7086614173228346,-0.811129,0,0.47244094488188976,0.47244094488188976,-1.131146,0,9.523809523809524,9.523809523809524,0.247242,0,2.031496062992126,2.031496062992126,1.746236,0,0,0.0000,1,3.192550
佐相　壱明,Kazuaki Saso,SH,サイドハーフ,140.09302325581396,140.09302325581396,0.705232,0,34.093023255813954,34.093023255813954,-0.166937,0,52.38095238095239,52.38095238095239,0.318580,0,2.339688041594454,2.339688041594454,0.339041,0,16.663333333333334,16.663333333333334,-0.502769,0,0.5459272097053726,0.5459272097053726,-1.148300,0,1.0918544194107451,1.0918544194107451,-0.410984,0,7.6923076923076925,7.6923076923076925,-0.049585,0,1.0918544194107451,1.0918544194107451,-0.096638,0,0,0.0000,3,1.715898
庄司　悦大,Yoshihiro Shoji,SH,サイドハーフ,59.3,59.3,-0.930930,0,31.5,31.5,-0.401902,0,0.0,0.0,-2.555077,0,0.6210191082802548,0.6210191082802548,-0.950759,0,23.076923076923077,23.076923076923077,0.126369,0,0.6687898089171974,0.6687898089171974,-0.893740,0,0.7643312101910827,0.7643312101910827,-0.791779,0,6.666666666666667,6.666666666666667,-0.215808,0,1.5286624203821655,1.5286624203821655,0.760053,0,0,0.0000,1,1.560714
狩野　海晟,Kaisei  Kano,SH,サイドハーフ,74.12903225806451,74.12903225806451,-0.630623,0,32.74193548387097,32.74193548387097,-0.289365,0,,50.0,0.187959,1,,1.6124309699936699,-0.206740,1,,21.58474378881988,-0.020005,1,,1.045591440249933,-0.113039,1,,1.270066866836491,-0.203786,1,,7.6923076923076925,-0.049585,1,,1.0837758152830617,-0.112482,1,7,0.7778,3,0.333530
岩岸　宗志,Soshi Iwagishi,SH,サイドハーフ,101.30952380952381,101.30952380952381,-0.080184,0,26.595238095238095,26.595238095238095,-0.846344,0,48.48787878787879,48.48787878787879,0.105003,0,2.922564529558701,2.922564529558701,0.776469,0,28.199999999999996,28.199999999999996,0.628916,0,1.4238134887593674,1.4238134887593674,0.670605,0,2.3230641132389676,2.3230641132389676,1.020482,0,8.695652173913043,8.695652173913043,0.113024,0,0.2248126561199001,0.2248126561199001,-1.797126,0,0,0.0000,3,2.451292
曽田　一騎,Kazuki Sota,SH,サイドハーフ,170.34375,170.34375,1.317847,0,51.6875,51.6875,1.427374,0,,50.0,0.187959,1,,1.6124309699936699,-0.206740,1,,21.58474378881988,-0.020005,1,,1.045591440249933,-0.113039,1,,1.270066866836491,-0.203786,1,,7.6923076923076925,-0.049585,1,,1.0837758152830617,-0.112482,1,7,0.7778,0,0.846982
箱崎　達也,Tatsuya Hakozaki,SH,サイドハーフ,70.54838709677419,70.54838709677419,-0.703136,0,37.645161290322584,37.645161290322584,0.154937,0,,50.0,0.187959,1,,1.6124309699936699,-0.206740,1,,21.58474378881988,-0.020005,1,,1.045591440249933,-0.113039,1,,1.270066866836491,-0.203786,1,,7.6923076923076925,-0.049585,1,,1.0837758152830617,-0.112482,1,7,0.7778,3,0.662620
滝　裕太,Yuta Taki,SH,サイドハーフ,105.66666666666667,105.66666666666667,0.008054,0,31.78787878787879,31.78787878787879,-0.375816,0,65.21739130434783,65.21739130434783,1.022796,0,2.7676537585421412,2.7676537585421412,0.660214,0,25.92962962962963,25.92962962962963,0.406204,0,1.1275626423690204,1.1275626423690204,0.056798,0,2.152619589977221,2.152619589977221,0.822314,0,0.0,0.0,-1.296257,0,0.41002277904328016,0.41002277904328016,-1.433882,0,0,0.0000,3,2.430879
棚橋　尭士,Akito Tanahashi,SH,サイドハーフ,112.13793103448276,112.13793103448276,0.139105,0,41.41379310344828,41.41379310344828,0.496429,0,38.44615384615384,38.44615384615384,-0.445893,0,1.8367346938775508,1.8367346938775508,-0.038408,0,14.285714285714285,14.285714285714285,-0.736001,0,0.7871720116618076,0.7871720116618076,-0.648462,0,1.3119533527696792,1.3119533527696792,-0.155086,0,21.428571428571427,21.428571428571427,2.176615,0,0.5247813411078717,0.5247813411078717,-1.208811,0,0,0.0000,3,2.762483
茂木　駿佑,Shunsuke Motegi,SH,サイドハーフ,111.47058823529412,111.47058823529412,0.125591,0,35.61764705882353,35.61764705882353,-0.028784,0,,50.0,0.187959,1,,1.6124309699936699,-0.206740,1,,21.58474378881988,-0.020005,1,,1.045591440249933,-0.113039,1,,1.270066866836491,-0.203786,1,,7.6923076923076925,-0.049585,1,,1.0837758152830617,-0.112482,1,7,0.7778,3,0.695913
関野　元弥,Genya Sekino,SH,サイドハーフ,74.84375,74.84375,-0.616149,0,38.09375,38.09375,0.195586,0,,50.0,0.187959,1,,1.6124309699936699,-0.206740,1,,21.58474378881988,-0.020005,1,,1.045591440249933,-0.113039,1,,1.270066866836491,-0.203786,1,,7.6923076923076925,-0.049585,1,,1.0837758152830617,-0.112482,1,7,0.7778,3,0.665864
下澤　悠太,Yuta Shimozawa,SH,サイドハーフ,80.06666666666666,80.06666666666666,-0.510379,0,31.933333333333334,31.933333333333334,-0.362636,0,33.33333333333333,33.33333333333333,-0.726386,0,1.6099249855741489,1.6099249855741489,-0.208620,0,16.125806451612902,16.125806451612902,-0.555498,0,1.454125793421812,1.454125793421812,0.733409,0,0.8309290248124639,0.8309290248124639,-0.714349,0,5.0,5.0,-0.485920,0,2.07732256203116,2.07732256203116,1.836114,0,0,0.0000,1,1.642000
江口　直生,Nao Eguchi,SH,サイドハーフ,31.633333333333333,31.633333333333333,-1.491215,0,19.5,19.5,-1.489274,0,0.0,0.0,-2.555077,0,0.6695005313496281,0.6695005313496281,-0.914375,0,57.15714285714286,56.15514285714275,3.371165,0,1.8172157279489904,1.8172157279489904,1.485701,0,0.8607863974495219,0.8607863974495219,-0.679636,0,21.428571428571427,21.428571428571427,2.176615,0,1.0520722635494155,1.0520722635494155,-0.174661,0,0,0.0000,1,5.039496
芳賀　日陽,Asahi Haga,SH,サイドハーフ,100.65625,100.65625,-0.093413,0,31.53125,31.53125,-0.399070,0,25.0,25.0,-1.183559,0,0.8395522388059701,0.8395522388059701,-0.786757,0,0.0,0.0,-2.137353,0,0.33582089552238803,0.33582089552238803,-1.583623,0,0.6716417910447761,0.6716417910447761,-0.899545,0,25.0,25.0,2.755427,0,0.6716417910447761,0.6716417910447761,-0.920781,0,0,0.0000,3,4.133358
牧山　晃政,Kosei Makiyama,SH,サイドハーフ,111.64516129032258,111.64516129032258,0.129126,0,37.645161290322584,37.645161290322584,0.154937,0,16.666666666666664,16.666666666666664,-1.640732,0,2.8767123287671232,2.8767123287671232,0.742059,0,21.42142857142857,21.42142857142857,-0.036026,0,0.410958904109589,0.410958904109589,-1.427943,0,1.2328767123287672,1.2328767123287672,-0.247025,0,28.57142857142857,28.57142857142857,3.334239,0,1.4383561643835616,1.4383561643835616,0.582939,0,0,0.0000,3,4.255372
加藤　丈,Joe Caletti,SH,サイドハーフ,123.0,123.0,0.359076,0,43.285714285714285,43.285714285714285,0.666052,0,,50.0,0.187959,1,,1.6124309699936699,-0.206740,1,,21.58474378881988,-0.020005,1,,1.045591440249933,-0.113039,1,,1.270066866836491,-0.203786,1,,7.6923076923076925,-0.049585,1,,1.0837758152830617,-0.112482,1,7,0.7778,0,1.183046
三好　麟大,Rinta  Miyoshi,SH,サイドハーフ,138.11111111111111,138.11111111111111,0.665095,0,38.27777777777778,38.27777777777778,0.212261,0,,50.0,0.187959,1,,1.6124309699936699,-0.206740,1,,21.58474378881988,-0.020005,1,,1.045591440249933,-0.113039,1,,1.270066866836491,-0.203786,1,,7.6923076923076925,-0.049585,1,,1.0837758152830617,-0.112482,1,7,0.7778,0,1.254244
須藤　直輝,Naoki   Suto,SH,サイドハーフ,167.93103448275863,167.93103448275863,1.268987,0,52.62068965517241,52.62068965517241,1.511934,0,,50.0,0.187959,1,,1.6124309699936699,-0.206740,1,,21.58474378881988,-0.020005,1,,1.045591440249933,-0.113039,1,,1.270066866836491,-0.203786,1,,7.6923076923076925,-0.049585,1,,1.0837758152830617,-0.112482,1,7,0.7778,0,0.878748
吉野　陽翔,Haruto Yoshino,SH,サイドハーフ,67.65517241379311,67.65517241379311,-0.761727,0,36.793103448275865,36.793103448275865,0.077729,0,,50.0,0.187959,1,,1.6124309699936699,-0.206740,1,,21.58474378881988,-0.020005,1,,1.045591440249933,-0.113039,1,,1.270066866836491,-0.203786,1,,7.6923076923076925,-0.049585,1,,1.0837758152830617,-0.112482,1,7,0.7778,3,0.630011
熊谷　アンドリュー,Andrew Kumagai,SH,サイドハーフ,35.588235294117645,35.588235294117645,-1.411124,0,21.61764705882353,21.61764705882353,-1.297385,0,0.0,0.0,-2.555077,0,0.5754475703324808,0.5754475703324808,-0.984959,0,20.0,20.0,-0.175460,0,0.8056265984654731,0.8056265984654731,-0.610226,0,1.381074168797954,1.381074168797954,-0.074723,0,0.0,0.0,-1.296257,0,1.6112531969309463,1.6112531969309463,0.922034,0,0,0.0000,1,2.006561
國分　将,Masashi Kokubun,SH,サイドハーフ,88.51428571428572,88.51428571428572,-0.339304,0,27.314285714285713,27.314285714285713,-0.781188,0,59.99333333333332,59.99333333333332,0.736200,0,3.2270916334661357,3.2270916334661357,1.005006,0,33.33703703703704,33.33703703703704,1.132831,0,1.792828685258964,1.792828685258964,1.435173,0,2.2709163346613543,2.2709163346613543,0.959852,0,20.0,20.0,1.945090,0,1.0756972111553784,1.0756972111553784,-0.128326,0,0,0.0000,3,3.225405
藤村　怜,Ren Fujimura,SH,サイドハーフ,152.96428571428572,152.96428571428572,0.965891,0,46.892857142857146,46.892857142857146,0.992911,0,,50.0,0.187959,1,,1.6124309699936699,-0.206740,1,,21.58474378881988,-0.020005,1,,1.045591440249933,-0.113039,1,,1.270066866836491,-0.203786,1,,7.6923076923076925,-0.049585,1,,1.0837758152830617,-0.112482,1,7,0.7778,0,0.788066
嫁阪　翔太,Shota Yomesaka,SH,サイドハーフ,82.875,82.875,-0.453506,0,24.833333333333332,24.833333333333332,-1.005998,0,58.333333333333336,58.333333333333336,0.645132,0,1.3506139154160983,1.3506139154160983,-0.403224,0,18.181818181818183,18.181818181818183,-0.353814,0,1.0436562073669848,1.0436562073669848,-0.117049,0,1.2892223738062756,1.2892223738062756,-0.181514,0,14.634146341463413,14.634146341463413,1.075460,0,0.30695770804911326,0.30695770804911326,-1.636019,0,0,0.0000,3,1.895185
竹内　崇人,Takato  Takeuchi,SH,サイドハーフ,97.25,97.25,-0.162394,0,43.875,43.875,0.719450,0,,50.0,0.187959,1,,1.6124309699936699,-0.206740,1,,21.58474378881988,-0.020005,1,,1.045591440249933,-0.113039,1,,1.270066866836491,-0.203786,1,,7.6923076923076925,-0.049585,1,,1.0837758152830617,-0.112482,1,7,0.7778,3,1.167427
前田　泰良,Taira Maeda,SH,サイドハーフ,74.43478260869566,74.43478260869566,-0.624431,0,32.08695652173913,32.08695652173913,-0.348716,0,50.0,50.0,0.187959,0,2.047244094488189,2.047244094488189,0.119572,0,26.91153846153846,26.91153846153846,0.502524,0,1.3385826771653542,1.3385826771653542,0.494014,0,1.0236220472440944,1.0236220472440944,-0.490315,0,12.5,12.5,0.729585,0,2.1259842519685037,2.1259842519685037,1.931551,0,0,0.0000,1,2.367794
松岡　大智,Daichi Matsuoka,SH,サイドハーフ,84.76190476190476,84.76190476190476,-0.415294,0,28.428571428571427,28.428571428571427,-0.680218,0,67.81379310344829,67.81379310344829,1.165236,0,3.2975363234365127,3.2975363234365127,1.057872,0,12.068965517241379,12.068965517241379,-0.953452,0,0.6822488945041061,0.6822488945041061,-0.865854,0,2.3310170562223624,2.3310170562223624,1.029728,0,8.51063829787234,8.51063829787234,0.083040,0,0.5116866708780796,0.5116866708780796,-1.234493,0,0,0.0000,3,2.461283
後藤　優介,Yusuke Goto,SH,サイドハーフ,134.875,134.875,0.599560,0,46.666666666666664,46.666666666666664,0.972415,0,,50.0,0.187959,1,,1.6124309699936699,-0.206740,1,,21.58474378881988,-0.020005,1,,1.045591440249933,-0.113039,1,,1.270066866836491,-0.203786,1,,7.6923076923076925,-0.049585,1,,1.0837758152830617,-0.112482,1,7,0.7778,0,0.953833
山田　貴文,Takafumi Yamada,SH,サイドハーフ,101.6842105263158,101.6842105263158,-0.072596,0,38.0,38.0,0.187091,0,66.66666666666666,66.66666666666666,1.102304,0,2.6658081133290406,2.6658081133290406,0.583782,0,32.61086956521739,32.61086956521739,1.061598,0,1.854475209272376,1.854475209272376,1.562899,0,1.5067611075338054,1.5067611075338054,0.071407,0,12.5,12.5,0.729585,0,0.8692852543464263,0.8692852543464263,-0.533152,0,0,0.0000,3,2.533779
横山　智也,Tomoya Yokoyama,SH,サイドハーフ,89.46666666666667,89.46666666666667,-0.320017,0,32.733333333333334,32.733333333333334,-0.290145,0,45.46363636363637,45.46363636363637,-0.060909,0,2.026266416510319,2.026266416510319,0.103829,0,25.0,25.0,0.315013,0,0.5065666041275797,0.5065666041275797,-1.229852,0,1.5196998123827392,1.5196998123827392,0.086450,0,7.6923076923076925,7.6923076923076925,-0.049585,0,0.6754221388367729,0.6754221388367729,-0.913367,0,0,0.0000,3,1.466897
土佐　陸翼,Riku  Tosa,SH,サイドハーフ,120.95,120.95,0.317561,0,47.65,47.65,1.061519,0,,50.0,0.187959,1,,1.6124309699936699,-0.206740,1,,21.58474378881988,-0.020005,1,,1.045591440249933,-0.113039,1,,1.270066866836491,-0.203786,1,,7.6923076923076925,-0.049585,1,,1.0837758152830617,-0.112482,1,7,0.7778,0,1.140884
福田　望久斗,Mikuto Fukuda,SH,サイドハーフ,124.07142857142857,124.07142857142857,0.380774,0,50.892857142857146,50.892857142857146,1.355368,0,,50.0,0.187959,1,,1.6124309699936699,-0.206740,1,,21.58474378881988,-0.020005,1,,1.045591440249933,-0.113039,1,,1.270066866836491,-0.203786,1,,7.6923076923076925,-0.049585,1,,1.0837758152830617,-0.112482,1,7,0.7778,0,1.129588
森　俊貴,Toshiki Mori,SH,サイドハーフ,142.0909090909091,142.0909090909091,0.745691,0,36.484848484848484,36.484848484848484,0.049796,0,,50.0,0.187959,1,,1.6124309699936699,-0.206740,1,,21.58474378881988,-0.020005,1,,1.045591440249933,-0.113039,1,,1.270066866836491,-0.203786,1,,7.6923076923076925,-0.049585,1,,1.0837758152830617,-0.112482,1,7,0.7778,3,1.267452
中村　仁郎,Jiro Nakamura,SH,サイドハーフ,105.90625,105.90625,0.012906,0,37.21875,37.21875,0.116298,0,45.445454545454545,45.445454545454545,-0.061907,0,2.412060301507538,2.412060301507538,0.393354,0,18.74375,18.74375,-0.298692,0,1.0552763819095476,1.0552763819095476,-0.092973,0,1.8090452261306533,1.8090452261306533,0.422858,0,11.11111111111111,11.11111111111111,0.504491,0,0.30150753768844224,0.30150753768844224,-1.646708,0,0,0.0000,3,1.809477
新垣　貴之,Takayuki Arakaki,SH,サイドハーフ,161.05882352941177,161.05882352941177,1.129816,0,42.588235294117645,42.588235294117645,0.602851,0,47.61904761904761,47.61904761904761,0.057338,0,1.4405010438413361,1.4405010438413361,-0.335767,0,17.391304347826086,17.391304347826086,-0.431359,0,1.2526096033402923,1.2526096033402923,0.315885,0,1.3152400835073068,1.3152400835073068,-0.151265,0,11.11111111111111,11.11111111111111,0.504491,0,0.81419624217119,0.81419624217119,-0.641196,0,0,0.0000,0,1.190768
森田　凜,Rin Morita,SH,サイドハーフ,69.0,69.0,-0.734493,0,24.363636363636363,24.363636363636363,-1.048559,0,0.0,0.0,-2.555077,0,0.0,0.20058615029616766,-1.266279,0,0.0,0.0,-2.137353,0,0.2786377708978328,0.2786377708978328,-1.702101,0,0.2786377708978328,0.2786377708978328,-1.356471,0,0.0,0.0,-1.296257,0,1.9504643962848298,1.9504643962848298,1.587313,0,0,0.0000,1,3.288909
髙橋　大悟,Daigo Takahashi,SH,サイドハーフ,90.44444444444444,90.44444444444444,-0.300215,0,39.55555555555556,39.55555555555556,0.328046,0,,50.0,0.187959,1,,1.6124309699936699,-0.206740,1,,21.58474378881988,-0.020005,1,,1.045591440249933,-0.113039,1,,1.270066866836491,-0.203786,1,,7.6923076923076925,-0.049585,1,,1.0837758152830617,-0.112482,1,7,0.7778,3,0.769373
杉本　蓮,Ren Sugimoto,SH,サイドハーフ,165.0,165.0,1.209630,0,38.70967741935484,38.70967741935484,0.251398,0,,50.0,0.187959,1,,1.6124309699936699,-0.206740,1,,21.58474378881988,-0.020005,1,,1.045591440249933,-0.113039,1,,1.270066866836491,-0.203786,1,,7.6923076923076925,-0.049585,1,,1.0837758152830617,-0.112482,1,7,0.7778,0,1.118907
川谷　凪,Nagi Kawatani,SH,サイドハーフ,152.0344827586207,152.0344827586207,0.947061,0,40.0,40.0,0.368319,0,,50.0,0.187959,1,,1.6124309699936699,-0.206740,1,,21.58474378881988,-0.020005,1,,1.045591440249933,-0.113039,1,,1.270066866836491,-0.203786,1,,7.6923076923076925,-0.049585,1,,1.0837758152830617,-0.112482,1,7,0.7778,0,1.059244
圓道　将良,Masayoshi Endo,SH,サイドハーフ,100.4,100.4,-0.098603,0,35.03333333333333,35.03333333333333,-0.081732,0,,50.0,0.187959,1,,1.6124309699936699,-0.206740,1,,21.58474378881988,-0.020005,1,,1.045591440249933,-0.113039,1,,1.270066866836491,-0.203786,1,,7.6923076923076925,-0.049585,1,,1.0837758152830617,-0.112482,1,7,0.7778,3,0.504895
佐藤　諒,Ryo Sato,SH,サイドハーフ,121.23333333333333,121.23333333333333,0.323299,0,36.166666666666664,36.166666666666664,0.020965,0,,50.0,0.187959,1,,1.6124309699936699,-0.206740,1,,21.58474378881988,-0.020005,1,,1.045591440249933,-0.113039,1,,1.270066866836491,-0.203786,1,,7.6923076923076925,-0.049585,1,,1.0837758152830617,-0.112482,1,7,0.7778,3,0.881575
布施谷　翔,Sho Fuseya,SH,サイドハーフ,160.35,160.35,1.115461,0,43.6,43.6,0.694531,0,40.543243243243246,40.543243243243246,-0.330845,0,4.186046511627907,4.186046511627907,1.724667,0,24.200000000000003,24.200000000000003,0.236537,0,1.6879219804951238,1.6879219804951238,1.217815,0,2.970742685671418,2.970742685671418,1.773505,0,5.555555555555555,5.555555555555555,-0.395883,0,1.282820705176294,1.282820705176294,0.277895,0,0,0.0000,0,2.566965
加藤　弘堅,Koken Kato,SH,サイドハーフ,47.65217391304348,47.65217391304348,-1.166813,0,20.695652173913043,20.695652173913043,-1.380931,0,80.00666666666667,80.00666666666667,1.834146,0,1.2903225806451613,1.2903225806451613,-0.448470,0,24.99375,24.99375,0.314400,0,1.3709677419354838,1.3709677419354838,0.561113,0,1.0483870967741935,1.0483870967741935,-0.461522,0,6.25,6.25,-0.283336,0,2.1774193548387095,2.1774193548387095,2.032429,0,0,0.0000,3,3.215293
田中　稔也,Toshiya Tanaka,SH,サイドハーフ,53.806451612903224,53.806451612903224,-1.042181,0,29.225806451612904,29.225806451612904,-0.607977,0,,50.0,0.187959,1,,1.6124309699936699,-0.206740,1,,21.58474378881988,-0.020005,1,,1.045591440249933,-0.113039,1,,1.270066866836491,-0.203786,1,,7.6923076923076925,-0.049585,1,,1.0837758152830617,-0.112482,1,7,0.7778,3,0.699836
幸喜　祐心,Yushin Koki,SH,サイドハーフ,70.88888888888889,70.88888888888889,-0.696240,0,28.833333333333332,28.833333333333332,-0.643540,0,28.57142857142857,28.57142857142857,-0.987628,0,1.1002444987775062,1.1002444987775062,-0.591117,0,0.0,0.0,-2.137353,0,0.4400977995110024,0.4400977995110024,-1.367570,0,0.8801955990220048,0.8801955990220048,-0.657070,0,13.333333333333334,13.333333333333334,0.864641,0,0.9902200488997556,0.9902200488997556,-0.295969,0,0,0.0000,3,2.905020
東出　壮太,Sota Higashide,SH,サイドハーフ,94.0,94.0,-0.228211,0,35.9,35.9,-0.003199,0,36.84210526315789,36.84210526315789,-0.533893,0,1.3582208101667992,1.3582208101667992,-0.397515,0,21.047368421052628,21.047368421052628,-0.072719,0,1.0722795869737887,1.0722795869737887,-0.057743,0,1.0007942811755361,1.0007942811755361,-0.516855,0,0.0,0.0,-1.296257,0,0.7148530579825257,0.7148530579825257,-0.836033,0,0,0.0000,3,1.766079
藤森　亮志,Ryoji Fujimori,SH,サイドハーフ,144.79310344827587,144.79310344827587,0.800414,0,35.310344827586206,35.310344827586206,-0.056630,0,45.47272727272728,45.47272727272728,-0.060410,0,3.0215827338129495,3.0215827338129495,0.850779,0,28.57857142857143,28.57857142857143,0.666051,0,0.6474820143884893,0.6474820143884893,-0.937888,0,1.5107913669064748,1.5107913669064748,0.076093,0,0.0,0.0,-1.296257,0,0.8633093525179856,0.8633093525179856,-0.544873,0,0,0.0000,0,2.332201
齋藤　学,Manabu Saito,SH,サイドハーフ,46.84905660377358,46.84905660377358,-1.183078,0,14.641509433962264,14.641509433962264,-1.929523,0,63.80000000000001,63.80000000000001,0.945037,0,8.042553191489363,8.001363956601377,4.587927,0,22.223809523809525,22.223809523809525,0.042683,0,3.0638297872340425,2.686493316485997,3.286769,0,5.744680851063829,5.744680851063829,4.998625,0,13.333333333333334,13.333333333333334,0.864641,0,0.6382978723404256,0.6382978723404256,-0.986177,0,0,0.0000,2,1.752553
遠藤　光,Hikaru Endo,SH,サイドハーフ,38.875,38.875,-1.344562,0,24.1875,24.1875,-1.064519,0,50.0,50.0,0.187959,0,0.588716271463614,0.588716271463614,-0.975001,0,37.5125,37.5125,1.542422,0,0.294358135731807,0.294358135731807,-1.669530,0,0.588716271463614,0.588716271463614,-0.995958,0,14.285714285714285,14.285714285714285,1.018991,0,1.6189697465249389,1.6189697465249389,0.937168,0,0,0.0000,1,3.031325
山中　惇希,Atsuki Yamanaka,SH,サイドハーフ,236.0,236.0,2.647470,0,56.68421052631579,56.68421052631579,1.880147,0,,50.0,0.187959,1,,1.6124309699936699,-0.206740,1,,21.58474378881988,-0.020005,1,,1.045591440249933,-0.113039,1,,1.270066866836491,-0.203786,1,,7.6923076923076925,-0.049585,1,,1.0837758152830617,-0.112482,1,7,0.7778,0,1.843362
大橋　尚志,Hisashi  Ohashi,SH,サイドハーフ,43.21739130434783,43.21739130434783,-1.256623,0,26.26086956521739,26.26086956521739,-0.876642,0,,50.0,0.187959,1,,1.6124309699936699,-0.206740,1,,21.58474378881988,-0.020005,1,,1.045591440249933,-0.113039,1,,1.270066866836491,-0.203786,1,,7.6923076923076925,-0.049585,1,,1.0837758152830617,-0.112482,1,7,0.7778,3,0.994961
山口　一真,Kazuma Yamaguchi,SH,サイドハーフ,92.0,92.0,-0.268713,0,22.88,22.88,-1.182997,0,47.37368421052632,47.37368421052632,0.043877,0,4.26264800861141,4.26264800861141,1.782154,0,11.365909090909092,11.365909090909092,-1.022418,0,1.0656620021528525,1.0656620021528525,-0.071454,0,1.743810548977395,1.743810548977395,0.347013,0,9.67741935483871,9.67741935483871,0.272137,0,0.193756727664155,0.193756727664155,-1.858034,0,0,0.0000,3,2.828372
中山　陸,Riku Nakayama,SH,サイドハーフ,132.14285714285714,132.14285714285714,0.544231,0,54.285714285714285,54.285714285714285,1.662809,0,,50.0,0.187959,1,,1.6124309699936699,-0.206740,1,,21.58474378881988,-0.020005,1,,1.045591440249933,-0.113039,1,,1.270066866836491,-0.203786,1,,7.6923076923076925,-0.049585,1,,1.0837758152830617,-0.112482,1,7,0.7778,0,1.144971
松原　亘紀,Koki Matsubara,SH,サイドハーフ,118.75,118.75,0.273008,0,38.375,38.375,0.221071,0,27.766666666666662,27.766666666666662,-1.031778,0,0.6343612334801763,0.6343612334801763,-0.940746,0,0.0,0.0,-2.137353,0,0.7136563876651982,0.7136563876651982,-0.800780,0,0.39647577092511016,0.39647577092511016,-1.219466,0,0.0,0.0,-1.296257,0,0.8722466960352422,0.8722466960352422,-0.527344,0,0,0.0000,3,3.271951
藤井　建悟,Kengo Fujii,SH,サイドハーフ,185.5,185.5,1.624781,0,48.95,48.95,1.179317,0,,50.0,0.187959,1,,1.6124309699936699,-0.206740,1,,21.58474378881988,-0.020005,1,,1.045591440249933,-0.113039,1,,1.270066866836491,-0.203786,1,,7.6923076923076925,-0.049585,1,,1.0837758152830617,-0.112482,1,7,0.7778,0,0.887758
バスケス　バイロン,Byron Gustavo Andrés Vásquez Maragaño,SH,サイドハーフ,226.85714285714286,226.85714285714286,2.462315,0,62.285714285714285,60.27230769230768,2.205280,0,,50.0,0.187959,1,,1.6124309699936699,-0.206740,1,,21.58474378881988,-0.020005,1,,1.045591440249933,-0.113039,1,,1.270066866836491,-0.203786,1,,7.6923076923076925,-0.049585,1,,1.0837758152830617,-0.112482,1,7,0.7778,0,1.874815
田中　直基,Naoki Tanaka,SH,サイドハーフ,107.92857142857143,107.92857142857143,0.053860,0,28.642857142857142,28.642857142857142,-0.660800,0,50.0,50.0,0.187959,0,1.6901408450704225,1.6901408450704225,-0.148421,0,19.994999999999997,19.994999999999997,-0.175951,0,0.4225352112676056,0.4225352112676056,-1.403958,0,0.76056338028169,0.76056338028169,-0.796160,0,15.0,15.0,1.134753,0,0.8450704225352113,0.8450704225352113,-0.580644,0,0,0.0000,3,1.927463
宇都木　峻,Shun Utsugi,SH,サイドハーフ,86.4,86.4,-0.382121,0,33.8,33.8,-0.193489,0,,50.0,0.187959,1,,1.6124309699936699,-0.206740,1,,21.58474378881988,-0.020005,1,,1.045591440249933,-0.113039,1,,1.270066866836491,-0.203786,1,,7.6923076923076925,-0.049585,1,,1.0837758152830617,-0.112482,1,7,0.7778,3,0.310994
道本　大飛,Hiroto Domoto,SH,サイドハーフ,58.6875,58.6875,-0.943334,0,28.125,28.125,-0.707725,0,44.813793103448276,44.813793103448276,-0.096560,0,2.0809248554913293,2.0809248554913293,0.144848,0,4.1625,4.1625,-1.729034,0,1.0404624277456647,1.0404624277456647,-0.123666,0,1.1271676300578035,1.1271676300578035,-0.369927,0,0.0,0.0,-1.296257,0,0.8670520231213872,0.8670520231213872,-0.537532,0,0,0.0000,3,2.260119
三門　雄大,Yuta Mikado,SH,サイドハーフ,72.69565217391305,72.69565217391305,-0.659651,0,27.347826086956523,27.347826086956523,-0.778149,0,0.0,0.0,-2.555077,0,2.190847127555988,2.190847127555988,0.227341,0,32.0,32.0,1.001675,0,1.4021421616358325,1.4021421616358325,0.625704,0,1.314508276533593,1.314508276533593,-0.152116,0,12.5,12.5,0.729585,0,1.2268743914313536,1.2268743914313536,0.168170,0,0,0.0000,1,2.661075
楠　大樹,Daiki Kusunoki,SH,サイドハーフ,218.9090909090909,218.9090909090909,2.301357,0,44.45454545454545,44.45454545454545,0.771965,0,41.663888888888884,41.663888888888884,-0.269366,0,5.704225352112676,5.704225352112676,2.864006,0,17.45079365079365,17.45079365079365,-0.425524,0,0.9959758551307847,0.9959758551307847,-0.215838,0,2.0824949698189132,2.0824949698189132,0.740784,0,0.0,0.0,-1.296257,0,0.9054325955734407,0.9054325955734407,-0.462258,0,0,0.0000,0,3.315676
植田　啓太,Keita Ueda,SH,サイドハーフ,74.9375,74.9375,-0.614251,0,30.375,30.375,-0.503843,0,38.46153846153847,38.46153846153847,-0.445049,0,2.459514170040486,2.459514170040486,0.428966,0,40.74444444444445,40.74444444444445,1.859458,0,1.0020242914979756,1.0020242914979756,-0.203306,0,1.2753036437246963,1.2753036437246963,-0.197697,0,5.88235294117647,5.88235294117647,-0.342919,0,0.3643724696356275,0.3643724696356275,-1.523414,0,0,0.0000,3,2.544584
芦部　晃生,Kosei Ashibe,SH,サイドハーフ,263.75,254.90244897959153,3.030269,0,58.0,58.0,1.999377,0,,50.0,0.187959,1,,1.6124309699936699,-0.206740,1,,21.58474378881988,-0.020005,1,,1.045591440249933,-0.113039,1,,1.270066866836491,-0.203786,1,,7.6923076923076925,-0.049585,1,,1.0837758152830617,-0.112482,1,7,0.7778,0,2.209201
石浦　大雅,Taiga Ishiura,SH,サイドハーフ,77.13333333333334,77.13333333333334,-0.569782,0,34.13333333333333,34.13333333333333,-0.163285,0,,50.0,0.187959,1,,1.6124309699936699,-0.206740,1,,21.58474378881988,-0.020005,1,,1.045591440249933,-0.113039,1,,1.270066866836491,-0.203786,1,,7.6923076923076925,-0.049585,1,,1.0837758152830617,-0.112482,1,7,0.7778,3,0.362889
碓井　鉄平,Teppei Usui,SH,サイドハーフ,42.785714285714285,42.785714285714285,-1.265365,0,23.285714285714285,23.285714285714285,-1.146234,0,100.0,89.06783333333324,2.331248,0,0.8709677419354839,0.8709677419354839,-0.763181,0,11.11111111111111,11.11111111111111,-1.047412,0,0.4838709677419355,0.4838709677419355,-1.276876,0,0.6774193548387097,0.6774193548387097,-0.892827,0,0.0,0.0,-1.296257,0,2.129032258064516,2.129032258064516,1.937529,0,0,0.0000,3,3.959602
武沢　一翔,Kazuto Takezawa,SH,サイドハーフ,143.28571428571428,143.28571428571428,0.769888,0,45.142857142857146,45.142857142857146,0.834336,0,44.44444444444444,44.44444444444444,-0.116823,0,2.386740331491713,2.386740331491713,0.374352,0,24.99583333333333,24.99583333333333,0.314604,0,0.8950276243093922,0.8950276243093922,-0.424994,0,1.5911602209944753,1.5911602209944753,0.169534,0,9.523809523809524,9.523809523809524,0.247242,0,0.7955801104972376,0.7955801104972376,-0.677707,0,0,0.0000,0,1.006859
小林　里駆,Riku Kobayashi,SH,サイドハーフ,78.47058823529412,78.47058823529412,-0.542701,0,29.764705882352942,29.764705882352942,-0.559145,0,66.66666666666666,66.66666666666666,1.102304,0,2.4725274725274726,2.4725274725274726,0.438732,0,0.0,0.0,-2.137353,0,0.7417582417582418,0.7417582417582418,-0.742555,0,0.989010989010989,0.989010989010989,-0.530555,0,33.33333333333333,28.57142857142857,3.334239,0,0.989010989010989,0.989010989010989,-0.298340,0,0,0.0000,3,4.066924
鏑木　瑞生,Mizuki  Kaburaki,SH,サイドハーフ,55.71875,55.71875,-1.003455,0,21.5625,21.5625,-1.302382,0,80.0,80.0,1.833781,0,1.1226611226611227,1.1226611226611227,-0.574294,0,16.666666666666664,16.666666666666664,-0.502442,0,1.683991683991684,1.683991683991684,1.209672,0,1.683991683991684,1.683991683991684,0.277464,0,0.0,0.0,-1.296257,0,0.9355509355509356,0.9355509355509356,-0.403189,0,0,0.0000,3,2.796882
福田　晃斗,Akito Fukuta,SH,サイドハーフ,118.27272727272727,118.27272727272727,0.263343,0,53.18181818181818,53.18181818181818,1.562781,0,,50.0,0.187959,1,,1.6124309699936699,-0.206740,1,,21.58474378881988,-0.020005,1,,1.045591440249933,-0.113039,1,,1.270066866836491,-0.203786,1,,7.6923076923076925,-0.049585,1,,1.0837758152830617,-0.112482,1,7,0.7778,0,1.278581
毛利　駿也,Shunya Mouri,SH,サイドハーフ,68.86206896551724,68.86206896551724,-0.737286,0,22.655172413793103,22.655172413793103,-1.203370,0,0.0,0.0,-2.555077,0,1.6861826697892273,1.6861826697892273,-0.151391,0,50.0,50.0,2.767378,0,0.6323185011709602,0.6323185011709602,-0.969305,0,1.053864168618267,1.053864168618267,-0.455154,0,0.0,0.0,-1.296257,0,1.053864168618267,1.053864168618267,-0.171147,0,0,0.0000,1,3.473478
山本　凌太郎,Ryotaro Yamamoto,SH,サイドハーフ,51.07142857142857,51.07142857142857,-1.097569,0,21.714285714285715,21.714285714285715,-1.288628,0,54.54545454545454,54.54545454545454,0.437326,0,0.7446808510638298,0.7446808510638298,-0.857955,0,14.27142857142857,14.27142857142857,-0.737402,0,0.425531914893617,0.425531914893617,-1.397749,0,0.7446808510638298,0.7446808510638298,-0.814626,0,7.6923076923076925,7.6923076923076925,-0.049585,0,1.3829787234042552,1.3829787234042552,0.474330,0,0,0.0000,3,2.223850
吉田　篤志,Atsushi Yoshida,SH,サイドハーフ,116.8695652173913,116.8695652173913,0.234927,0,31.304347826086957,31.304347826086957,-0.419631,0,,50.0,0.187959,1,,1.6124309699936699,-0.206740,1,,21.58474378881988,-0.020005,1,,1.045591440249933,-0.113039,1,,1.270066866836491,-0.203786,1,,7.6923076923076925,-0.049585,1,,1.0837758152830617,-0.112482,1,7,0.7778,3,0.693673
遠山　悠希,Haruki Toyama,SH,サイドハーフ,53.69230769230769,53.69230769230769,-1.044493,0,17.76923076923077,17.76923076923077,-1.646106,0,63.64545454545455,63.64545454545455,0.936558,0,2.7510917030567685,2.7510917030567685,0.647785,0,49.98571428571428,49.98571428571428,2.765977,0,0.982532751091703,0.982532751091703,-0.243691,0,1.3755458515283843,1.3755458515283843,-0.081150,0,0.0,0.0,-1.296257,0,0.982532751091703,0.982532751091703,-0.311045,0,0,0.0000,3,3.643165
ターレス,Thales,SH,サイドハーフ,205.23529411764707,205.23529411764707,2.024446,0,43.588235294117645,43.588235294117645,0.693465,0,,50.0,0.187959,1,,1.6124309699936699,-0.206740,1,,21.58474378881988,-0.020005,1,,1.045591440249933,-0.113039,1,,1.270066866836491,-0.203786,1,,7.6923076923076925,-0.049585,1,,1.0837758152830617,-0.112482,1,7,0.7778,0,1.202027
瀬良　俊太,Shunta Sera,SH,サイドハーフ,42.7,42.7,-1.267101,0,28.4,28.4,-0.682807,0,30.0,30.0,-0.909255,0,0.9207161125319694,0.9207161125319694,-0.725847,0,12.5,12.5,-0.911170,0,0.4603580562659847,0.4603580562659847,-1.325592,0,0.4603580562659847,0.4603580562659847,-1.145194,0,0.0,0.0,-1.296257,0,2.186700767263427,2.186700767263427,2.050632,0,0,0.0000,1,2.038137
青木　拓矢,Takuya Aoki,SH,サイドハーフ,15.25,16.599444444444444,-1.795671,0,8.75,9.142777777777779,-2.427786,0,60.0,60.0,0.736566,0,1.1583011583011582,1.1583011583011582,-0.547548,0,9.989999999999998,9.989999999999998,-1.157387,0,0.3474903474903475,0.3474903474903475,-1.559445,0,1.1583011583011582,1.1583011583011582,-0.333730,0,0.0,0.0,-1.296257,0,2.200772200772201,2.200772200772201,2.078229,0,0,0.0000,1,3.710889
大迫　塁,Rui Osako,SH,サイドハーフ,68.625,68.625,-0.742087,0,33.75,33.75,-0.198020,0,,50.0,0.187959,1,,1.6124309699936699,-0.206740,1,,21.58474378881988,-0.020005,1,,1.045591440249933,-0.113039,1,,1.270066866836491,-0.203786,1,,7.6923076923076925,-0.049585,1,,1.0837758152830617,-0.112482,1,7,0.7778,3,0.445934
吉永　大志,Hiroshi Yoshinaga,SH,サイドハーフ,49.189189189189186,49.189189189189186,-1.135687,0,16.0,16.0,-1.806424,0,50.0,50.0,0.187959,0,1.6326530612244898,1.6326530612244898,-0.191564,0,37.4875,37.4875,1.539969,0,1.4285714285714284,1.4285714285714284,0.680463,0,2.2448979591836737,2.2448979591836737,0.929602,0,20.0,20.0,1.945090,0,0.40816326530612246,0.40816326530612246,-1.437529,0,0,0.0000,3,3.455128
渡井　翔琉,Kakeru Watai,SH,サイドハーフ,96.78571428571429,96.78571428571429,-0.171797,0,35.642857142857146,35.642857142857146,-0.026500,0,,50.0,0.187959,1,,1.6124309699936699,-0.206740,1,,21.58474378881988,-0.020005,1,,1.045591440249933,-0.113039,1,,1.270066866836491,-0.203786,1,,7.6923076923076925,-0.049585,1,,1.0837758152830617,-0.112482,1,7,0.7778,3,0.501267
夏川　大和,Yamato Natsukawa,SH,サイドハーフ,132.66666666666666,132.66666666666666,0.554838,0,32.888888888888886,32.888888888888886,-0.276049,0,52.94117647058824,52.94117647058824,0.349314,0,2.785016286644951,2.785016286644951,0.673244,0,15.789473684210526,15.789473684210526,-0.588490,0,0.5863192182410424,0.5863192182410424,-1.064612,0,1.6123778501628665,1.6123778501628665,0.194202,0,5.0,5.0,-0.485920,0,0.5863192182410424,0.5863192182410424,-1.088120,0,0,0.0000,3,1.978797
魚里　直哉,Naoya Uozato,SH,サイドハーフ,116.22222222222223,116.22222222222223,0.221817,0,24.555555555555557,24.555555555555557,-1.031168,0,50.0,50.0,0.187959,0,2.712328767123288,2.712328767123288,0.618695,0,22.727272727272727,22.727272727272727,0.092070,0,0.863013698630137,0.863013698630137,-0.491324,0,1.1095890410958904,1.1095890410958904,-0.390365,0,0.0,0.0,-1.296257,0,1.2328767123287672,1.2328767123287672,0.179942,0,0,0.0000,3,1.920796
和田　拓也,Takuya Wada,SH,サイドハーフ,68.93333333333334,68.93333333333334,-0.735843,0,22.133333333333333,22.133333333333333,-1.250656,0,66.70000000000002,66.70000000000002,1.104133,0,0.7510431154381085,0.7510431154381085,-0.853180,0,0.0,0.0,-2.137353,0,0.37552155771905427,0.37552155771905427,-1.501366,0,0.7510431154381085,0.7510431154381085,-0.807229,0,28.57142857142857,28.57142857142857,3.334239,0,1.6272600834492352,1.6272600834492352,0.953428,0,0,0.0000,3,4.568459
イム　ジフン,Ji-hoon Lim,SH,サイドハーフ,54.55555555555556,54.55555555555556,-1.027011,0,20.666666666666668,20.666666666666668,-1.383557,0,,50.0,0.187959,1,,1.6124309699936699,-0.206740,1,,21.58474378881988,-0.020005,1,,1.045591440249933,-0.113039,1,,1.270066866836491,-0.203786,1,,7.6923076923076925,-0.049585,1,,1.0837758152830617,-0.112482,1,7,0.7778,3,1.184151
佐々木　敦河,Taiga Sasaki,SH,サイドハーフ,119.53333333333333,119.53333333333333,0.288872,0,41.0,41.0,0.458934,0,,50.0,0.187959,1,,1.6124309699936699,-0.206740,1,,21.58474378881988,-0.020005,1,,1.045591440249933,-0.113039,1,,1.270066866836491,-0.203786,1,,7.6923076923076925,-0.049585,1,,1.0837758152830617,-0.112482,1,7,0.7778,3,1.133104
中村　翼,Tsubasa Nakamura,SH,サイドハーフ,121.38888888888889,121.38888888888889,0.326449,0,34.55555555555556,34.55555555555556,-0.125025,0,,50.0,0.187959,1,,1.6124309699936699,-0.206740,1,,21.58474378881988,-0.020005,1,,1.045591440249933,-0.113039,1,,1.270066866836491,-0.203786,1,,7.6923076923076925,-0.049585,1,,1.0837758152830617,-0.112482,1,7,0.7778,3,0.825577
風間　宏希,Koki Kazama,SH,サイドハーフ,60.733333333333334,60.733333333333334,-0.901903,0,21.0,21.0,-1.353352,0,,50.0,0.187959,1,,1.6124309699936699,-0.206740,1,,21.58474378881988,-0.020005,1,,1.045591440249933,-0.113039,1,,1.270066866836491,-0.203786,1,,7.6923076923076925,-0.049585,1,,1.0837758152830617,-0.112482,1,7,0.7778,3,1.098469
エンリック　マルティネス,Enric Martínez Ros,SH,サイドハーフ,44.15384615384615,44.15384615384615,-1.237659,0,28.76923076923077,28.76923076923077,-0.649349,0,,50.0,0.187959,1,,1.6124309699936699,-0.206740,1,,21.58474378881988,-0.020005,1,,1.045591440249933,-0.113039,1,,1.270066866836491,-0.203786,1,,7.6923076923076925,-0.049585,1,,1.0837758152830617,-0.112482,1,7,0.7778,3,0.889616
ジョアオ,Joao,SH,サイドハーフ,61.25,61.25,-0.891440,0,36.833333333333336,36.833333333333336,0.081374,0,,50.0,0.187959,1,,1.6124309699936699,-0.206740,1,,21.58474378881988,-0.020005,1,,1.045591440249933,-0.113039,1,,1.270066866836491,-0.203786,1,,7.6923076923076925,-0.049585,1,,1.0837758152830617,-0.112482,1,7,0.7778,3,0.711651
村田　迅,Jin Murata,SH,サイドハーフ,117.36363636363636,117.36363636363636,0.244933,0,44.18181818181818,44.18181818181818,0.747252,0,,50.0,0.187959,1,,1.6124309699936699,-0.206740,1,,21.58474378881988,-0.020005,1,,1.045591440249933,-0.113039,1,,1.270066866836491,-0.203786,1,,7.6923076923076925,-0.049585,1,,1.0837758152830617,-0.112482,1,7,0.7778,0,1.240276
鈴木　国友,Kunitomo Suzuki,SH,サイドハーフ,127.88888888888889,127.88888888888889,0.458082,0,33.27777777777778,33.27777777777778,-0.240810,0,,50.0,0.187959,1,,1.6124309699936699,-0.206740,1,,21.58474378881988,-0.020005,1,,1.045591440249933,-0.113039,1,,1.270066866836491,-0.203786,1,,7.6923076923076925,-0.049585,1,,1.0837758152830617,-0.112482,1,7,0.7778,3,0.919564
吉長　真優,Mahiro Yoshinaga,SH,サイドハーフ,86.6842105263158,86.6842105263158,-0.376365,0,26.94736842105263,26.94736842105263,-0.814436,0,50.0,50.0,0.187959,0,9.473684210526315,8.001363956601377,4.587927,0,25.0,25.0,0.315013,0,0.0,0.03806646525679762,-2.200545,0,7.105263157894736,5.931700114101615,5.216063,0,0.0,0.0,-1.296257,0,0.0,0.027125941872981722,-2.184839,0,0,0.0000,2,5.179476
パク　スビン,Su-bin Park,SH,サイドハーフ,75.625,75.625,-0.600328,0,27.875,27.875,-0.730379,0,50.0,50.0,0.187959,0,0.9813084112149533,0.9813084112149533,-0.680374,0,28.57142857142857,28.57142857142857,0.665351,0,1.1214953271028036,1.1214953271028036,0.044227,0,1.4018691588785046,1.4018691588785046,-0.050546,0,0.0,0.0,-1.296257,0,2.102803738317757,2.102803738317757,1.886089,0,0,0.0000,1,2.007548
藤村　慶太,Keita Fujimura,SH,サイドハーフ,57.142857142857146,57.142857142857146,-0.974615,0,21.142857142857142,21.142857142857142,-1.340407,0,,50.0,0.187959,1,,1.6124309699936699,-0.206740,1,,21.58474378881988,-0.020005,1,,1.045591440249933,-0.113039,1,,1.270066866836491,-0.203786,1,,7.6923076923076925,-0.049585,1,,1.0837758152830617,-0.112482,1,7,0.7778,3,1.121473
山谷　侑士,Yushi Yamaya,SH,サイドハーフ,135.85714285714286,135.85714285714286,0.619450,0,35.714285714285715,35.714285714285715,-0.020028,0,,50.0,0.187959,1,,1.6124309699936699,-0.206740,1,,21.58474378881988,-0.020005,1,,1.045591440249933,-0.113039,1,,1.270066866836491,-0.203786,1,,7.6923076923076925,-0.049585,1,,1.0837758152830617,-0.112482,1,7,0.7778,3,1.127530
伊藤　拓巳,Takumi Ito,SH,サイドハーフ,86.18181818181819,86.18181818181819,-0.386539,0,26.0,26.0,-0.900281,0,43.737500000000004,43.737500000000004,-0.155606,0,3.2961783439490446,3.2961783439490446,1.056853,0,21.73913043478261,21.73913043478261,-0.004861,0,1.8630573248407643,1.8630573248407643,1.580681,0,2.7229299363057327,2.7229299363057327,1.485386,0,16.666666666666664,16.666666666666664,1.404866,0,0.7165605095541401,0.7165605095541401,-0.832684,0,0,0.0000,3,3.067789
西丸　道人,Minto Nishimaru,SH,サイドハーフ,130.83333333333334,130.83333333333334,0.517711,0,37.333333333333336,37.333333333333336,0.126681,0,,50.0,0.187959,1,,1.6124309699936699,-0.206740,1,,21.58474378881988,-0.020005,1,,1.045591440249933,-0.113039,1,,1.270066866836491,-0.203786,1,,7.6923076923076925,-0.049585,1,,1.0837758152830617,-0.112482,1,7,0.7778,3,1.096503
清水　祐輔,Yusuke Shimizu,SH,サイドハーフ,59.57142857142857,59.57142857142857,-0.925433,0,20.285714285714285,20.285714285714285,-1.418077,0,0.0,0.0,-2.555077,0,3.4615384615384617,3.4615384615384617,1.180950,0,33.33333333333333,33.33333333333333,1.132468,0,2.3076923076923075,2.3076923076923075,2.501926,0,0.0,0.2707458148718044,-1.365646,0,0.0,0.0,-1.296257,0,1.1538461538461537,1.1538461538461537,0.024943,0,0,0.0000,1,4.181792
稲葉　修土,Shuto Inaba,SH,サイドハーフ,40.3125,40.3125,-1.315451,0,21.875,21.875,-1.274065,0,,50.0,0.187959,1,,1.6124309699936699,-0.206740,1,,21.58474378881988,-0.020005,1,,1.045591440249933,-0.113039,1,,1.270066866836491,-0.203786,1,,7.6923076923076925,-0.049585,1,,1.0837758152830617,-0.112482,1,7,0.7778,3,1.277699
野瀬　龍世,Ryusei Nose,SH,サイドハーフ,124.58823529411765,124.58823529411765,0.391240,0,34.11764705882353,34.11764705882353,-0.164706,0,,50.0,0.187959,1,,1.6124309699936699,-0.206740,1,,21.58474378881988,-0.020005,1,,1.045591440249933,-0.113039,1,,1.270066866836491,-0.203786,1,,7.6923076923076925,-0.049585,1,,1.0837758152830617,-0.112482,1,7,0.7778,3,0.873108
坪郷　来紀,Raiki Tsubogo,SH,サイドハーフ,121.53846153846153,121.53846153846153,0.329478,0,34.30769230769231,34.30769230769231,-0.147485,0,,50.0,0.187959,1,,1.6124309699936699,-0.206740,1,,21.58474378881988,-0.020005,1,,1.045591440249933,-0.113039,1,,1.270066866836491,-0.203786,1,,7.6923076923076925,-0.049585,1,,1.0837758152830617,-0.112482,1,7,0.7778,3,0.821249
小松　寛太,Kanta Komatsu,SH,サイドハーフ,180.14285714285714,180.14285714285714,1.516292,0,47.285714285714285,47.285714285714285,1.028509,0,63.63636363636363,63.63636363636363,0.936060,0,1.2903225806451613,1.2903225806451613,-0.448470,0,0.0,0.0,-2.137353,0,0.6451612903225806,0.6451612903225806,-0.942696,0,0.8064516129032258,0.8064516129032258,-0.742808,0,0.0,0.0,-1.296257,0,1.4516129032258065,1.4516129032258065,0.608939,0,0,0.0000,0,3.282412
弓削　翼,Tsubasa  Yuge,SH,サイドハーフ,93.0,93.0,-0.248462,0,43.0,43.0,0.640162,0,0.0,0.0,-2.555077,0,0.6666666666666667,0.6666666666666667,-0.916502,0,24.974999999999998,24.974999999999998,0.312560,0,2.0,2.0,1.864414,0,1.8333333333333335,1.8333333333333335,0.451096,0,9.090909090909092,9.090909090909092,0.177083,0,2.833333333333333,2.592692307692307,2.846884,0,0,0.0000,1,3.401385
齋藤　恵太,Keita Saito,SH,サイドハーフ,138.66666666666666,138.66666666666666,0.676346,0,27.6,27.6,-0.755298,0,,50.0,0.187959,1,,1.6124309699936699,-0.206740,1,,21.58474378881988,-0.020005,1,,1.045591440249933,-0.113039,1,,1.270066866836491,-0.203786,1,,7.6923076923076925,-0.049585,1,,1.0837758152830617,-0.112482,1,7,0.7778,3,1.175204
永長　鷹虎,Takatora Einaga,SH,サイドハーフ,53.04,53.04,-1.057703,0,17.8,17.8,-1.643318,0,58.333333333333336,58.333333333333336,0.645132,0,7.748344370860927,7.748344370860927,4.398045,0,15.384615384615385,15.384615384615385,-0.628205,0,2.384105960264901,2.384105960264901,2.660249,0,4.768211920529802,4.768211920529802,3.863333,0,25.0,25.0,2.755427,0,2.384105960264901,2.384105960264901,2.437793,0,0,0.0000,2,3.638055
櫻井　文陽,Ayahi Sakurai,SH,サイドハーフ,118.42857142857143,118.42857142857143,0.266499,0,54.857142857142854,54.857142857142854,1.714589,0,,50.0,0.187959,1,,1.6124309699936699,-0.206740,1,,21.58474378881988,-0.020005,1,,1.045591440249933,-0.113039,1,,1.270066866836491,-0.203786,1,,7.6923076923076925,-0.049585,1,,1.0837758152830617,-0.112482,1,7,0.7778,0,1.341695
川上　航立,Kotatsu  Kawakami,SH,サイドハーフ,58.90909090909091,58.90909090909091,-0.938846,0,30.0,30.0,-0.537824,0,,50.0,0.187959,1,,1.6124309699936699,-0.206740,1,,21.58474378881988,-0.020005,1,,1.045591440249933,-0.113039,1,,1.270066866836491,-0.203786,1,,7.6923076923076925,-0.049585,1,,1.0837758152830617,-0.112482,1,7,0.7778,3,0.588639
樋口　叶,Kakeru Higuchi,SH,サイドハーフ,49.0,49.0,-1.139518,0,27.428571428571427,27.428571428571427,-0.770832,0,,50.0,0.187959,1,,1.6124309699936699,-0.206740,1,,21.58474378881988,-0.020005,1,,1.045591440249933,-0.113039,1,,1.270066866836491,-0.203786,1,,7.6923076923076925,-0.049585,1,,1.0837758152830617,-0.112482,1,7,0.7778,3,0.846493
米澤　令衣,Rei Yonezawa,SH,サイドハーフ,70.38461538461539,70.38461538461539,-0.706452,0,19.115384615384617,19.115384615384617,-1.524125,0,,50.0,0.187959,1,,1.6124309699936699,-0.206740,1,,21.58474378881988,-0.020005,1,,1.045591440249933,-0.113039,1,,1.270066866836491,-0.203786,1,,7.6923076923076925,-0.049585,1,,1.0837758152830617,-0.112482,1,7,0.7778,3,1.188230
長谷川　アーリアジャスール,Aria Jasuru Hasegawa,SH,サイドハーフ,8.6,16.599444444444444,-1.795671,0,8.4,9.142777777777779,-2.427786,0,0.0,0.0,-2.555077,0,0.0,0.20058615029616766,-1.266279,0,0.0,0.0,-2.137353,0,0.7982261640798226,0.7982261640798226,-0.625559,0,0.5986696230598669,0.5986696230598669,-0.984386,0,0.0,0.0,-1.296257,0,1.5964523281596452,1.5964523281596452,0.893006,0,0,0.0000,1,3.637177
大渕　来珠,Raiju Obuchi,SH,サイドハーフ,177.0,177.0,1.452645,0,56.6,56.6,1.872517,0,61.55384615384616,61.55384615384616,0.821811,0,3.477272727272727,3.477272727272727,1.192758,0,17.647058823529413,17.647058823529413,-0.406271,0,2.0454545454545454,2.0454545454545454,1.958592,0,1.4318181818181817,1.4318181818181817,-0.015725,0,0.0,0.0,-1.296257,0,1.0227272727272727,1.0227272727272727,-0.232214,0,0,0.0000,0,2.702803
酒井　達磨,Tatsuma Sakai,SH,サイドハーフ,76.11764705882354,76.11764705882354,-0.590351,0,22.11764705882353,22.11764705882353,-1.252078,0,33.33333333333333,33.33333333333333,-0.726386,0,1.8367346938775508,1.8367346938775508,-0.038408,0,20.0,20.0,-0.175460,0,1.1020408163265305,1.1020408163265305,0.003919,0,1.469387755102041,1.469387755102041,0.027955,0,16.666666666666664,16.666666666666664,1.404866,0,0.7346938775510204,0.7346938775510204,-0.797120,0,0,0.0000,3,1.949635
堀越　大蔵,Daizo Horikoshi,SH,サイドハーフ,175.77777777777777,175.77777777777777,1.427893,0,47.44444444444444,47.44444444444444,1.042893,0,,50.0,0.187959,1,,1.6124309699936699,-0.206740,1,,21.58474378881988,-0.020005,1,,1.045591440249933,-0.113039,1,,1.270066866836491,-0.203786,1,,7.6923076923076925,-0.049585,1,,1.0837758152830617,-0.112482,1,7,0.7778,0,0.799150
塚元　大,Dai Tsukamoto,SH,サイドハーフ,78.22222222222223,78.22222222222223,-0.547731,0,27.0,27.0,-0.809667,0,21.428571428571427,21.428571428571427,-1.379490,0,0.6633906633906634,0.6633906633906634,-0.918960,0,0.0,0.0,-2.137353,0,0.44226044226044225,0.44226044226044225,-1.363089,0,0.6633906633906634,0.6633906633906634,-0.909138,0,0.0,0.0,-1.296257,0,0.44226044226044225,0.44226044226044225,-1.370656,0,0,0.0000,3,3.564312
前田　陸王,Rio Maeda,SH,サイドハーフ,72.1875,72.1875,-0.669942,0,26.4375,26.4375,-0.860637,0,0.0,0.0,-2.555077,0,2.25,2.25,0.271733,0,0.0,0.0,-2.137353,0,2.25,2.25,2.382393,0,2.25,2.25,0.935534,0,0.0,0.0,-1.296257,0,0.0,0.027125941872981722,-2.184839,0,0,0.0000,3,4.998858
田鎖　勇作,Yusaku Takusari,SH,サイドハーフ,85.83333333333333,85.83333333333333,-0.393596,0,36.833333333333336,36.833333333333336,0.081374,0,,50.0,0.187959,1,,1.6124309699936699,-0.206740,1,,21.58474378881988,-0.020005,1,,1.045591440249933,-0.113039,1,,1.270066866836491,-0.203786,1,,7.6923076923076925,-0.049585,1,,1.0837758152830617,-0.112482,1,7,0.7778,3,0.531616
常安　澪,Tsuneyasu Mio,SH,サイドハーフ,153.14285714285714,153.14285714285714,0.969507,0,36.285714285714285,36.285714285714285,0.031752,0,28.57142857142857,28.57142857142857,-0.987628,0,1.6237113402061853,1.6237113402061853,-0.198274,0,28.57142857142857,28.57142857142857,0.665351,0,1.6237113402061853,1.6237113402061853,1.084776,0,2.551546391752577,2.551546391752577,1.286127,0,0.0,0.0,-1.296257,0,1.6237113402061853,1.6237113402061853,0.946468,0,0,0.0000,0,2.918130
椎名　伸志,Nobuyuki Shiina,SH,サイドハーフ,102.0,102.0,-0.066201,0,36.5,36.5,0.051169,0,22.21111111111111,22.21111111111111,-1.336559,0,2.227722772277228,2.227722772277228,0.255015,0,20.0,20.0,-0.175460,0,1.5594059405940595,1.5594059405940595,0.951541,0,1.5594059405940595,1.5594059405940595,0.132614,0,0.0,0.0,-1.296257,0,0.6683168316831682,0.6683168316831682,-0.927302,0,0,0.0000,3,2.513672
中塩　大貴,Daiki Nakashio,SH,サイドハーフ,95.55555555555556,95.55555555555556,-0.196709,0,29.88888888888889,29.88888888888889,-0.547892,0,,50.0,0.187959,1,,1.6124309699936699,-0.206740,1,,21.58474378881988,-0.020005,1,,1.045591440249933,-0.113039,1,,1.270066866836491,-0.203786,1,,7.6923076923076925,-0.049585,1,,1.0837758152830617,-0.112482,1,7,0.7778,3,0.355995
小堀　空,Sora Kobori,SH,サイドハーフ,81.72727272727273,81.72727272727273,-0.476749,0,33.0,33.0,-0.265981,0,,50.0,0.187959,1,,1.6124309699936699,-0.206740,1,,21.58474378881988,-0.020005,1,,1.045591440249933,-0.113039,1,,1.270066866836491,-0.203786,1,,7.6923076923076925,-0.049585,1,,1.0837758152830617,-0.112482,1,7,0.7778,3,0.273691
若谷　拓海,Takumi Wakaya,SH,サイドハーフ,57.75,57.75,-0.962320,0,20.0,20.0,-1.443967,0,50.01428571428572,50.01428571428572,0.188743,0,6.779220779220779,6.779220779220779,3.670752,0,17.237931034482756,17.237931034482756,-0.446404,0,2.337662337662338,2.337662337662338,2.564022,0,3.74025974025974,3.74025974025974,2.668185,0,9.090909090909092,9.090909090909092,0.177083,0,1.168831168831169,1.168831168831169,0.054333,0,0,0.0000,2,2.352706
植田　悠太,Yuta Ueda,SH,サイドハーフ,35.5,35.5,-1.412910,0,5.0,9.142777777777779,-2.427786,0,62.4875,62.4875,0.873032,0,3.0708661417322833,3.0708661417322833,0.887764,0,0.0,0.0,-2.137353,0,0.0,0.03806646525679762,-2.200545,0,1.1811023622047243,1.1811023622047243,-0.307220,0,0.0,0.0,-1.296257,0,1.1811023622047243,1.1811023622047243,0.078400,0,0,0.0000,3,4.141544
鈴木　隆雅,Ryuga Suzuki,SH,サイドハーフ,180.125,180.125,1.515930,0,40.5,40.5,0.413627,0,,50.0,0.187959,1,,1.6124309699936699,-0.206740,1,,21.58474378881988,-0.020005,1,,1.045591440249933,-0.113039,1,,1.270066866836491,-0.203786,1,,7.6923076923076925,-0.049585,1,,1.0837758152830617,-0.112482,1,7,0.7778,0,1.062110
下上　昇大,Shota Shimogami,SH,サイドハーフ,57.5,57.5,-0.967382,0,23.5,23.5,-1.126817,0,0.0,0.0,-2.555077,0,2.057142857142857,2.057142857142857,0.127001,0,37.5125,37.5125,1.542422,0,0.5142857142857142,0.5142857142857142,-1.213859,0,1.2857142857142856,1.2857142857142856,-0.185593,0,50.0,28.57142857142857,3.334239,0,2.571428571428571,2.571428571428571,2.805180,0,0,0.0000,1,4.626700
住田　将,Sho Sumida,SH,サイドハーフ,87.2,87.2,-0.365920,0,20.4,20.4,-1.407721,0,0.0,0.0,-2.555077,0,1.1501597444089455,1.1501597444089455,-0.553658,0,25.0,25.0,0.315013,0,1.4376996805111821,1.4376996805111821,0.699376,0,0.8626198083067093,0.8626198083067093,-0.677504,0,0.0,0.0,-1.296257,0,2.0127795527156547,2.0127795527156547,1.709528,0,0,0.0000,1,2.002599
佐藤　璃樹,Riki Sato,SH,サイドハーフ,71.625,71.625,-0.681333,0,27.125,27.125,-0.798340,0,50.0,50.0,0.187959,0,0.5389221556886228,0.5389221556886228,-1.012370,0,0.0,0.0,-2.137353,0,1.0778443113772456,1.0778443113772456,-0.046214,0,0.2694610778443114,0.2707458148718044,-1.365646,0,0.0,0.0,-1.296257,0,1.8862275449101795,1.8862275449101795,1.461328,0,0,0.0000,1,3.106631
土館　賢人,Kento Dodate,SH,サイドハーフ,25.88888888888889,25.88888888888889,-1.607548,0,11.555555555555555,11.555555555555555,-2.209154,0,0.0,0.0,-2.555077,0,0.2719033232628399,0.2719033232628399,-1.212758,0,100.0,56.15514285714275,3.371165,0,0.2719033232628399,0.2719033232628399,-1.716055,0,0.0,0.2707458148718044,-1.365646,0,0.0,0.0,-1.296257,0,2.175226586102719,2.175226586102719,2.028128,0,0,0.0000,1,4.252150
石山　青空,Aozora Ishiyama,SH,サイドハーフ,24.88888888888889,24.88888888888889,-1.627799,0,19.77777777777778,19.77777777777778,-1.464103,0,,50.0,0.187959,1,,1.6124309699936699,-0.206740,1,,21.58474378881988,-0.020005,1,,1.045591440249933,-0.113039,1,,1.270066866836491,-0.203786,1,,7.6923076923076925,-0.049585,1,,1.0837758152830617,-0.112482,1,7,0.7778,3,1.631237
豊田　晃大,Koki Toyoda,SH,サイドハーフ,49.0,49.0,-1.139518,0,20.11111111111111,20.11111111111111,-1.433898,0,66.66666666666666,66.66666666666666,1.102304,0,0.27607361963190186,0.27607361963190186,-1.209628,0,100.0,56.15514285714275,3.371165,0,1.1042944785276074,1.1042944785276074,0.008589,0,1.1042944785276074,1.1042944785276074,-0.396521,0,0.0,0.0,-1.296257,0,0.8282208588957056,0.8282208588957056,-0.613690,0,0,0.0000,3,4.210376
吉田　桂介, Keisuke Yoshida,SH,サイドハーフ,14.75,16.599444444444444,-1.795671,0,21.5,21.5,-1.308045,0,,50.0,0.187959,1,,1.6124309699936699,-0.206740,1,,21.58474378881988,-0.020005,1,,1.045591440249933,-0.113039,1,,1.270066866836491,-0.203786,1,,7.6923076923076925,-0.049585,1,,1.0837758152830617,-0.112482,1,7,0.7778,3,1.669194
長野　星輝,Shoki  Nagano,SH,サイドハーフ,199.75,199.75,1.913361,0,45.25,45.25,0.844044,0,38.88888888888889,38.88888888888889,-0.421605,0,2.271293375394322,2.271293375394322,0.287713,0,12.5,12.5,-0.911170,0,1.135646687697161,1.135646687697161,0.073548,0,5.962145110410095,5.931700114101615,5.216063,0,10.0,10.0,0.324417,0,0.5678233438485805,0.5678233438485805,-1.124395,0,0,0.0000,0,5.220712
鍵山　慶司,Keiji Kagiyama,SH,サイドハーフ,25.833333333333332,25.833333333333332,-1.608673,0,15.166666666666666,15.166666666666666,-1.881936,0,0.0,0.0,-2.555077,0,0.28846153846153844,0.28846153846153844,-1.200331,0,0.0,0.0,-2.137353,0,0.0,0.03806646525679762,-2.200545,0,0.8653846153846154,0.8653846153846154,-0.674290,0,0.0,0.0,-1.296257,0,2.5961538461538463,2.592692307692307,2.846884,0,0,0.0000,1,4.004706
金原　朝陽,Asahi  Kanehara,SH,サイドハーフ,69.92857142857143,69.92857142857143,-0.715688,0,21.857142857142858,21.857142857142858,-1.275683,0,,50.0,0.187959,1,,1.6124309699936699,-0.206740,1,,21.58474378881988,-0.020005,1,,1.045591440249933,-0.113039,1,,1.270066866836491,-0.203786,1,,7.6923076923076925,-0.049585,1,,1.0837758152830617,-0.112482,1,7,0.7778,3,0.958238
