FB_Name,SC_Name,analysis_position_code,cluster_id,analysis_position_jp,cluster_distance_to_center,z_aerial_duel_win_rate_pct,z_tackle_win_rate_pct,z_interceptions_per90,z_blocks_per90,z_clearances_per90,z_pass_success_rate_pct,z_successful_forward_passes_per90,z_successful_long_passes_per90,z_medaccel_count_full_all_per_match,z_highaccel_count_full_all_per_match,distance_to_cluster_center_3,score_cluster_0,score_cluster_1,score_cluster_2,score_cluster_3,rank_cluster_0,rank_cluster_1,rank_cluster_2,rank_cluster_3
温井　駿斗,Hayato Nukui,CB,0,センターバック,2.087771,-0.932062,-0.366228,-0.964506,-0.6487,-1.695222,0.780854,2.037732,1.16947,0.611055,-0.361789,3.769080002956292,3.9880560000000003,-3.238339,-1.330734,-3.769080002956292,7,142,131,106
黒木　謙吾,Kengo  Kuroki,CB,3,センターバック,1.856491,0.46763,1.26907,-0.964506,0.16843,0.270415,-0.45123,-0.096105,-0.146618,1.134017,0.923699,1.8564897526770783,-0.693953,-0.395972,0.30456399999999995,-1.8564897526770783,106,89,42,40
蓑田　広大,Kodai  Minoda,CB,3,センターバック,1.896693,-0.207417,0.163796,-0.661551,1.24744,-0.106677,-1.114693,-0.080279,0.365334,0.541226,0.801751,1.8966922600472116,-0.8296379999999999,-0.85532,-0.497755,-1.8966922600472116,110,109,112,42
鈴木　順也,Junya Suzuki,CB,0,センターバック,1.134981,-0.355062,-0.443979,0.41058,-0.294639,-0.56709,1.123108,0.844754,0.589586,0.612762,0.028481,2.046058009149301,2.557448,-1.5349140000000001,-0.03339900000000001,-2.046058009149301,23,124,52,48
辻岡　佑真,Yuma  Tsujioka,CB,3,センターバック,2.938829,0.845776,1.037586,0.576188,0.95209,0.262376,-1.028644,0.236442,1.654349,1.39329,1.519842,2.938828859998826,0.8621470000000002,-0.2851379999999999,1.6137739999999998,-2.938828859998826,42,84,16,86
鈴木　大誠,Daisei Suzuki,CB,0,センターバック,2.271363,0.161079,-0.291279,-0.076891,-0.156978,-0.163679,0.700371,0.419796,2.296892,1.314608,0.866042,2.7939101589267326,3.417059,-1.317208,-0.36817,-2.7939101589267326,13,120,103,81
附木　雄也,Yuya Tsukegi,CB,0,センターバック,1.938844,0.215802,0.047043,-0.592906,-0.929249,-0.681812,1.306889,1.622625,2.455174,1.137581,-0.114386,3.8273421314883778,5.384688000000001,-1.603591,-0.545863,-3.8273421314883778,2,126,113,109
加藤　大育,Daisuke Kato,CB,3,センターバック,2.980881,-0.056544,-0.689306,2.165054,0.39229,-0.520511,-0.426399,0.152786,-1.102239,0.999265,2.035322,2.9808815341940376,-1.375852,-1.57632,1.475748,-2.9808815341940376,122,125,18,87
杉山　耕二,Koji  Sugiyama,CB,3,センターバック,1.308305,0.785041,-0.247172,-0.349847,-0.221627,0.252227,0.360559,-0.02726,0.320081,0.914438,1.150586,1.308304276601204,0.6533800000000001,0.1228300000000001,-0.597019,-1.308304276601204,44,69,114,25
秋山　拓也,Takuya Akiyama,CB,1,センターバック,3.265834,1.824667,0.610134,-0.157583,-1.093064,1.188194,-2.294157,-0.589706,-0.133776,0.224969,-0.373593,3.6201366325040825,-3.017639,2.787892,0.4525509999999999,-3.6201366325040825,135,11,37,104
川上　竜,Ryu Kawakami,CB,0,センターバック,1.946695,-0.063233,0.500182,0.635324,-0.789383,-1.462327,0.697766,2.383011,1.941191,0.730296,0.378822,3.899183887708811,5.021968,-2.255856,1.135506,-3.899183887708811,4,137,22,113
甲斐　健太郎,Kentaro Kai,CB,0,センターバック,3.181851,-0.050526,0.22906,2.80729,0.237274,0.296854,-0.254503,0.880613,0.984519,0.436219,-0.023308,3.2172544859863046,1.6106289999999999,-0.18989100000000003,3.03635,-3.2172544859863046,32,80,5,94
山田　将之,Masayuki Yamada,CB,0,センターバック,2.955832,0.584854,-0.478149,1.150136,0.548851,0.405468,1.37974,2.34386,-0.825711,0.090923,-0.222648,3.2767277563445822,2.8978889999999997,0.899399,0.6719870000000001,-3.2767277563445822,18,41,31,96
白井　達也,Tatsuya Shirai,CB,3,センターバック,1.912806,-0.089475,-0.247496,-0.964506,-1.013776,0.572903,0.515136,-0.586674,-0.291341,0.259037,0.093218,1.912806057371996,-0.362879,0.22439100000000006,-1.212002,-1.912806057371996,102,60,128,43
山本　義道,Norimichi Yamamoto,CB,3,センターバック,2.599865,0.589178,-0.529406,-0.196308,-1.605371,-0.294469,0.671039,0.516098,-0.07923,1.304417,1.74654,2.5998647284831957,1.107907,-1.0097079999999998,-0.7257140000000001,-2.5998647284831957,38,114,121,71
大野　佑哉,Yuya  Ono,CB,3,センターバック,2.076958,0.056277,0.208373,-0.964506,0.256209,1.005636,0.801883,-1.272901,-0.841514,0.930112,0.605744,2.076957418156665,-1.312532,0.13180099999999983,-0.7561329999999999,-2.076957418156665,121,68,122,49
野々村　鷹人,Takato Nonomura,CB,3,センターバック,1.552512,0.935087,-0.291279,-0.112428,1.221746,0.244931,-0.446395,-0.156071,-0.619272,0.73475,0.529803,1.5525118830704645,-1.221738,0.445268,-0.40370700000000004,-1.5525118830704645,118,56,107,30
野澤　陸,Riku Nozawa,CB,0,センターバック,3.099598,0.490309,0.833293,1.936916,0.001847,0.400582,0.225091,0.857246,3.001505,0.137146,-0.372887,4.059921009854625,4.083842,0.753745,2.770209,-4.059921009854625,6,45,6,117
大嶋　春樹,Haruki Oshima,CB,3,センターバック,2.71783,0.202307,0.783638,2.502163,0.053195,0.492007,0.725373,-0.273398,-0.504075,0.724297,0.080271,2.7178301632002317,-0.05209999999999998,-0.029982999999999982,3.2858009999999997,-2.7178301632002317,95,73,4,75
大森　博,Hiroshi  Omori,CB,0,センターバック,3.861922,0.243213,-1.233564,-0.215958,0.56019,0.841591,1.711282,2.976285,-0.915482,0.836852,1.238283,3.929961165427083,3.7720849999999997,0.24795200000000006,-1.4495220000000002,-3.929961165427083,9,59,134,115
深川　大輔,Daisuke  Fukagawa,CB,3,センターバック,2.121861,0.827643,-0.453784,0.324756,0.545791,-0.440305,-0.455875,-1.505116,-0.026468,0.099557,-0.221049,2.121861413126927,-1.9874589999999999,0.287781,-0.12902800000000003,-2.121861413126927,128,57,97,50
澤田　雄大,Yudai Sawada,CB,3,センターバック,3.259661,-0.945674,-0.020701,1.246672,1.476944,0.095349,0.794705,-0.217834,1.422537,1.528623,2.178483,3.2596616024355964,1.9994079999999999,-2.3789480000000003,1.225971,-3.2596616024355964,28,138,20,95
畑尾　大翔,Hiroto Hatao,CB,0,センターバック,2.307634,0.015025,-0.247496,-0.142352,-1.549191,-0.508997,1.411255,-0.066685,0.320945,-0.642283,-0.883253,3.045450963484226,1.665515,0.14831100000000003,-0.389848,-3.045450963484226,30,66,105,89
常田　克人,Masato Tokida,CB,3,センターバック,2.474745,1.399284,-0.637965,0.276351,0.026232,0.928329,0.127747,0.262688,0.448667,1.002715,2.184831,2.4747444284515523,0.839102,1.324898,-0.361614,-2.4747444284515523,43,30,102,66
二階堂　正哉,Seiya Nikaido,CB,0,センターバック,1.656321,-0.087256,0.593088,-0.964506,-0.444625,0.18083,1.3158,0.589999,0.820828,0.012864,-0.365118,2.451544558213658,2.726627,0.08070999999999999,-0.371418,-2.451544558213658,20,71,104,64
江川　慶城,Genki Egawa,CB,1,センターバック,1.857555,0.465566,-0.321131,-0.964506,-0.160362,1.041109,0.494911,-1.182598,-0.466161,-0.223126,-0.259738,2.248827584085761,-1.153848,1.729801,-1.285637,-2.248827584085761,115,21,130,58
冨田　康平,Kohei Tomita,CB,3,センターバック,3.790135,-0.21579,0.879439,-0.964506,3.322198,0.442664,0.297791,-0.16625,-1.06195,1.463614,1.633954,3.790135283589624,-0.930409,-1.23674,-0.085067,-3.790135283589624,113,119,54,107
雪江　悠人,Hiroto Yukie,CB,2,センターバック,4.107251,-0.838852,2.092459,3.954976,-0.13035,-2.371463,-3.284433,-2.337872,-1.640077,-0.15549,0.492515,6.754849236932531,-7.262382,-3.054825,6.047435,-6.754849236932531,149,140,2,145
奥田　雄大,Yudai Okuda,CB,3,センターバック,1.39063,0.251325,-0.247265,-0.035504,-0.409139,-0.378819,-0.513771,-0.11438,-0.193069,-0.289077,0.826039,1.390630550993685,-0.8212200000000001,0.16158299999999998,-0.282769,-1.390630550993685,109,64,99,28
中村　勇太,Yuta Nakamura,CB,0,センターバック,1.124326,0.004964,-0.409655,-0.303883,-0.59188,-1.006385,1.033379,1.482587,0.644398,0.745735,-0.390542,2.7183332464127723,3.1603640000000004,-1.7471560000000002,-0.713538,-2.7183332464127723,16,128,120,76
菊地　脩太,Shuta Kikuchi,CB,3,センターバック,0.631171,0.04739,0.047043,-0.157583,0.001847,-0.041387,0.191401,-0.094087,-0.119109,0.549867,0.091174,0.6311702932640287,-0.021795000000000023,-0.543864,-0.11054,-0.6311702932640287,85,94,89,11
宮部　大己,Taiki Miyabe,CB,3,センターバック,2.364184,0.906313,0.562083,-0.313753,1.337148,-0.664233,1.074931,-0.596282,-0.604546,-0.489501,0.267594,2.364183947013218,-0.12589699999999993,0.731581,0.24833,-2.364183947013218,97,46,45,62
工藤　孝太,Kota Kudo,CB,3,センターバック,1.799398,1.156195,0.592938,0.480608,-0.885516,0.505988,-0.129516,0.402888,-0.026906,0.600812,0.442797,1.7993975747974653,0.24646600000000007,1.0613710000000003,1.073546,-1.7993975747974653,51,36,24,36
市原　亮太,Ryota  Ichihara,CB,3,センターバック,1.801493,0.411263,0.082193,0.221604,-0.150032,-0.602419,-1.163037,0.078932,-0.308777,1.162838,1.255493,1.8014930392035937,-1.3928820000000002,-1.3539940000000001,0.303797,-1.8014930392035937,123,121,43,37
金浦　真樹,Masaki Kaneura,CB,0,センターバック,2.902581,-1.757056,0.500182,-0.964506,-0.049775,-0.860095,0.409074,1.312814,2.237279,-0.615922,-1.394602,4.365043332403929,3.959167,-2.001229,-0.46432399999999996,-4.365043332403929,8,132,110,129
佐藤　喜生,Yoshiki Sato,CB,3,センターバック,0.808446,0.04739,0.047043,-0.157583,0.001847,-0.041387,0.191401,-0.094087,-0.119109,0.521941,1.297323,0.8084452721526671,-0.021795000000000023,-0.515938,-0.11054,-0.8084452721526671,58,91,62,15
加藤　徹也,Tetsuya Kato,CB,3,センターバック,2.55499,0.115806,0.374883,1.449761,1.412545,-1.255885,-0.585731,-0.094087,0.029732,1.106703,1.150586,2.5549900502416834,-0.650086,-2.2467819999999996,1.8246440000000002,-2.5549900502416834,105,135,14,68
宗近　慧,Kei Munechika,CB,3,センターバック,1.667797,1.107394,0.796011,0.290767,-0.489223,0.674792,0.063557,0.205313,-0.450739,0.698804,1.06427,1.6677963010286958,-0.181869,1.0833819999999998,1.086778,-1.6677963010286958,99,35,23,33
千布　一輝,Kazuki Chibu,CB,3,センターバック,0.718627,0.04739,0.047043,-0.157583,0.001847,-0.041387,0.191401,-0.094087,-0.119109,1.109889,0.339218,0.7186258494286161,-0.021795000000000023,-1.103886,-0.11054,-0.7186258494286161,61,116,65,12
池ヶ谷　颯斗,Hayato Ikegaya,CB,3,センターバック,2.019244,-0.276322,0.550145,-0.645775,0.953265,-0.990797,0.292526,0.310193,-1.195811,0.530545,0.287429,2.0192448113131305,-0.593092,-1.7976640000000002,-0.09562999999999999,-2.0192448113131305,104,131,56,46
マテイ　ヨニッチ,Matej Jonjić,CB,3,センターバック,0.457153,0.04739,0.047043,-0.157583,0.001847,-0.041387,0.191401,-0.094087,-0.119109,0.796143,0.541668,0.45715212851194303,-0.021795000000000023,-0.7901400000000001,-0.11054,-0.45715212851194303,55,106,59,2
大畑　隆也,Ryuya Ohata,CB,3,センターバック,0.54659,0.04739,0.047043,-0.157583,0.001847,-0.041387,0.191401,-0.094087,-0.119109,0.943891,0.598165,0.5465893830417858,-0.021795000000000023,-0.937888,-0.11054,-0.5465893830417858,63,112,67,7
篠﨑　輝和,Terukazu Shinozaki,CB,0,センターバック,5.842364,-0.283395,2.992442,3.954976,-2.503637,-0.122441,1.652605,0.990054,3.001505,0.969964,1.332634,6.760421645834674,5.644164,-1.3758,6.947418,-6.760421645834674,1,122,1,146
沼田　航征,Kosei Numata,CB,0,センターバック,3.28322,-1.491529,0.415955,-0.184794,-0.10535,-2.29886,0.667158,-0.25568,2.133082,-0.620885,-1.120398,4.341345242785467,2.5445599999999997,-3.1695040000000003,0.231161,-4.341345242785467,24,141,46,128
鈴木　俊也,Shunya Suzuki,CB,3,センターバック,7.394542,-3.762774,-1.057481,-0.964506,3.322198,4.601248,-0.236619,1.632849,-2.226394,0.21911,1.32931,7.39454335420572,-0.8301639999999999,0.6193640000000001,-2.0219869999999998,-7.39454335420572,111,48,143,148
市原　吏音,Rion Ichihara,CB,3,センターバック,2.021638,1.356642,-0.84454,0.425377,-0.609406,0.261774,0.400922,0.512221,0.184219,1.083816,0.456921,2.0216371293248945,1.097362,0.5346,-0.41916299999999995,-2.0216371293248945,39,51,108,47
村上　陽介,Yosuke Murakami,CB,1,センターバック,1.545198,0.043748,-0.157198,0.425377,-0.136213,0.465181,-0.140862,-0.74697,-0.283449,-0.048358,-0.859907,1.8309022528999195,-1.171281,0.557287,0.268179,-1.8309022528999195,117,50,44,39
庄司　朋乃也,Honoya Shoji,CB,3,センターバック,2.192438,-0.09207,1.305311,-0.964506,-0.728677,-0.041387,-0.412744,0.192913,0.573238,0.146228,0.225281,2.1924372190861017,0.353407,-0.27968499999999996,0.34080500000000014,-2.1924372190861017,48,83,41,55
岩﨑　博,Hiroshi  Iwasaki,CB,3,センターバック,1.337222,0.04739,0.047043,-0.157583,0.001847,-0.041387,0.191401,-0.094087,-0.119109,1.16725,1.714875,1.3372211625983936,-0.021795000000000023,-1.161247,-0.11054,-1.3372211625983936,69,118,73,26
高橋　勇利也,Yuriya Takahashi,CB,3,センターバック,1.495511,0.04739,0.047043,-0.157583,0.001847,-0.041387,0.191401,-0.094087,-0.119109,1.680264,1.499301,1.4955103146006716,-0.021795000000000023,-1.674261,-0.11054,-1.4955103146006716,92,127,96,29
福森　直也,Naoya Fukumori,CB,3,センターバック,2.290234,0.208047,0.742485,-0.605307,-1.279818,-0.178514,0.191401,-1.287536,0.047936,0.772343,-0.071114,2.2902333153462773,-1.048199,-0.74281,0.1371779999999999,-2.2902333153462773,114,104,49,59
浦上　仁騎,Niki Urakami,CB,3,センターバック,2.201642,-0.803624,-0.538468,0.117243,0.583,-0.919197,0.639076,0.741998,-0.016145,1.680264,0.245055,2.20164192532596,1.3649289999999998,-3.403085,-0.42122499999999996,-2.20164192532596,35,143,109,57
平松　航,Wataru Hiramatsu,CB,3,センターバック,0.506937,0.04739,0.047043,-0.157583,0.001847,-0.041387,0.191401,-0.094087,-0.119109,0.774625,0.833896,0.5069353672441882,-0.021795000000000023,-0.768622,-0.11054,-0.5069353672441882,70,105,74,5
井上　竜太,Ryota Inoue,CB,0,センターバック,2.308106,1.481546,0.400491,-0.59914,-0.96887,-1.036369,0.435892,0.639906,1.095614,0.308085,0.976453,2.789100752502319,2.171412,0.13709199999999994,-0.19864900000000002,-2.789100752502319,27,67,98,80
高橋　祥平,Shohei Takahashi,CB,0,センターバック,1.761048,-0.185857,-1.056806,-0.964506,-0.08001,-0.362478,1.230936,1.191484,1.316433,0.290026,-0.034023,2.898154095543575,3.7388529999999998,-0.838361,-2.021312,-2.898154095543575,10,108,140,85
森　侑里,Yuri Mori,CB,0,センターバック,2.125201,-0.20061,-0.13686,-0.214159,0.115297,-0.559599,1.48584,2.869735,0.04792,0.071022,-0.489413,3.590078059420714,4.403495,-0.8312309999999999,-0.35101899999999997,-3.590078059420714,5,107,100,102
松本　大輔,Daisuke Matsumoto,CB,3,センターバック,0.860052,0.04739,0.047043,-0.157583,0.001847,-0.041387,0.191401,-0.094087,-0.119109,0.084143,-0.014169,0.860052489780711,-0.021795000000000023,-0.07813999999999999,-0.11054,-0.860052489780711,76,76,80,19
中里　崇宏,Takahiro Nakazato,CB,0,センターバック,2.885342,-1.40915,0.703531,1.325997,-0.691454,-1.463999,-0.200726,1.360127,1.322366,0.625908,-1.693517,4.16420335917832,2.481767,-3.4990569999999996,2.029528,-4.16420335917832,25,145,9,121
柳下　大樹,Daiki Yagishita,CB,1,センターバック,2.565009,0.523703,-0.418446,0.345192,0.078139,-0.791774,-2.13447,-0.080264,-0.167678,-0.180729,-0.234609,2.751192738773676,-2.382412,-0.08734199999999995,-0.07325399999999999,-2.751192738773676,131,77,53,78
山下　諒時,Ryoji Yamashita,CB,3,センターバック,2.598836,-0.399779,-1.910309,0.227391,0.436401,0.051807,-0.336923,1.098326,0.503467,0.364199,-0.075097,2.5988360908899195,1.26487,-0.712171,-1.682918,-2.5988360908899195,36,103,137,70
大和　優槻,Yuzuki  Yamato,CB,1,センターバック,1.542611,0.761288,-1.507472,-0.041911,0.199192,-0.246746,-0.141084,-0.443546,0.259539,-1.076439,-1.110886,2.99896767401351,-0.32509099999999996,1.5909809999999998,-1.549383,-2.99896767401351,101,25,135,88
近石　哲平,Teppei Chikaishi,CB,1,センターバック,2.447483,0.661536,-1.563552,-0.09984,1.550085,0.988726,-0.748955,-1.052503,0.074388,-0.048799,-0.784613,3.070747081867538,-1.72707,1.6990610000000002,-1.663392,-3.070747081867538,126,23,136,90
永野　修都,Shuto Nagano,CB,3,センターバック,0.982612,0.04739,0.047043,-0.157583,0.001847,-0.041387,0.191401,-0.094087,-0.119109,1.385221,0.225281,0.9826112728469993,-0.021795000000000023,-1.379218,-0.11054,-0.9826112728469993,78,123,82,22
藤谷　匠,Takumi Fujitani,CB,3,センターバック,0.538666,0.04739,0.047043,-0.157583,0.001847,-0.041387,0.191401,-0.094087,-0.119109,0.545182,0.962477,0.5386647840215657,-0.021795000000000023,-0.5391790000000001,-0.11054,-0.5386647840215657,87,93,91,6
黒石　貴哉,Takaya Kuroishi,CB,2,センターバック,4.360698,0.04739,-0.81925,3.182677,0.160551,-0.030726,-2.603188,-1.286758,-1.472147,0.666936,1.633954,4.681650299109278,-5.362093,-0.650272,2.3634269999999997,-4.681650299109278,144,102,7,134
神山　京右,Kyosuke Kamiyama,CB,0,センターバック,1.633321,0.030559,0.292793,1.110924,0.477651,-0.374687,0.531656,0.778604,1.267615,0.281982,0.287429,2.1671404951652304,2.5778749999999997,-0.6261099999999999,1.403717,-2.1671404951652304,22,100,19,54
田代　真一,Masakazu Tashiro,CB,3,センターバック,2.681813,-0.490219,0.562488,0.409571,-1.315627,0.304007,0.976654,-1.365648,0.365281,-0.051136,-0.437623,2.681812510823417,-0.02371299999999993,-0.13507599999999997,0.972059,-2.681812510823417,93,78,28,73
長倉　颯,Hayate Nagakura,CB,3,センターバック,0.580521,0.04739,0.047043,-0.157583,0.001847,-0.041387,0.191401,-0.094087,-0.119109,0.92457,0.359137,0.5805205824921285,-0.021795000000000023,-0.918567,-0.11054,-0.5805205824921285,90,111,94,9
加藤　慎太郎,Shintaro Kato,CB,1,センターバック,3.503961,-0.314229,-2.486865,-0.066679,1.871592,-0.149137,-1.761115,-0.469274,-0.471904,0.108683,-0.305796,3.765721571439264,-2.702293,-0.5720489999999999,-2.553544,-3.765721571439264,133,96,146,105
深港　壮一郎,Soichiro Fukaminato,CB,1,センターバック,2.036499,0.590865,1.00831,-0.533169,0.298861,0.401001,-1.236608,-0.431233,-0.744814,-0.794967,-0.100992,2.469809480446417,-2.412655,1.786833,0.47514100000000004,-2.469809480446417,132,19,35,65
花房　稔,Minoru Hanafusa,CB,3,センターバック,2.135243,-1.04799,-0.000979,1.203165,0.251542,-0.630018,-0.319783,-0.545298,-0.299335,0.405626,-0.385834,2.1352439240655854,-1.1644160000000001,-2.083634,1.202186,-2.1352439240655854,116,134,21,51
井上　航希,Koki Inoue,CB,0,センターバック,2.34456,0.730715,0.293393,0.769631,-1.191647,-0.992574,1.629105,2.976285,0.459551,0.345494,0.246898,4.068227095598278,5.064941,-0.607353,1.063024,-4.068227095598278,3,99,25,118
水口　湧斗,Yuto Minakuchi,CB,1,センターバック,2.576581,0.449984,0.968493,-0.279478,-0.181213,-0.50945,-1.8519,-1.260296,-0.703919,-0.917921,0.011218,3.0987339932880653,-3.816115,0.858455,0.689015,-3.0987339932880653,140,42,30,93
杉田　隼,Hayato Sugita,CB,3,センターバック,0.873114,0.04739,0.047043,-0.157583,0.001847,-0.041387,0.191401,-0.094087,-0.119109,0.050921,1.183784,0.8731131920312508,-0.021795000000000023,-0.044918,-0.11054,-0.8731131920312508,74,74,78,20
ピトリック,Kevin Pytlik,CB,3,センターバック,1.688733,0.04739,0.047043,-0.157583,0.001847,-0.041387,0.191401,-0.094087,-0.119109,0.952147,2.184831,1.6887328169210192,-0.021795000000000023,-0.946144,-0.11054,-1.6887328169210192,53,113,57,34
當麻　颯,Hayate Toma,CB,3,センターバック,0.770459,0.04739,0.047043,-0.157583,0.001847,-0.041387,0.191401,-0.094087,-0.119109,1.103654,0.206367,0.7704576329565436,-0.021795000000000023,-1.097651,-0.11054,-0.7704576329565436,81,115,85,14
左合　修土,Shuto Sago,CB,1,センターバック,5.833438,2.20965,-4.135422,-0.964506,-3.290832,0.747692,-0.373841,-0.86691,-2.226394,-0.517723,0.433086,6.473502914082683,-3.467145,3.475065,-5.099928,-6.473502914082683,139,8,149,144
綿引　康,Ko Watahiki,CB,2,センターバック,3.476385,-2.614344,0.09964,0.345192,2.456236,-1.631482,-1.565911,-2.390035,-1.167439,1.081209,1.530375,5.080710858827729,-5.123385,-5.327035,0.444832,-5.080710858827729,143,149,38,137
野瀬　翔也,Shoya  Nose,CB,3,センターバック,0.724489,0.04739,0.047043,-0.157583,0.001847,-0.041387,0.191401,-0.094087,-0.119109,0.145081,0.138275,0.724488414313162,-0.021795000000000023,-0.13907799999999998,-0.11054,-0.724488414313162,89,79,93,13
深津　康太,Kota Fukatsu,CB,3,センターバック,4.177085,1.423357,-1.057169,3.10916,0.022318,1.720026,0.232288,-0.731602,0.860818,-0.368745,-0.023308,4.177085137822786,0.361504,3.512128,2.051991,-4.177085137822786,47,7,8,122
長谷川　光基,Koki Hasegawa,CB,2,センターバック,4.127159,-2.945847,1.519743,-0.964506,2.556277,-1.233147,0.671832,-0.292648,-0.404767,-0.775195,-0.517662,4.831050456361122,-0.025583000000000022,-3.4037990000000002,0.5552370000000001,-4.831050456361122,94,144,34,135
砂森　和也,Kazuya Sunamori,CB,2,センターバック,4.017391,-0.454423,1.371393,3.648469,-0.498813,-1.866993,-0.27374,0.519177,0.259321,0.556137,0.144012,4.500970678456703,0.504758,-2.8775530000000002,5.019862,-4.500970678456703,46,139,3,132
齊藤　隆成,Ryusei Saito,CB,1,センターバック,3.032818,-0.97683,-0.550481,0.080038,-0.682949,1.201442,-2.181451,-1.414561,-0.854468,0.038285,0.03319,3.374391447935168,-4.45048,0.1863269999999999,-0.470443,-3.374391447935168,141,62,111,97
大城　蛍,Kei Oshiro,CB,3,センターバック,1.81525,-0.081574,0.292156,0.081789,0.746287,0.509499,0.55149,1.117957,-0.041637,-0.091501,-0.230466,1.8152506055938944,1.6278100000000002,0.519426,0.373945,-1.8152506055938944,31,52,40,38
柳　雄太郎,Yutaro Yanagi,CB,2,センターバック,2.672306,-3.678265,0.244569,1.245368,1.056152,-1.43149,-0.403736,-1.644898,-1.184595,-0.402524,-1.017665,5.103867887278725,-3.2332289999999997,-4.707231,1.489937,-5.103867887278725,138,148,17,139
吉田　知樹,Tomoki Yoshida,CB,3,センターバック,0.877605,0.04739,0.047043,-0.157583,0.001847,-0.041387,0.191401,-0.094087,-0.119109,-0.19679,0.809466,0.8776051310914266,-0.021795000000000023,0.202793,-0.11054,-0.8776051310914266,62,61,66,21
藤原　拓也,Takuya Fujiwara,CB,3,センターバック,2.887954,-0.545438,0.008288,1.8225,-0.001485,0.312625,-0.158486,-0.004549,-1.32536,-0.019401,-1.169149,2.887954580846451,-1.4883950000000001,-0.213412,1.830788,-2.887954580846451,124,82,13,84
堂鼻　起暉,Kazuki Dohana,CB,0,センターバック,2.996232,0.866755,-0.122468,0.710689,0.173386,0.226235,0.917391,2.960495,-0.759608,0.932071,0.194208,3.414348357420051,3.1182779999999997,0.16091900000000015,0.588221,-3.414348357420051,17,65,33,99
岡崎　慎,Makoto Okazaki,CB,1,センターバック,2.753312,0.375713,0.96748,-0.964506,-0.456933,-0.601014,-0.419845,1.204105,-0.754959,-0.410172,-0.725843,2.817042725823128,0.02930099999999991,0.18487099999999995,0.002974000000000032,-2.817042725823128,52,63,50,82
平　智広,Tomohiro Taira,CB,0,センターバック,3.020047,-0.454936,1.979961,-0.964506,-1.170227,-1.578582,0.184048,2.573166,0.43417,-0.25721,0.209744,4.275406016290967,3.191384,-1.776308,1.0154550000000002,-4.275406016290967,15,129,27,125
小林　大智,Daichi Kobayashi,CB,3,センターバック,0.48134,0.04739,0.047043,-0.157583,0.001847,-0.041387,0.191401,-0.094087,-0.119109,0.298234,0.473871,0.48133885822463995,-0.021795000000000023,-0.292231,-0.11054,-0.48133885822463995,65,85,69,3
林田　魁斗,Kaito Hayashida,CB,1,センターバック,3.048827,-0.124345,0.562488,-0.964506,0.734593,0.401616,-2.467892,-2.190053,-0.792871,-1.572259,-0.782886,4.414346878523254,-5.450816,1.8495300000000001,-0.402018,-4.414346878523254,145,16,106,131
野末　学,Satoru Nozue,CB,0,センターバック,3.345471,-0.981881,-1.056581,-0.178907,-0.20017,0.010415,1.412899,2.489636,-0.533475,-1.477965,-1.254303,4.3286844537548586,3.3690599999999997,0.5064989999999999,-1.235488,-4.3286844537548586,14,54,129,126
小西　慶太郎,Keitaro Konishi,CB,3,センターバック,0.62636,0.04739,0.047043,-0.157583,0.001847,-0.041387,0.191401,-0.094087,-0.119109,0.90339,0.939975,0.6263589451592434,-0.021795000000000023,-0.897387,-0.11054,-0.6263589451592434,67,110,71,10
増谷　幸祐,Kosuke Masutani,CB,0,センターバック,3.019916,-0.546144,1.435091,-0.964506,-0.321455,-1.1413,0.805511,1.074901,-0.491769,-1.478517,-0.644781,3.603317279316103,1.388643,-0.20892699999999986,0.4705849999999999,-3.603317279316103,33,81,36,103
小笠原　佳祐,Keisuke Ogasawara,CB,3,センターバック,1.994522,0.232565,1.192476,-0.134334,0.226419,-0.339974,-0.186017,-0.623818,-0.939731,-0.569784,0.165836,1.9945222558409823,-1.749566,0.462375,1.0581420000000001,-1.9945222558409823,127,55,26,45
宮市　剛,Tsuyoshi Miyaichi,CB,1,センターバック,3.292111,-0.226114,-0.719987,-0.964506,-1.499892,-1.390441,-2.254228,-1.277026,-1.335324,-1.28758,-0.990044,4.607728506549078,-4.866578,-0.328975,-1.684493,-4.607728506549078,142,87,138,133
グスタボ　リッシ,Gustavo Martini Rissi,CB,3,センターバック,3.094194,-0.990526,-1.057481,0.416665,-0.364977,1.941237,0.245081,-0.46198,1.586947,0.882133,0.287429,3.0941945012880168,1.3700480000000002,0.06857800000000014,-0.6408159999999998,-3.0941945012880168,34,72,116,92
藤井　葉大,Yota Fujii,CB,3,センターバック,1.213926,0.04739,0.047043,-0.157583,0.001847,-0.041387,0.191401,-0.094087,-0.119109,0.30231,1.710275,1.2139248950495247,-0.021795000000000023,-0.29630700000000004,-0.11054,-1.2139248950495247,86,86,90,24
脇本　晃成,Kosei Wakimoto,CB,3,センターバック,1.343972,0.180983,-0.307195,-0.305046,0.301434,0.588372,0.811056,-0.247088,0.527275,0.053495,0.442797,1.343971507863169,1.091243,0.71586,-0.612241,-1.343971507863169,41,47,115,27
小柳　達司,Tatsushi Koyanagi,CB,3,センターバック,0.83638,0.04739,0.047043,-0.157583,0.001847,-0.041387,0.191401,-0.094087,-0.119109,0.591955,-0.151258,0.8363790013307365,-0.021795000000000023,-0.585952,-0.11054,-0.8363790013307365,66,98,70,17
井林　章,Akira Ibayashi,CB,1,センターバック,1.399424,0.04739,0.047043,-0.157583,0.001847,-0.041387,0.191401,-0.094087,-0.119109,-0.956786,-0.206094,1.754994794163789,-0.021795000000000023,0.962789,-0.11054,-1.754994794163789,56,39,60,35
眞鍋　旭輝,Hikaru Manabe,CB,0,センターバック,3.743461,2.20965,-0.478921,-0.964506,-1.671461,-0.917991,1.711282,-0.637919,1.737961,0.358463,0.846754,4.148724066439343,2.811324,0.9331959999999999,-1.443427,-4.148724066439343,19,40,133,120
石井　光輝,Koki Ishii,CB,2,センターバック,4.189111,-0.841738,2.992442,-0.964506,-1.643216,-2.371463,-1.71285,0.162592,-1.492963,1.185175,0.986586,5.095636000537715,-3.043221,-4.398376,2.027936,-5.095636000537715,136,147,10,138
佐古　真礼,Maaya Sako,CB,3,センターバック,2.431452,1.558573,-0.321315,0.541015,0.467957,0.551842,-1.479002,0.34832,-0.147555,0.042341,0.080271,2.431451506299889,-1.2782369999999998,2.068074,0.2197,-2.431451506299889,120,15,47,63
ヴァンイヤーデン　ショーン,Shawn Van Eerden,CB,1,センターバック,2.620536,-0.482446,0.047043,-0.964506,0.849605,1.821232,0.36584,-0.329513,-1.543627,-1.621919,-1.343939,3.8865282589229944,-1.5073,2.960705,-0.9174629999999999,-3.8865282589229944,125,9,125,112
宮崎　海斗,Kaito Miyazaki,CB,3,センターバック,0.815974,0.04739,0.047043,-0.157583,0.001847,-0.041387,0.191401,-0.094087,-0.119109,1.13857,1.012481,0.8159735168698798,-0.021795000000000023,-1.132567,-0.11054,-0.8159735168698798,64,117,68,16
今瀬　淳也,Junya Imase,CB,0,センターバック,1.855637,-0.985782,0.609658,-0.964506,-1.092117,-1.037581,1.200366,0.930858,1.308145,0.033071,-0.644781,3.4583786446437585,3.439369,-2.0564340000000003,-0.35484799999999994,-3.4583786446437585,12,133,101,100
松村　厳,Gen Matsumura,CB,1,センターバック,1.197542,0.04739,0.047043,-0.157583,0.001847,-0.041387,0.191401,-0.094087,-0.119109,-1.150648,-0.729528,2.1935346715495516,-0.021795000000000023,1.1566509999999999,-0.11054,-2.1935346715495516,77,33,81,56
行德　瑛,Ei Gyotoku,CB,2,センターバック,5.33571,-3.762774,2.992442,-0.964506,-3.290832,-0.122441,-2.986705,-1.43714,-2.226394,-0.349624,-0.334045,7.354767318535645,-6.650239,-3.5355909999999997,2.027936,-7.354767318535645,147,146,11,147
濱田　水輝,Mizuki Hamada,CB,1,センターバック,2.551315,0.947666,-2.40678,-0.114748,-0.590656,1.655725,-0.846801,-0.621515,-0.681113,-1.124574,-1.407498,4.239263131769836,-2.149429,3.7279649999999998,-2.521528,-4.239263131769836,129,5,145,124
広瀬　健太,Kenta Hirose,CB,3,センターバック,0.454304,0.04739,0.047043,-0.157583,0.001847,-0.041387,0.191401,-0.094087,-0.119109,0.585448,0.354015,0.4543033020362058,-0.021795000000000023,-0.579445,-0.11054,-0.4543033020362058,72,97,76,1
藤嵜　智貴,Tomoki Fujisaki,CB,1,センターバック,1.821516,-0.193097,-1.426024,-0.964506,-0.807376,0.590949,-1.635383,-0.669355,-0.076807,-1.322208,-1.204107,3.8320820914047498,-2.381545,1.7200600000000001,-2.39053,-3.8320820914047498,130,22,144,110
遠藤　元一,Genichi Endo,CB,3,センターバック,1.558465,0.601675,-0.045,-0.046434,0.321,0.773284,0.632803,-0.043586,-0.803619,-0.291038,0.000595,1.5584648507127132,-0.21440199999999998,1.665997,-0.091434,-1.5584648507127132,100,24,55,31
田辺　陽太,Yota Tanabe,CB,3,センターバック,0.842541,0.04739,0.047043,-0.157583,0.001847,-0.041387,0.191401,-0.094087,-0.119109,0.061952,1.14793,0.8425405467477514,-0.021795000000000023,-0.055949,-0.11054,-0.8425405467477514,80,75,84,18
二ノ宮　慈洋,Jiyo Ninomiya,CB,1,センターバック,7.918593,-2.506761,-4.135422,-0.964506,-3.290832,4.601248,-2.543316,-2.390035,-2.226394,0.260508,-1.290157,8.80675194096098,-7.159745,1.833979,-5.099928,-8.80675194096098,148,17,148,149
斉藤　諒,Ryo Saito,CB,3,センターバック,2.574589,0.896555,0.860903,0.889818,1.619389,0.196321,-0.365476,-0.211493,-0.290241,-0.238089,-0.761307,2.5745884528862084,-0.86721,1.330965,1.750721,-2.5745884528862084,112,29,15,69
山内　琳太郎,Rintaro Yamauchi,CB,3,センターバック,0.503324,0.04739,0.047043,-0.157583,0.001847,-0.041387,0.191401,-0.094087,-0.119109,0.536281,0.908902,0.5033233946033107,-0.021795000000000023,-0.530278,-0.11054,-0.5033233946033107,68,92,72,4
寺阪　尚悟,Shogo Terasaka,CB,3,センターバック,2.767603,0.411824,-1.251106,0.360011,0.517095,-1.387641,0.377662,0.676978,-1.155635,-0.405759,-0.286239,2.7676034226736674,-0.10099499999999995,-0.570058,-0.891095,-2.7676034226736674,96,95,124,79
今井　那生,Naiki Imai,CB,1,センターバック,1.776569,0.04739,0.047043,-0.157583,0.001847,-0.041387,0.191401,-0.094087,-0.119109,-1.542293,0.336492,2.151590744773504,-0.021795000000000023,1.548296,-0.11054,-2.151590744773504,57,26,61,53
西野　奨太,Shota Nishino,CB,3,センターバック,2.150391,-0.721967,1.123558,-0.964506,-0.036877,-0.741888,-0.478898,-0.099325,-0.119109,0.331421,-0.11209,2.150390176833032,-0.697332,-1.795276,0.15905200000000008,-2.150390176833032,107,130,48,52
下堂　竜聖,Ryusei Shimodo,CB,0,センターバック,2.417366,0.90079,-1.057481,0.015027,0.118147,0.656674,1.168025,0.230274,1.204201,0.106075,-0.800149,2.7333793143901564,2.6025,1.451389,-1.042454,-2.7333793143901564,21,28,126,77
田中　誠太郎,Seitaro Tanaka,CB,1,センターバック,3.429127,1.434661,-0.476606,-0.964506,2.460623,-0.713232,-0.408987,-0.308566,1.032094,-1.867136,-0.365118,4.187146226276794,0.31454100000000007,2.588565,-1.441112,-4.187146226276794,50,13,132,123
都並　優太,Yuta Tsunami,CB,1,センターバック,3.545544,1.118728,-0.746571,-0.964506,0.820852,1.116721,0.0139,-0.62493,2.277979,-2.703609,-2.136317,5.338085069245899,1.6669490000000002,4.939058,-1.711077,-5.338085069245899,29,3,139,140
山内　舟征,Shusei Yamauchi,CB,3,センターバック,2.527325,-0.600542,-0.68857,1.305637,0.144197,-0.280647,1.409042,0.047506,-0.926819,-0.524893,0.18385,2.5273251304167417,0.529729,-0.35629599999999995,0.6170669999999999,-2.5273251304167417,45,88,32,67
奈良坂　巧,Takumi Narasaka,CB,3,センターバック,2.64363,1.176477,0.562488,1.336314,0.016544,0.052868,-1.556485,-1.102531,-0.443943,0.220797,0.473871,2.643630340600024,-3.102959,1.008548,1.8988019999999999,-2.643630340600024,137,38,12,72
鍋田　純志,Atsushi Nabeta,CB,1,センターバック,2.082305,0.388188,0.134626,-0.964506,0.378211,-0.512981,0.093758,-0.10897,1.194356,-1.356625,-0.924444,3.0814230943445597,1.179144,1.2318319999999998,-0.82988,-3.0814230943445597,37,32,123,91
内田　航平,Kohei Uchida,CB,3,センターバック,0.573897,0.04739,0.047043,-0.157583,0.001847,-0.041387,0.191401,-0.094087,-0.119109,0.437493,0.18385,0.5738968578159319,-0.021795000000000023,-0.43149000000000004,-0.11054,-0.5738968578159319,60,90,64,8
酒井　崇一,Shuichi Sakai,CB,1,センターバック,1.393103,0.04739,0.047043,-0.157583,0.001847,-0.041387,0.191401,-0.094087,-0.119109,-0.558354,-0.489413,1.600541413448899,-0.021795000000000023,0.564357,-0.11054,-1.600541413448899,88,49,92,32
東　廉太,Renta Higashi,CB,3,センターバック,1.062036,0.04739,0.047043,-0.157583,0.001847,-0.041387,0.191401,-0.094087,-0.119109,-0.112939,-0.136303,1.0620365350354009,-0.021795000000000023,0.11894199999999999,-0.11054,-1.0620365350354009,75,70,79,23
相馬　丞,Jo  Soma,CB,1,センターバック,1.241264,0.04739,0.047043,-0.157583,0.001847,-0.041387,0.191401,-0.094087,-0.119109,-1.491832,-1.110886,2.6917734887144573,-0.021795000000000023,1.497835,-0.11054,-2.6917734887144573,82,27,86,74
端野　拓馬,Takuma Hashino,CB,2,センターバック,3.860504,-3.209404,0.562488,0.328911,1.797661,-1.115161,-1.240445,-1.059799,-0.484339,-2.073635,-2.276148,5.7731181233458235,-2.784583,-2.25093,0.891399,-5.7731181233458235,134,136,29,142
神谷　凱士,Kaito Kamiya,CB,1,センターバック,1.668849,0.04739,0.047043,-0.157583,0.001847,-0.041387,0.191401,-0.094087,-0.119109,-1.786831,-1.92657,3.4613681785032635,-0.021795000000000023,1.792834,-0.11054,-3.4613681785032635,83,18,87,101
菊地　健太,Kenta Kikuchi,CB,1,センターバック,1.325024,0.04739,0.047043,-0.157583,0.001847,-0.041387,0.191401,-0.094087,-0.119109,-1.083205,-0.334045,1.9232919311810155,-0.021795000000000023,1.089208,-0.11054,-1.9232919311810155,84,34,88,44
ヘナン,Renan Dos Santos Paixão,CB,1,センターバック,1.34429,0.04739,0.047043,-0.157583,0.001847,-0.041387,0.191401,-0.094087,-0.119109,-0.507685,-0.924444,1.891719925761475,-0.021795000000000023,0.513688,-0.11054,-1.891719925761475,54,53,58,41
木邨　優人,Yuto  Kimura,CB,1,センターバック,1.194083,0.04739,0.047043,-0.157583,0.001847,-0.041387,0.191401,-0.094087,-0.119109,-1.275364,-0.800149,2.333406827006598,-0.021795000000000023,1.281367,-0.11054,-2.333406827006598,73,31,77,61
伊勢　渉,Wataru Ise,CB,1,センターバック,3.185313,0.715012,1.373553,-0.964506,1.069013,1.095745,0.548696,-1.271068,1.073497,-1.891123,-1.746484,4.411815391343115,0.3511249999999998,3.70188,0.40904700000000005,-4.411815391343115,49,6,39,130
大武　峻,Shun Obu,CB,1,センターバック,4.269152,1.897833,-3.082442,-0.964506,-0.376221,2.344771,0.477149,-0.712892,0.069058,-2.494281,-2.397336,6.178793741075195,-0.16668499999999997,6.736885,-4.0469479999999995,-6.178793741075195,98,1,147,143
竹内　悠力,Yuri Takeuchi,CB,1,センターバック,2.6468,0.954706,-0.157048,-0.964506,0.544859,-0.360758,0.237822,-0.530559,1.38907,-2.226597,-1.887728,4.336982030795148,1.096333,2.820545,-1.121554,-4.336982030795148,40,10,127,127
佐藤　大翔,Hiroto  Sato,CB,1,センターバック,1.269796,0.04739,0.047043,-0.157583,0.001847,-0.041387,0.191401,-0.094087,-0.119109,-0.796054,-1.238006,2.3074542096028687,-0.021795000000000023,0.802057,-0.11054,-2.3074542096028687,59,44,63,60
金城　ジャスティン俊樹,Justin Toshiki Kinjo,CB,1,センターバック,3.283503,-1.63017,0.292493,-0.964506,-0.959471,1.407848,0.341433,0.742368,1.232469,-1.050701,-1.110886,3.914407668194768,2.3162700000000003,0.8283790000000002,-0.672013,-3.914407668194768,26,43,118,114
津覇　実樹,Jitsuki Tsuha,CB,1,センターバック,1.966887,0.04739,0.047043,-0.157583,0.001847,-0.041387,0.191401,-0.094087,-0.119109,-2.611392,-1.518728,3.826727346958756,-0.021795000000000023,2.617395,-0.11054,-3.826727346958756,79,12,83,108
坂本　修佑,Shusuke Sakamoto,CB,1,センターバック,3.633326,1.07102,-1.057481,-0.964506,0.393237,1.252369,-3.284433,-1.615049,-1.343091,-1.475444,0.021083,4.905047728738427,-6.242573,3.798833,-2.0219869999999998,-4.905047728738427,146,4,141,136
平瀬　大,Dai Hirase,CB,1,センターバック,2.076311,0.04739,0.047043,-0.157583,0.001847,-0.041387,0.191401,-0.094087,-0.119109,-2.262925,-2.229538,4.0071674635965735,-0.021795000000000023,2.2689280000000003,-0.11054,-4.0071674635965735,71,14,75,116
橋内　優也,Yuya Hashiuchi,CB,1,センターバック,3.448888,1.220648,-1.057481,-0.964506,-0.788493,1.237502,1.475605,-1.340014,-0.69491,-2.703609,-2.397336,5.390569784452568,-0.559319,5.161759,-2.0219869999999998,-5.390569784452568,103,2,142,141
川上　優樹,Yuki Kawakami,CB,0,センターバック,3.042671,1.304724,0.292493,-0.964506,-1.091575,-0.303799,0.284344,0.266912,2.947995,0.737044,-0.955518,4.107718108853503,3.499251,0.26388100000000003,-0.672013,-4.107718108853503,11,58,117,119
高嶋　修也,Shuya Takashima,CB,1,センターバック,1.6293,0.04739,0.047043,-0.157583,0.001847,-0.041387,0.191401,-0.094087,-0.119109,-1.742217,-1.887728,3.40291686939117,-0.021795000000000023,1.7482199999999999,-0.11054,-3.40291686939117,91,20,95,98
工藤　駿,Shun  Kudo,CB,3,センターバック,2.847395,-0.84151,0.96748,-0.964506,-0.550874,0.939986,1.025081,-0.0298,-1.704021,0.737044,1.530375,2.847394376774668,-0.7087400000000001,-0.638568,0.002974000000000032,-2.847394376774668,108,101,51,83
國廣　周平,Shuhei Kunihiro,CB,3,センターバック,3.832804,-0.188032,0.291143,-0.964506,2.158974,2.884409,0.090833,-0.605194,-0.733121,1.673937,-0.023308,3.832804845521619,-1.2474820000000002,1.0224399999999996,-0.6733629999999999,-3.832804845521619,119,37,119,111
